{"type":"FeatureCollection","features":[{"type":"Feature","properties":{"ok":1},"geometry":{"type":"Polygon","coordinates":[[[2.22408,48.85335],[2.22681,48.85335],[2.22681,48.85515],[2.22408,48.85515],[2.22408,48.85335]]]}},{"type":"Feature","properties":{"ok":0},"geometry":{"type":"Polygon","coordinates":[[[2.22408,48.85515],[2.22681,48.85515],[2.22681,48.85695],[2.22408,48.85695],[2.22408,48.85515]]]}},{"type":"Feature","properties":{"ok":0},"geometry":{"type":"Polygon","coordinates":[[[2.22408,48.85695],[2.22681,48.85695],[2.22681,48.85875],[2.22408,48.85875],[2.22408,48.85695]]]}},{"type":"Feature","properties":{"ok":1},"geometry":{"type":"Polygon","coordinates":[[[2.22681,48.85335],[2.22955,48.85335],[2.22955,48.85515],[2.22681,48.85515],[2.22681,48.85335]]]}},{"type":"Feature","properties":{"ok":0},"geometry":{"type":"Polygon","coordinates":[[[2.22681,48.85515],[2.22955,48.85515],[2.22955,48.85695],[2.22681,48.85695],[2.22681,48.85515]]]}},{"type":"Feature","properties":{"ok":0},"geometry":{"type":"Polygon","coordinates":[[[2.22681,48.85695],[2.22955,48.85695],[2.22955,48.85875],[2.22681,48.85875],[2.22681,48.85695]]]}},{"type":"Feature","properties":{"ok":0},"geometry":{"type":"Polygon","coordinates":[[[2.22681,48.85875],[2.22955,48.85875],[2.22955,48.86055],[2.22681,48.86055],[2.22681,48.85875]]]}},{"type":"Feature","properties":{"ok":1},"geometry":{"type":"Polygon","coordinates":[[[2.22681,48.86055],[2.22955,48.86055],[2.22955,48.86234],[2.22681,48.86234],[2.22681,48.86055]]]}},{"type":"Feature","properties":{"ok":1},"geometry":{"type":"Polygon","coordinates":[[[2.22681,48.86234],[2.22955,48.86234],[2.22955,48.86414],[2.22681,48.86414],[2.22681,48.86234]]]}},{"type":"Feature","properties":{"ok":1},"geometry":{"type":"Polygon","coordinates":[[[2.22955,48.85155],[2.23228,48.85155],[2.23228,48.85335],[2.22955,48.85335],[2.22955,48.85155]]]}},{"type":"Feature","properties":{"ok":1},"geometry":{"type":"Polygon","coordinates":[[[2.22955,48.85335],[2.23228,48.85335],[2.23228,48.85515],[2.22955,48.85515],[2.22955,48.85335]]]}},{"type":"Feature","properties":{"ok":0},"geometry":{"type":"Polygon","coordinates":[[[2.22955,48.85515],[2.23228,48.85515],[2.23228,48.85695],[2.22955,48.85695],[2.22955,48.85515]]]}},{"type":"Feature","properties":{"ok":0},"geometry":{"type":"Polygon","coordinates":[[[2.22955,48.85695],[2.23228,48.85695],[2.23228,48.85875],[2.22955,48.85875],[2.22955,48.85695]]]}},{"type":"Feature","properties":{"ok":1},"geometry":{"type":"Polygon","coordinates":[[[2.22955,48.85875],[2.23228,48.85875],[2.23228,48.86055],[2.22955,48.86055],[2.22955,48.85875]]]}},{"type":"Feature","properties":{"ok":1},"geometry":{"type":"Polygon","coordinates":[[[2.22955,48.86055],[2.23228,48.86055],[2.23228,48.86234],[2.22955,48.86234],[2.22955,48.86055]]]}},{"type":"Feature","properties":{"ok":1},"geometry":{"type":"Polygon","coordinates":[[[2.22955,48.86234],[2.23228,48.86234],[2.23228,48.86414],[2.22955,48.86414],[2.22955,48.86234]]]}},{"type":"Feature","properties":{"ok":0},"geometry":{"type":"Polygon","coordinates":[[[2.22955,48.86414],[2.23228,48.86414],[2.23228,48.86594],[2.22955,48.86594],[2.22955,48.86414]]]}},{"type":"Feature","properties":{"ok":1},"geometry":{"type":"Polygon","coordinates":[[[2.22955,48.86594],[2.23228,48.86594],[2.23228,48.86774],[2.22955,48.86774],[2.22955,48.86594]]]}},{"type":"Feature","properties":{"ok":0},"geometry":{"type":"Polygon","coordinates":[[[2.23228,48.85155],[2.23501,48.85155],[2.23501,48.85335],[2.23228,48.85335],[2.23228,48.85155]]]}},{"type":"Feature","properties":{"ok":0},"geometry":{"type":"Polygon","coordinates":[[[2.23228,48.85335],[2.23501,48.85335],[2.23501,48.85515],[2.23228,48.85515],[2.23228,48.85335]]]}},{"type":"Feature","properties":{"ok":0},"geometry":{"type":"Polygon","coordinates":[[[2.23228,48.85515],[2.23501,48.85515],[2.23501,48.85695],[2.23228,48.85695],[2.23228,48.85515]]]}},{"type":"Feature","properties":{"ok":0},"geometry":{"type":"Polygon","coordinates":[[[2.23228,48.85695],[2.23501,48.85695],[2.23501,48.85875],[2.23228,48.85875],[2.23228,48.85695]]]}},{"type":"Feature","properties":{"ok":0},"geometry":{"type":"Polygon","coordinates":[[[2.23228,48.85875],[2.23501,48.85875],[2.23501,48.86055],[2.23228,48.86055],[2.23228,48.85875]]]}},{"type":"Feature","properties":{"ok":0},"geometry":{"type":"Polygon","coordinates":[[[2.23228,48.86055],[2.23501,48.86055],[2.23501,48.86234],[2.23228,48.86234],[2.23228,48.86055]]]}},{"type":"Feature","properties":{"ok":1},"geometry":{"type":"Polygon","coordinates":[[[2.23228,48.86234],[2.23501,48.86234],[2.23501,48.86414],[2.23228,48.86414],[2.23228,48.86234]]]}},{"type":"Feature","properties":{"ok":1},"geometry":{"type":"Polygon","coordinates":[[[2.23228,48.86414],[2.23501,48.86414],[2.23501,48.86594],[2.23228,48.86594],[2.23228,48.86414]]]}},{"type":"Feature","properties":{"ok":1},"geometry":{"type":"Polygon","coordinates":[[[2.23228,48.86594],[2.23501,48.86594],[2.23501,48.86774],[2.23228,48.86774],[2.23228,48.86594]]]}},{"type":"Feature","properties":{"ok":1},"geometry":{"type":"Polygon","coordinates":[[[2.23228,48.86774],[2.23501,48.86774],[2.23501,48.86954],[2.23228,48.86954],[2.23228,48.86774]]]}},{"type":"Feature","properties":{"ok":1},"geometry":{"type":"Polygon","coordinates":[[[2.23501,48.85155],[2.23775,48.85155],[2.23775,48.85335],[2.23501,48.85335],[2.23501,48.85155]]]}},{"type":"Feature","properties":{"ok":0},"geometry":{"type":"Polygon","coordinates":[[[2.23501,48.85335],[2.23775,48.85335],[2.23775,48.85515],[2.23501,48.85515],[2.23501,48.85335]]]}},{"type":"Feature","properties":{"ok":0},"geometry":{"type":"Polygon","coordinates":[[[2.23501,48.85515],[2.23775,48.85515],[2.23775,48.85695],[2.23501,48.85695],[2.23501,48.85515]]]}},{"type":"Feature","properties":{"ok":0},"geometry":{"type":"Polygon","coordinates":[[[2.23501,48.85695],[2.23775,48.85695],[2.23775,48.85875],[2.23501,48.85875],[2.23501,48.85695]]]}},{"type":"Feature","properties":{"ok":0},"geometry":{"type":"Polygon","coordinates":[[[2.23501,48.85875],[2.23775,48.85875],[2.23775,48.86055],[2.23501,48.86055],[2.23501,48.85875]]]}},{"type":"Feature","properties":{"ok":0},"geometry":{"type":"Polygon","coordinates":[[[2.23501,48.86055],[2.23775,48.86055],[2.23775,48.86234],[2.23501,48.86234],[2.23501,48.86055]]]}},{"type":"Feature","properties":{"ok":1},"geometry":{"type":"Polygon","coordinates":[[[2.23501,48.86234],[2.23775,48.86234],[2.23775,48.86414],[2.23501,48.86414],[2.23501,48.86234]]]}},{"type":"Feature","properties":{"ok":1},"geometry":{"type":"Polygon","coordinates":[[[2.23501,48.86414],[2.23775,48.86414],[2.23775,48.86594],[2.23501,48.86594],[2.23501,48.86414]]]}},{"type":"Feature","properties":{"ok":1},"geometry":{"type":"Polygon","coordinates":[[[2.23501,48.86594],[2.23775,48.86594],[2.23775,48.86774],[2.23501,48.86774],[2.23501,48.86594]]]}},{"type":"Feature","properties":{"ok":1},"geometry":{"type":"Polygon","coordinates":[[[2.23501,48.86774],[2.23775,48.86774],[2.23775,48.86954],[2.23501,48.86954],[2.23501,48.86774]]]}},{"type":"Feature","properties":{"ok":0},"geometry":{"type":"Polygon","coordinates":[[[2.23501,48.86954],[2.23775,48.86954],[2.23775,48.87134],[2.23501,48.87134],[2.23501,48.86954]]]}},{"type":"Feature","properties":{"ok":1},"geometry":{"type":"Polygon","coordinates":[[[2.23775,48.84975],[2.24048,48.84975],[2.24048,48.85155],[2.23775,48.85155],[2.23775,48.84975]]]}},{"type":"Feature","properties":{"ok":1},"geometry":{"type":"Polygon","coordinates":[[[2.23775,48.85155],[2.24048,48.85155],[2.24048,48.85335],[2.23775,48.85335],[2.23775,48.85155]]]}},{"type":"Feature","properties":{"ok":1},"geometry":{"type":"Polygon","coordinates":[[[2.23775,48.85335],[2.24048,48.85335],[2.24048,48.85515],[2.23775,48.85515],[2.23775,48.85335]]]}},{"type":"Feature","properties":{"ok":0},"geometry":{"type":"Polygon","coordinates":[[[2.23775,48.85515],[2.24048,48.85515],[2.24048,48.85695],[2.23775,48.85695],[2.23775,48.85515]]]}},{"type":"Feature","properties":{"ok":0},"geometry":{"type":"Polygon","coordinates":[[[2.23775,48.85695],[2.24048,48.85695],[2.24048,48.85875],[2.23775,48.85875],[2.23775,48.85695]]]}},{"type":"Feature","properties":{"ok":0},"geometry":{"type":"Polygon","coordinates":[[[2.23775,48.85875],[2.24048,48.85875],[2.24048,48.86055],[2.23775,48.86055],[2.23775,48.85875]]]}},{"type":"Feature","properties":{"ok":1},"geometry":{"type":"Polygon","coordinates":[[[2.23775,48.86055],[2.24048,48.86055],[2.24048,48.86234],[2.23775,48.86234],[2.23775,48.86055]]]}},{"type":"Feature","properties":{"ok":1},"geometry":{"type":"Polygon","coordinates":[[[2.23775,48.86234],[2.24048,48.86234],[2.24048,48.86414],[2.23775,48.86414],[2.23775,48.86234]]]}},{"type":"Feature","properties":{"ok":1},"geometry":{"type":"Polygon","coordinates":[[[2.23775,48.86414],[2.24048,48.86414],[2.24048,48.86594],[2.23775,48.86594],[2.23775,48.86414]]]}},{"type":"Feature","properties":{"ok":1},"geometry":{"type":"Polygon","coordinates":[[[2.23775,48.86594],[2.24048,48.86594],[2.24048,48.86774],[2.23775,48.86774],[2.23775,48.86594]]]}},{"type":"Feature","properties":{"ok":1},"geometry":{"type":"Polygon","coordinates":[[[2.23775,48.86774],[2.24048,48.86774],[2.24048,48.86954],[2.23775,48.86954],[2.23775,48.86774]]]}},{"type":"Feature","properties":{"ok":0},"geometry":{"type":"Polygon","coordinates":[[[2.23775,48.86954],[2.24048,48.86954],[2.24048,48.87134],[2.23775,48.87134],[2.23775,48.86954]]]}},{"type":"Feature","properties":{"ok":1},"geometry":{"type":"Polygon","coordinates":[[[2.24048,48.84796],[2.24322,48.84796],[2.24322,48.84975],[2.24048,48.84975],[2.24048,48.84796]]]}},{"type":"Feature","properties":{"ok":1},"geometry":{"type":"Polygon","coordinates":[[[2.24048,48.84975],[2.24322,48.84975],[2.24322,48.85155],[2.24048,48.85155],[2.24048,48.84975]]]}},{"type":"Feature","properties":{"ok":1},"geometry":{"type":"Polygon","coordinates":[[[2.24048,48.85155],[2.24322,48.85155],[2.24322,48.85335],[2.24048,48.85335],[2.24048,48.85155]]]}},{"type":"Feature","properties":{"ok":1},"geometry":{"type":"Polygon","coordinates":[[[2.24048,48.85335],[2.24322,48.85335],[2.24322,48.85515],[2.24048,48.85515],[2.24048,48.85335]]]}},{"type":"Feature","properties":{"ok":1},"geometry":{"type":"Polygon","coordinates":[[[2.24048,48.85515],[2.24322,48.85515],[2.24322,48.85695],[2.24048,48.85695],[2.24048,48.85515]]]}},{"type":"Feature","properties":{"ok":1},"geometry":{"type":"Polygon","coordinates":[[[2.24048,48.85695],[2.24322,48.85695],[2.24322,48.85875],[2.24048,48.85875],[2.24048,48.85695]]]}},{"type":"Feature","properties":{"ok":0},"geometry":{"type":"Polygon","coordinates":[[[2.24048,48.85875],[2.24322,48.85875],[2.24322,48.86055],[2.24048,48.86055],[2.24048,48.85875]]]}},{"type":"Feature","properties":{"ok":1},"geometry":{"type":"Polygon","coordinates":[[[2.24048,48.86055],[2.24322,48.86055],[2.24322,48.86234],[2.24048,48.86234],[2.24048,48.86055]]]}},{"type":"Feature","properties":{"ok":1},"geometry":{"type":"Polygon","coordinates":[[[2.24048,48.86234],[2.24322,48.86234],[2.24322,48.86414],[2.24048,48.86414],[2.24048,48.86234]]]}},{"type":"Feature","properties":{"ok":1},"geometry":{"type":"Polygon","coordinates":[[[2.24048,48.86414],[2.24322,48.86414],[2.24322,48.86594],[2.24048,48.86594],[2.24048,48.86414]]]}},{"type":"Feature","properties":{"ok":1},"geometry":{"type":"Polygon","coordinates":[[[2.24048,48.86594],[2.24322,48.86594],[2.24322,48.86774],[2.24048,48.86774],[2.24048,48.86594]]]}},{"type":"Feature","properties":{"ok":1},"geometry":{"type":"Polygon","coordinates":[[[2.24048,48.86774],[2.24322,48.86774],[2.24322,48.86954],[2.24048,48.86954],[2.24048,48.86774]]]}},{"type":"Feature","properties":{"ok":1},"geometry":{"type":"Polygon","coordinates":[[[2.24048,48.86954],[2.24322,48.86954],[2.24322,48.87134],[2.24048,48.87134],[2.24048,48.86954]]]}},{"type":"Feature","properties":{"ok":0},"geometry":{"type":"Polygon","coordinates":[[[2.24048,48.87134],[2.24322,48.87134],[2.24322,48.87314],[2.24048,48.87314],[2.24048,48.87134]]]}},{"type":"Feature","properties":{"ok":1},"geometry":{"type":"Polygon","coordinates":[[[2.24322,48.84796],[2.24595,48.84796],[2.24595,48.84975],[2.24322,48.84975],[2.24322,48.84796]]]}},{"type":"Feature","properties":{"ok":1},"geometry":{"type":"Polygon","coordinates":[[[2.24322,48.84975],[2.24595,48.84975],[2.24595,48.85155],[2.24322,48.85155],[2.24322,48.84975]]]}},{"type":"Feature","properties":{"ok":1},"geometry":{"type":"Polygon","coordinates":[[[2.24322,48.85155],[2.24595,48.85155],[2.24595,48.85335],[2.24322,48.85335],[2.24322,48.85155]]]}},{"type":"Feature","properties":{"ok":1},"geometry":{"type":"Polygon","coordinates":[[[2.24322,48.85335],[2.24595,48.85335],[2.24595,48.85515],[2.24322,48.85515],[2.24322,48.85335]]]}},{"type":"Feature","properties":{"ok":1},"geometry":{"type":"Polygon","coordinates":[[[2.24322,48.85515],[2.24595,48.85515],[2.24595,48.85695],[2.24322,48.85695],[2.24322,48.85515]]]}},{"type":"Feature","properties":{"ok":1},"geometry":{"type":"Polygon","coordinates":[[[2.24322,48.85695],[2.24595,48.85695],[2.24595,48.85875],[2.24322,48.85875],[2.24322,48.85695]]]}},{"type":"Feature","properties":{"ok":1},"geometry":{"type":"Polygon","coordinates":[[[2.24322,48.85875],[2.24595,48.85875],[2.24595,48.86055],[2.24322,48.86055],[2.24322,48.85875]]]}},{"type":"Feature","properties":{"ok":1},"geometry":{"type":"Polygon","coordinates":[[[2.24322,48.86055],[2.24595,48.86055],[2.24595,48.86234],[2.24322,48.86234],[2.24322,48.86055]]]}},{"type":"Feature","properties":{"ok":1},"geometry":{"type":"Polygon","coordinates":[[[2.24322,48.86234],[2.24595,48.86234],[2.24595,48.86414],[2.24322,48.86414],[2.24322,48.86234]]]}},{"type":"Feature","properties":{"ok":0},"geometry":{"type":"Polygon","coordinates":[[[2.24322,48.86414],[2.24595,48.86414],[2.24595,48.86594],[2.24322,48.86594],[2.24322,48.86414]]]}},{"type":"Feature","properties":{"ok":1},"geometry":{"type":"Polygon","coordinates":[[[2.24322,48.86594],[2.24595,48.86594],[2.24595,48.86774],[2.24322,48.86774],[2.24322,48.86594]]]}},{"type":"Feature","properties":{"ok":1},"geometry":{"type":"Polygon","coordinates":[[[2.24322,48.86774],[2.24595,48.86774],[2.24595,48.86954],[2.24322,48.86954],[2.24322,48.86774]]]}},{"type":"Feature","properties":{"ok":1},"geometry":{"type":"Polygon","coordinates":[[[2.24322,48.86954],[2.24595,48.86954],[2.24595,48.87134],[2.24322,48.87134],[2.24322,48.86954]]]}},{"type":"Feature","properties":{"ok":1},"geometry":{"type":"Polygon","coordinates":[[[2.24322,48.87134],[2.24595,48.87134],[2.24595,48.87314],[2.24322,48.87314],[2.24322,48.87134]]]}},{"type":"Feature","properties":{"ok":1},"geometry":{"type":"Polygon","coordinates":[[[2.24322,48.87314],[2.24595,48.87314],[2.24595,48.87494],[2.24322,48.87494],[2.24322,48.87314]]]}},{"type":"Feature","properties":{"ok":1},"geometry":{"type":"Polygon","coordinates":[[[2.24595,48.84616],[2.24868,48.84616],[2.24868,48.84796],[2.24595,48.84796],[2.24595,48.84616]]]}},{"type":"Feature","properties":{"ok":1},"geometry":{"type":"Polygon","coordinates":[[[2.24595,48.84796],[2.24868,48.84796],[2.24868,48.84975],[2.24595,48.84975],[2.24595,48.84796]]]}},{"type":"Feature","properties":{"ok":1},"geometry":{"type":"Polygon","coordinates":[[[2.24595,48.84975],[2.24868,48.84975],[2.24868,48.85155],[2.24595,48.85155],[2.24595,48.84975]]]}},{"type":"Feature","properties":{"ok":1},"geometry":{"type":"Polygon","coordinates":[[[2.24595,48.85155],[2.24868,48.85155],[2.24868,48.85335],[2.24595,48.85335],[2.24595,48.85155]]]}},{"type":"Feature","properties":{"ok":0},"geometry":{"type":"Polygon","coordinates":[[[2.24595,48.85335],[2.24868,48.85335],[2.24868,48.85515],[2.24595,48.85515],[2.24595,48.85335]]]}},{"type":"Feature","properties":{"ok":0},"geometry":{"type":"Polygon","coordinates":[[[2.24595,48.85515],[2.24868,48.85515],[2.24868,48.85695],[2.24595,48.85695],[2.24595,48.85515]]]}},{"type":"Feature","properties":{"ok":1},"geometry":{"type":"Polygon","coordinates":[[[2.24595,48.85695],[2.24868,48.85695],[2.24868,48.85875],[2.24595,48.85875],[2.24595,48.85695]]]}},{"type":"Feature","properties":{"ok":1},"geometry":{"type":"Polygon","coordinates":[[[2.24595,48.85875],[2.24868,48.85875],[2.24868,48.86055],[2.24595,48.86055],[2.24595,48.85875]]]}},{"type":"Feature","properties":{"ok":1},"geometry":{"type":"Polygon","coordinates":[[[2.24595,48.86055],[2.24868,48.86055],[2.24868,48.86234],[2.24595,48.86234],[2.24595,48.86055]]]}},{"type":"Feature","properties":{"ok":1},"geometry":{"type":"Polygon","coordinates":[[[2.24595,48.86234],[2.24868,48.86234],[2.24868,48.86414],[2.24595,48.86414],[2.24595,48.86234]]]}},{"type":"Feature","properties":{"ok":1},"geometry":{"type":"Polygon","coordinates":[[[2.24595,48.86414],[2.24868,48.86414],[2.24868,48.86594],[2.24595,48.86594],[2.24595,48.86414]]]}},{"type":"Feature","properties":{"ok":1},"geometry":{"type":"Polygon","coordinates":[[[2.24595,48.86594],[2.24868,48.86594],[2.24868,48.86774],[2.24595,48.86774],[2.24595,48.86594]]]}},{"type":"Feature","properties":{"ok":1},"geometry":{"type":"Polygon","coordinates":[[[2.24595,48.86774],[2.24868,48.86774],[2.24868,48.86954],[2.24595,48.86954],[2.24595,48.86774]]]}},{"type":"Feature","properties":{"ok":1},"geometry":{"type":"Polygon","coordinates":[[[2.24595,48.86954],[2.24868,48.86954],[2.24868,48.87134],[2.24595,48.87134],[2.24595,48.86954]]]}},{"type":"Feature","properties":{"ok":1},"geometry":{"type":"Polygon","coordinates":[[[2.24595,48.87134],[2.24868,48.87134],[2.24868,48.87314],[2.24595,48.87314],[2.24595,48.87134]]]}},{"type":"Feature","properties":{"ok":1},"geometry":{"type":"Polygon","coordinates":[[[2.24595,48.87314],[2.24868,48.87314],[2.24868,48.87494],[2.24595,48.87494],[2.24595,48.87314]]]}},{"type":"Feature","properties":{"ok":1},"geometry":{"type":"Polygon","coordinates":[[[2.24595,48.87494],[2.24868,48.87494],[2.24868,48.87673],[2.24595,48.87673],[2.24595,48.87494]]]}},{"type":"Feature","properties":{"ok":1},"geometry":{"type":"Polygon","coordinates":[[[2.24868,48.84616],[2.25142,48.84616],[2.25142,48.84796],[2.24868,48.84796],[2.24868,48.84616]]]}},{"type":"Feature","properties":{"ok":1},"geometry":{"type":"Polygon","coordinates":[[[2.24868,48.84796],[2.25142,48.84796],[2.25142,48.84975],[2.24868,48.84975],[2.24868,48.84796]]]}},{"type":"Feature","properties":{"ok":1},"geometry":{"type":"Polygon","coordinates":[[[2.24868,48.84975],[2.25142,48.84975],[2.25142,48.85155],[2.24868,48.85155],[2.24868,48.84975]]]}},{"type":"Feature","properties":{"ok":1},"geometry":{"type":"Polygon","coordinates":[[[2.24868,48.85155],[2.25142,48.85155],[2.25142,48.85335],[2.24868,48.85335],[2.24868,48.85155]]]}},{"type":"Feature","properties":{"ok":0},"geometry":{"type":"Polygon","coordinates":[[[2.24868,48.85335],[2.25142,48.85335],[2.25142,48.85515],[2.24868,48.85515],[2.24868,48.85335]]]}},{"type":"Feature","properties":{"ok":1},"geometry":{"type":"Polygon","coordinates":[[[2.24868,48.85515],[2.25142,48.85515],[2.25142,48.85695],[2.24868,48.85695],[2.24868,48.85515]]]}},{"type":"Feature","properties":{"ok":1},"geometry":{"type":"Polygon","coordinates":[[[2.24868,48.85695],[2.25142,48.85695],[2.25142,48.85875],[2.24868,48.85875],[2.24868,48.85695]]]}},{"type":"Feature","properties":{"ok":0},"geometry":{"type":"Polygon","coordinates":[[[2.24868,48.85875],[2.25142,48.85875],[2.25142,48.86055],[2.24868,48.86055],[2.24868,48.85875]]]}},{"type":"Feature","properties":{"ok":1},"geometry":{"type":"Polygon","coordinates":[[[2.24868,48.86055],[2.25142,48.86055],[2.25142,48.86234],[2.24868,48.86234],[2.24868,48.86055]]]}},{"type":"Feature","properties":{"ok":1},"geometry":{"type":"Polygon","coordinates":[[[2.24868,48.86234],[2.25142,48.86234],[2.25142,48.86414],[2.24868,48.86414],[2.24868,48.86234]]]}},{"type":"Feature","properties":{"ok":1},"geometry":{"type":"Polygon","coordinates":[[[2.24868,48.86414],[2.25142,48.86414],[2.25142,48.86594],[2.24868,48.86594],[2.24868,48.86414]]]}},{"type":"Feature","properties":{"ok":1},"geometry":{"type":"Polygon","coordinates":[[[2.24868,48.86594],[2.25142,48.86594],[2.25142,48.86774],[2.24868,48.86774],[2.24868,48.86594]]]}},{"type":"Feature","properties":{"ok":1},"geometry":{"type":"Polygon","coordinates":[[[2.24868,48.86774],[2.25142,48.86774],[2.25142,48.86954],[2.24868,48.86954],[2.24868,48.86774]]]}},{"type":"Feature","properties":{"ok":1},"geometry":{"type":"Polygon","coordinates":[[[2.24868,48.86954],[2.25142,48.86954],[2.25142,48.87134],[2.24868,48.87134],[2.24868,48.86954]]]}},{"type":"Feature","properties":{"ok":1},"geometry":{"type":"Polygon","coordinates":[[[2.24868,48.87134],[2.25142,48.87134],[2.25142,48.87314],[2.24868,48.87314],[2.24868,48.87134]]]}},{"type":"Feature","properties":{"ok":1},"geometry":{"type":"Polygon","coordinates":[[[2.24868,48.87314],[2.25142,48.87314],[2.25142,48.87494],[2.24868,48.87494],[2.24868,48.87314]]]}},{"type":"Feature","properties":{"ok":1},"geometry":{"type":"Polygon","coordinates":[[[2.25142,48.83716],[2.25415,48.83716],[2.25415,48.83896],[2.25142,48.83896],[2.25142,48.83716]]]}},{"type":"Feature","properties":{"ok":1},"geometry":{"type":"Polygon","coordinates":[[[2.25142,48.83896],[2.25415,48.83896],[2.25415,48.84076],[2.25142,48.84076],[2.25142,48.83896]]]}},{"type":"Feature","properties":{"ok":1},"geometry":{"type":"Polygon","coordinates":[[[2.25142,48.84076],[2.25415,48.84076],[2.25415,48.84256],[2.25142,48.84256],[2.25142,48.84076]]]}},{"type":"Feature","properties":{"ok":1},"geometry":{"type":"Polygon","coordinates":[[[2.25142,48.84256],[2.25415,48.84256],[2.25415,48.84436],[2.25142,48.84436],[2.25142,48.84256]]]}},{"type":"Feature","properties":{"ok":1},"geometry":{"type":"Polygon","coordinates":[[[2.25142,48.84436],[2.25415,48.84436],[2.25415,48.84616],[2.25142,48.84616],[2.25142,48.84436]]]}},{"type":"Feature","properties":{"ok":1},"geometry":{"type":"Polygon","coordinates":[[[2.25142,48.84616],[2.25415,48.84616],[2.25415,48.84796],[2.25142,48.84796],[2.25142,48.84616]]]}},{"type":"Feature","properties":{"ok":1},"geometry":{"type":"Polygon","coordinates":[[[2.25142,48.84796],[2.25415,48.84796],[2.25415,48.84975],[2.25142,48.84975],[2.25142,48.84796]]]}},{"type":"Feature","properties":{"ok":1},"geometry":{"type":"Polygon","coordinates":[[[2.25142,48.84975],[2.25415,48.84975],[2.25415,48.85155],[2.25142,48.85155],[2.25142,48.84975]]]}},{"type":"Feature","properties":{"ok":1},"geometry":{"type":"Polygon","coordinates":[[[2.25142,48.85155],[2.25415,48.85155],[2.25415,48.85335],[2.25142,48.85335],[2.25142,48.85155]]]}},{"type":"Feature","properties":{"ok":1},"geometry":{"type":"Polygon","coordinates":[[[2.25142,48.85335],[2.25415,48.85335],[2.25415,48.85515],[2.25142,48.85515],[2.25142,48.85335]]]}},{"type":"Feature","properties":{"ok":1},"geometry":{"type":"Polygon","coordinates":[[[2.25142,48.85515],[2.25415,48.85515],[2.25415,48.85695],[2.25142,48.85695],[2.25142,48.85515]]]}},{"type":"Feature","properties":{"ok":1},"geometry":{"type":"Polygon","coordinates":[[[2.25142,48.85695],[2.25415,48.85695],[2.25415,48.85875],[2.25142,48.85875],[2.25142,48.85695]]]}},{"type":"Feature","properties":{"ok":0},"geometry":{"type":"Polygon","coordinates":[[[2.25142,48.85875],[2.25415,48.85875],[2.25415,48.86055],[2.25142,48.86055],[2.25142,48.85875]]]}},{"type":"Feature","properties":{"ok":1},"geometry":{"type":"Polygon","coordinates":[[[2.25142,48.86055],[2.25415,48.86055],[2.25415,48.86234],[2.25142,48.86234],[2.25142,48.86055]]]}},{"type":"Feature","properties":{"ok":1},"geometry":{"type":"Polygon","coordinates":[[[2.25142,48.86234],[2.25415,48.86234],[2.25415,48.86414],[2.25142,48.86414],[2.25142,48.86234]]]}},{"type":"Feature","properties":{"ok":1},"geometry":{"type":"Polygon","coordinates":[[[2.25142,48.86414],[2.25415,48.86414],[2.25415,48.86594],[2.25142,48.86594],[2.25142,48.86414]]]}},{"type":"Feature","properties":{"ok":1},"geometry":{"type":"Polygon","coordinates":[[[2.25142,48.86594],[2.25415,48.86594],[2.25415,48.86774],[2.25142,48.86774],[2.25142,48.86594]]]}},{"type":"Feature","properties":{"ok":1},"geometry":{"type":"Polygon","coordinates":[[[2.25142,48.86774],[2.25415,48.86774],[2.25415,48.86954],[2.25142,48.86954],[2.25142,48.86774]]]}},{"type":"Feature","properties":{"ok":1},"geometry":{"type":"Polygon","coordinates":[[[2.25142,48.86954],[2.25415,48.86954],[2.25415,48.87134],[2.25142,48.87134],[2.25142,48.86954]]]}},{"type":"Feature","properties":{"ok":1},"geometry":{"type":"Polygon","coordinates":[[[2.25142,48.87134],[2.25415,48.87134],[2.25415,48.87314],[2.25142,48.87314],[2.25142,48.87134]]]}},{"type":"Feature","properties":{"ok":1},"geometry":{"type":"Polygon","coordinates":[[[2.25142,48.87314],[2.25415,48.87314],[2.25415,48.87494],[2.25142,48.87494],[2.25142,48.87314]]]}},{"type":"Feature","properties":{"ok":1},"geometry":{"type":"Polygon","coordinates":[[[2.25415,48.83537],[2.25688,48.83537],[2.25688,48.83716],[2.25415,48.83716],[2.25415,48.83537]]]}},{"type":"Feature","properties":{"ok":1},"geometry":{"type":"Polygon","coordinates":[[[2.25415,48.83716],[2.25688,48.83716],[2.25688,48.83896],[2.25415,48.83896],[2.25415,48.83716]]]}},{"type":"Feature","properties":{"ok":1},"geometry":{"type":"Polygon","coordinates":[[[2.25415,48.83896],[2.25688,48.83896],[2.25688,48.84076],[2.25415,48.84076],[2.25415,48.83896]]]}},{"type":"Feature","properties":{"ok":1},"geometry":{"type":"Polygon","coordinates":[[[2.25415,48.84076],[2.25688,48.84076],[2.25688,48.84256],[2.25415,48.84256],[2.25415,48.84076]]]}},{"type":"Feature","properties":{"ok":1},"geometry":{"type":"Polygon","coordinates":[[[2.25415,48.84256],[2.25688,48.84256],[2.25688,48.84436],[2.25415,48.84436],[2.25415,48.84256]]]}},{"type":"Feature","properties":{"ok":1},"geometry":{"type":"Polygon","coordinates":[[[2.25415,48.84436],[2.25688,48.84436],[2.25688,48.84616],[2.25415,48.84616],[2.25415,48.84436]]]}},{"type":"Feature","properties":{"ok":1},"geometry":{"type":"Polygon","coordinates":[[[2.25415,48.84616],[2.25688,48.84616],[2.25688,48.84796],[2.25415,48.84796],[2.25415,48.84616]]]}},{"type":"Feature","properties":{"ok":1},"geometry":{"type":"Polygon","coordinates":[[[2.25415,48.84796],[2.25688,48.84796],[2.25688,48.84975],[2.25415,48.84975],[2.25415,48.84796]]]}},{"type":"Feature","properties":{"ok":1},"geometry":{"type":"Polygon","coordinates":[[[2.25415,48.84975],[2.25688,48.84975],[2.25688,48.85155],[2.25415,48.85155],[2.25415,48.84975]]]}},{"type":"Feature","properties":{"ok":1},"geometry":{"type":"Polygon","coordinates":[[[2.25415,48.85155],[2.25688,48.85155],[2.25688,48.85335],[2.25415,48.85335],[2.25415,48.85155]]]}},{"type":"Feature","properties":{"ok":1},"geometry":{"type":"Polygon","coordinates":[[[2.25415,48.85335],[2.25688,48.85335],[2.25688,48.85515],[2.25415,48.85515],[2.25415,48.85335]]]}},{"type":"Feature","properties":{"ok":1},"geometry":{"type":"Polygon","coordinates":[[[2.25415,48.85515],[2.25688,48.85515],[2.25688,48.85695],[2.25415,48.85695],[2.25415,48.85515]]]}},{"type":"Feature","properties":{"ok":1},"geometry":{"type":"Polygon","coordinates":[[[2.25415,48.85695],[2.25688,48.85695],[2.25688,48.85875],[2.25415,48.85875],[2.25415,48.85695]]]}},{"type":"Feature","properties":{"ok":1},"geometry":{"type":"Polygon","coordinates":[[[2.25415,48.85875],[2.25688,48.85875],[2.25688,48.86055],[2.25415,48.86055],[2.25415,48.85875]]]}},{"type":"Feature","properties":{"ok":1},"geometry":{"type":"Polygon","coordinates":[[[2.25415,48.86055],[2.25688,48.86055],[2.25688,48.86234],[2.25415,48.86234],[2.25415,48.86055]]]}},{"type":"Feature","properties":{"ok":1},"geometry":{"type":"Polygon","coordinates":[[[2.25415,48.86234],[2.25688,48.86234],[2.25688,48.86414],[2.25415,48.86414],[2.25415,48.86234]]]}},{"type":"Feature","properties":{"ok":1},"geometry":{"type":"Polygon","coordinates":[[[2.25415,48.86414],[2.25688,48.86414],[2.25688,48.86594],[2.25415,48.86594],[2.25415,48.86414]]]}},{"type":"Feature","properties":{"ok":1},"geometry":{"type":"Polygon","coordinates":[[[2.25415,48.86594],[2.25688,48.86594],[2.25688,48.86774],[2.25415,48.86774],[2.25415,48.86594]]]}},{"type":"Feature","properties":{"ok":1},"geometry":{"type":"Polygon","coordinates":[[[2.25415,48.86774],[2.25688,48.86774],[2.25688,48.86954],[2.25415,48.86954],[2.25415,48.86774]]]}},{"type":"Feature","properties":{"ok":1},"geometry":{"type":"Polygon","coordinates":[[[2.25415,48.86954],[2.25688,48.86954],[2.25688,48.87134],[2.25415,48.87134],[2.25415,48.86954]]]}},{"type":"Feature","properties":{"ok":1},"geometry":{"type":"Polygon","coordinates":[[[2.25415,48.87134],[2.25688,48.87134],[2.25688,48.87314],[2.25415,48.87314],[2.25415,48.87134]]]}},{"type":"Feature","properties":{"ok":1},"geometry":{"type":"Polygon","coordinates":[[[2.25415,48.87314],[2.25688,48.87314],[2.25688,48.87494],[2.25415,48.87494],[2.25415,48.87314]]]}},{"type":"Feature","properties":{"ok":1},"geometry":{"type":"Polygon","coordinates":[[[2.25688,48.83357],[2.25962,48.83357],[2.25962,48.83537],[2.25688,48.83537],[2.25688,48.83357]]]}},{"type":"Feature","properties":{"ok":1},"geometry":{"type":"Polygon","coordinates":[[[2.25688,48.83537],[2.25962,48.83537],[2.25962,48.83716],[2.25688,48.83716],[2.25688,48.83537]]]}},{"type":"Feature","properties":{"ok":1},"geometry":{"type":"Polygon","coordinates":[[[2.25688,48.83716],[2.25962,48.83716],[2.25962,48.83896],[2.25688,48.83896],[2.25688,48.83716]]]}},{"type":"Feature","properties":{"ok":1},"geometry":{"type":"Polygon","coordinates":[[[2.25688,48.83896],[2.25962,48.83896],[2.25962,48.84076],[2.25688,48.84076],[2.25688,48.83896]]]}},{"type":"Feature","properties":{"ok":1},"geometry":{"type":"Polygon","coordinates":[[[2.25688,48.84076],[2.25962,48.84076],[2.25962,48.84256],[2.25688,48.84256],[2.25688,48.84076]]]}},{"type":"Feature","properties":{"ok":1},"geometry":{"type":"Polygon","coordinates":[[[2.25688,48.84256],[2.25962,48.84256],[2.25962,48.84436],[2.25688,48.84436],[2.25688,48.84256]]]}},{"type":"Feature","properties":{"ok":1},"geometry":{"type":"Polygon","coordinates":[[[2.25688,48.84436],[2.25962,48.84436],[2.25962,48.84616],[2.25688,48.84616],[2.25688,48.84436]]]}},{"type":"Feature","properties":{"ok":1},"geometry":{"type":"Polygon","coordinates":[[[2.25688,48.84616],[2.25962,48.84616],[2.25962,48.84796],[2.25688,48.84796],[2.25688,48.84616]]]}},{"type":"Feature","properties":{"ok":1},"geometry":{"type":"Polygon","coordinates":[[[2.25688,48.84796],[2.25962,48.84796],[2.25962,48.84975],[2.25688,48.84975],[2.25688,48.84796]]]}},{"type":"Feature","properties":{"ok":1},"geometry":{"type":"Polygon","coordinates":[[[2.25688,48.84975],[2.25962,48.84975],[2.25962,48.85155],[2.25688,48.85155],[2.25688,48.84975]]]}},{"type":"Feature","properties":{"ok":1},"geometry":{"type":"Polygon","coordinates":[[[2.25688,48.85155],[2.25962,48.85155],[2.25962,48.85335],[2.25688,48.85335],[2.25688,48.85155]]]}},{"type":"Feature","properties":{"ok":1},"geometry":{"type":"Polygon","coordinates":[[[2.25688,48.85335],[2.25962,48.85335],[2.25962,48.85515],[2.25688,48.85515],[2.25688,48.85335]]]}},{"type":"Feature","properties":{"ok":0},"geometry":{"type":"Polygon","coordinates":[[[2.25688,48.85515],[2.25962,48.85515],[2.25962,48.85695],[2.25688,48.85695],[2.25688,48.85515]]]}},{"type":"Feature","properties":{"ok":1},"geometry":{"type":"Polygon","coordinates":[[[2.25688,48.85695],[2.25962,48.85695],[2.25962,48.85875],[2.25688,48.85875],[2.25688,48.85695]]]}},{"type":"Feature","properties":{"ok":0},"geometry":{"type":"Polygon","coordinates":[[[2.25688,48.85875],[2.25962,48.85875],[2.25962,48.86055],[2.25688,48.86055],[2.25688,48.85875]]]}},{"type":"Feature","properties":{"ok":1},"geometry":{"type":"Polygon","coordinates":[[[2.25688,48.86055],[2.25962,48.86055],[2.25962,48.86234],[2.25688,48.86234],[2.25688,48.86055]]]}},{"type":"Feature","properties":{"ok":1},"geometry":{"type":"Polygon","coordinates":[[[2.25688,48.86234],[2.25962,48.86234],[2.25962,48.86414],[2.25688,48.86414],[2.25688,48.86234]]]}},{"type":"Feature","properties":{"ok":1},"geometry":{"type":"Polygon","coordinates":[[[2.25688,48.86414],[2.25962,48.86414],[2.25962,48.86594],[2.25688,48.86594],[2.25688,48.86414]]]}},{"type":"Feature","properties":{"ok":1},"geometry":{"type":"Polygon","coordinates":[[[2.25688,48.86594],[2.25962,48.86594],[2.25962,48.86774],[2.25688,48.86774],[2.25688,48.86594]]]}},{"type":"Feature","properties":{"ok":0},"geometry":{"type":"Polygon","coordinates":[[[2.25688,48.86774],[2.25962,48.86774],[2.25962,48.86954],[2.25688,48.86954],[2.25688,48.86774]]]}},{"type":"Feature","properties":{"ok":1},"geometry":{"type":"Polygon","coordinates":[[[2.25688,48.86954],[2.25962,48.86954],[2.25962,48.87134],[2.25688,48.87134],[2.25688,48.86954]]]}},{"type":"Feature","properties":{"ok":1},"geometry":{"type":"Polygon","coordinates":[[[2.25688,48.87134],[2.25962,48.87134],[2.25962,48.87314],[2.25688,48.87314],[2.25688,48.87134]]]}},{"type":"Feature","properties":{"ok":1},"geometry":{"type":"Polygon","coordinates":[[[2.25688,48.87314],[2.25962,48.87314],[2.25962,48.87494],[2.25688,48.87494],[2.25688,48.87314]]]}},{"type":"Feature","properties":{"ok":1},"geometry":{"type":"Polygon","coordinates":[[[2.25688,48.87494],[2.25962,48.87494],[2.25962,48.87673],[2.25688,48.87673],[2.25688,48.87494]]]}},{"type":"Feature","properties":{"ok":1},"geometry":{"type":"Polygon","coordinates":[[[2.25688,48.87673],[2.25962,48.87673],[2.25962,48.87853],[2.25688,48.87853],[2.25688,48.87673]]]}},{"type":"Feature","properties":{"ok":1},"geometry":{"type":"Polygon","coordinates":[[[2.25688,48.87853],[2.25962,48.87853],[2.25962,48.88033],[2.25688,48.88033],[2.25688,48.87853]]]}},{"type":"Feature","properties":{"ok":1},"geometry":{"type":"Polygon","coordinates":[[[2.25962,48.83357],[2.26235,48.83357],[2.26235,48.83537],[2.25962,48.83537],[2.25962,48.83357]]]}},{"type":"Feature","properties":{"ok":1},"geometry":{"type":"Polygon","coordinates":[[[2.25962,48.83537],[2.26235,48.83537],[2.26235,48.83716],[2.25962,48.83716],[2.25962,48.83537]]]}},{"type":"Feature","properties":{"ok":1},"geometry":{"type":"Polygon","coordinates":[[[2.25962,48.83716],[2.26235,48.83716],[2.26235,48.83896],[2.25962,48.83896],[2.25962,48.83716]]]}},{"type":"Feature","properties":{"ok":1},"geometry":{"type":"Polygon","coordinates":[[[2.25962,48.83896],[2.26235,48.83896],[2.26235,48.84076],[2.25962,48.84076],[2.25962,48.83896]]]}},{"type":"Feature","properties":{"ok":1},"geometry":{"type":"Polygon","coordinates":[[[2.25962,48.84076],[2.26235,48.84076],[2.26235,48.84256],[2.25962,48.84256],[2.25962,48.84076]]]}},{"type":"Feature","properties":{"ok":1},"geometry":{"type":"Polygon","coordinates":[[[2.25962,48.84256],[2.26235,48.84256],[2.26235,48.84436],[2.25962,48.84436],[2.25962,48.84256]]]}},{"type":"Feature","properties":{"ok":1},"geometry":{"type":"Polygon","coordinates":[[[2.25962,48.84436],[2.26235,48.84436],[2.26235,48.84616],[2.25962,48.84616],[2.25962,48.84436]]]}},{"type":"Feature","properties":{"ok":1},"geometry":{"type":"Polygon","coordinates":[[[2.25962,48.84616],[2.26235,48.84616],[2.26235,48.84796],[2.25962,48.84796],[2.25962,48.84616]]]}},{"type":"Feature","properties":{"ok":1},"geometry":{"type":"Polygon","coordinates":[[[2.25962,48.84796],[2.26235,48.84796],[2.26235,48.84975],[2.25962,48.84975],[2.25962,48.84796]]]}},{"type":"Feature","properties":{"ok":1},"geometry":{"type":"Polygon","coordinates":[[[2.25962,48.84975],[2.26235,48.84975],[2.26235,48.85155],[2.25962,48.85155],[2.25962,48.84975]]]}},{"type":"Feature","properties":{"ok":1},"geometry":{"type":"Polygon","coordinates":[[[2.25962,48.85155],[2.26235,48.85155],[2.26235,48.85335],[2.25962,48.85335],[2.25962,48.85155]]]}},{"type":"Feature","properties":{"ok":1},"geometry":{"type":"Polygon","coordinates":[[[2.25962,48.85335],[2.26235,48.85335],[2.26235,48.85515],[2.25962,48.85515],[2.25962,48.85335]]]}},{"type":"Feature","properties":{"ok":1},"geometry":{"type":"Polygon","coordinates":[[[2.25962,48.85515],[2.26235,48.85515],[2.26235,48.85695],[2.25962,48.85695],[2.25962,48.85515]]]}},{"type":"Feature","properties":{"ok":1},"geometry":{"type":"Polygon","coordinates":[[[2.25962,48.85695],[2.26235,48.85695],[2.26235,48.85875],[2.25962,48.85875],[2.25962,48.85695]]]}},{"type":"Feature","properties":{"ok":0},"geometry":{"type":"Polygon","coordinates":[[[2.25962,48.85875],[2.26235,48.85875],[2.26235,48.86055],[2.25962,48.86055],[2.25962,48.85875]]]}},{"type":"Feature","properties":{"ok":1},"geometry":{"type":"Polygon","coordinates":[[[2.25962,48.86055],[2.26235,48.86055],[2.26235,48.86234],[2.25962,48.86234],[2.25962,48.86055]]]}},{"type":"Feature","properties":{"ok":1},"geometry":{"type":"Polygon","coordinates":[[[2.25962,48.86234],[2.26235,48.86234],[2.26235,48.86414],[2.25962,48.86414],[2.25962,48.86234]]]}},{"type":"Feature","properties":{"ok":1},"geometry":{"type":"Polygon","coordinates":[[[2.25962,48.86414],[2.26235,48.86414],[2.26235,48.86594],[2.25962,48.86594],[2.25962,48.86414]]]}},{"type":"Feature","properties":{"ok":1},"geometry":{"type":"Polygon","coordinates":[[[2.25962,48.86594],[2.26235,48.86594],[2.26235,48.86774],[2.25962,48.86774],[2.25962,48.86594]]]}},{"type":"Feature","properties":{"ok":0},"geometry":{"type":"Polygon","coordinates":[[[2.25962,48.86774],[2.26235,48.86774],[2.26235,48.86954],[2.25962,48.86954],[2.25962,48.86774]]]}},{"type":"Feature","properties":{"ok":1},"geometry":{"type":"Polygon","coordinates":[[[2.25962,48.86954],[2.26235,48.86954],[2.26235,48.87134],[2.25962,48.87134],[2.25962,48.86954]]]}},{"type":"Feature","properties":{"ok":1},"geometry":{"type":"Polygon","coordinates":[[[2.25962,48.87134],[2.26235,48.87134],[2.26235,48.87314],[2.25962,48.87314],[2.25962,48.87134]]]}},{"type":"Feature","properties":{"ok":1},"geometry":{"type":"Polygon","coordinates":[[[2.25962,48.87314],[2.26235,48.87314],[2.26235,48.87494],[2.25962,48.87494],[2.25962,48.87314]]]}},{"type":"Feature","properties":{"ok":1},"geometry":{"type":"Polygon","coordinates":[[[2.25962,48.87494],[2.26235,48.87494],[2.26235,48.87673],[2.25962,48.87673],[2.25962,48.87494]]]}},{"type":"Feature","properties":{"ok":1},"geometry":{"type":"Polygon","coordinates":[[[2.25962,48.87673],[2.26235,48.87673],[2.26235,48.87853],[2.25962,48.87853],[2.25962,48.87673]]]}},{"type":"Feature","properties":{"ok":1},"geometry":{"type":"Polygon","coordinates":[[[2.25962,48.87853],[2.26235,48.87853],[2.26235,48.88033],[2.25962,48.88033],[2.25962,48.87853]]]}},{"type":"Feature","properties":{"ok":1},"geometry":{"type":"Polygon","coordinates":[[[2.26235,48.83357],[2.26509,48.83357],[2.26509,48.83537],[2.26235,48.83537],[2.26235,48.83357]]]}},{"type":"Feature","properties":{"ok":1},"geometry":{"type":"Polygon","coordinates":[[[2.26235,48.83537],[2.26509,48.83537],[2.26509,48.83716],[2.26235,48.83716],[2.26235,48.83537]]]}},{"type":"Feature","properties":{"ok":1},"geometry":{"type":"Polygon","coordinates":[[[2.26235,48.83716],[2.26509,48.83716],[2.26509,48.83896],[2.26235,48.83896],[2.26235,48.83716]]]}},{"type":"Feature","properties":{"ok":1},"geometry":{"type":"Polygon","coordinates":[[[2.26235,48.83896],[2.26509,48.83896],[2.26509,48.84076],[2.26235,48.84076],[2.26235,48.83896]]]}},{"type":"Feature","properties":{"ok":1},"geometry":{"type":"Polygon","coordinates":[[[2.26235,48.84076],[2.26509,48.84076],[2.26509,48.84256],[2.26235,48.84256],[2.26235,48.84076]]]}},{"type":"Feature","properties":{"ok":1},"geometry":{"type":"Polygon","coordinates":[[[2.26235,48.84256],[2.26509,48.84256],[2.26509,48.84436],[2.26235,48.84436],[2.26235,48.84256]]]}},{"type":"Feature","properties":{"ok":1},"geometry":{"type":"Polygon","coordinates":[[[2.26235,48.84436],[2.26509,48.84436],[2.26509,48.84616],[2.26235,48.84616],[2.26235,48.84436]]]}},{"type":"Feature","properties":{"ok":1},"geometry":{"type":"Polygon","coordinates":[[[2.26235,48.84616],[2.26509,48.84616],[2.26509,48.84796],[2.26235,48.84796],[2.26235,48.84616]]]}},{"type":"Feature","properties":{"ok":1},"geometry":{"type":"Polygon","coordinates":[[[2.26235,48.84796],[2.26509,48.84796],[2.26509,48.84975],[2.26235,48.84975],[2.26235,48.84796]]]}},{"type":"Feature","properties":{"ok":1},"geometry":{"type":"Polygon","coordinates":[[[2.26235,48.84975],[2.26509,48.84975],[2.26509,48.85155],[2.26235,48.85155],[2.26235,48.84975]]]}},{"type":"Feature","properties":{"ok":1},"geometry":{"type":"Polygon","coordinates":[[[2.26235,48.85155],[2.26509,48.85155],[2.26509,48.85335],[2.26235,48.85335],[2.26235,48.85155]]]}},{"type":"Feature","properties":{"ok":1},"geometry":{"type":"Polygon","coordinates":[[[2.26235,48.85335],[2.26509,48.85335],[2.26509,48.85515],[2.26235,48.85515],[2.26235,48.85335]]]}},{"type":"Feature","properties":{"ok":1},"geometry":{"type":"Polygon","coordinates":[[[2.26235,48.85515],[2.26509,48.85515],[2.26509,48.85695],[2.26235,48.85695],[2.26235,48.85515]]]}},{"type":"Feature","properties":{"ok":1},"geometry":{"type":"Polygon","coordinates":[[[2.26235,48.85695],[2.26509,48.85695],[2.26509,48.85875],[2.26235,48.85875],[2.26235,48.85695]]]}},{"type":"Feature","properties":{"ok":1},"geometry":{"type":"Polygon","coordinates":[[[2.26235,48.85875],[2.26509,48.85875],[2.26509,48.86055],[2.26235,48.86055],[2.26235,48.85875]]]}},{"type":"Feature","properties":{"ok":1},"geometry":{"type":"Polygon","coordinates":[[[2.26235,48.86055],[2.26509,48.86055],[2.26509,48.86234],[2.26235,48.86234],[2.26235,48.86055]]]}},{"type":"Feature","properties":{"ok":1},"geometry":{"type":"Polygon","coordinates":[[[2.26235,48.86234],[2.26509,48.86234],[2.26509,48.86414],[2.26235,48.86414],[2.26235,48.86234]]]}},{"type":"Feature","properties":{"ok":1},"geometry":{"type":"Polygon","coordinates":[[[2.26235,48.86414],[2.26509,48.86414],[2.26509,48.86594],[2.26235,48.86594],[2.26235,48.86414]]]}},{"type":"Feature","properties":{"ok":1},"geometry":{"type":"Polygon","coordinates":[[[2.26235,48.86594],[2.26509,48.86594],[2.26509,48.86774],[2.26235,48.86774],[2.26235,48.86594]]]}},{"type":"Feature","properties":{"ok":1},"geometry":{"type":"Polygon","coordinates":[[[2.26235,48.86774],[2.26509,48.86774],[2.26509,48.86954],[2.26235,48.86954],[2.26235,48.86774]]]}},{"type":"Feature","properties":{"ok":1},"geometry":{"type":"Polygon","coordinates":[[[2.26235,48.86954],[2.26509,48.86954],[2.26509,48.87134],[2.26235,48.87134],[2.26235,48.86954]]]}},{"type":"Feature","properties":{"ok":1},"geometry":{"type":"Polygon","coordinates":[[[2.26235,48.87134],[2.26509,48.87134],[2.26509,48.87314],[2.26235,48.87314],[2.26235,48.87134]]]}},{"type":"Feature","properties":{"ok":1},"geometry":{"type":"Polygon","coordinates":[[[2.26235,48.87314],[2.26509,48.87314],[2.26509,48.87494],[2.26235,48.87494],[2.26235,48.87314]]]}},{"type":"Feature","properties":{"ok":1},"geometry":{"type":"Polygon","coordinates":[[[2.26235,48.87494],[2.26509,48.87494],[2.26509,48.87673],[2.26235,48.87673],[2.26235,48.87494]]]}},{"type":"Feature","properties":{"ok":1},"geometry":{"type":"Polygon","coordinates":[[[2.26235,48.87673],[2.26509,48.87673],[2.26509,48.87853],[2.26235,48.87853],[2.26235,48.87673]]]}},{"type":"Feature","properties":{"ok":0},"geometry":{"type":"Polygon","coordinates":[[[2.26235,48.87853],[2.26509,48.87853],[2.26509,48.88033],[2.26235,48.88033],[2.26235,48.87853]]]}},{"type":"Feature","properties":{"ok":1},"geometry":{"type":"Polygon","coordinates":[[[2.26509,48.83537],[2.26782,48.83537],[2.26782,48.83716],[2.26509,48.83716],[2.26509,48.83537]]]}},{"type":"Feature","properties":{"ok":1},"geometry":{"type":"Polygon","coordinates":[[[2.26509,48.83716],[2.26782,48.83716],[2.26782,48.83896],[2.26509,48.83896],[2.26509,48.83716]]]}},{"type":"Feature","properties":{"ok":1},"geometry":{"type":"Polygon","coordinates":[[[2.26509,48.83896],[2.26782,48.83896],[2.26782,48.84076],[2.26509,48.84076],[2.26509,48.83896]]]}},{"type":"Feature","properties":{"ok":1},"geometry":{"type":"Polygon","coordinates":[[[2.26509,48.84076],[2.26782,48.84076],[2.26782,48.84256],[2.26509,48.84256],[2.26509,48.84076]]]}},{"type":"Feature","properties":{"ok":1},"geometry":{"type":"Polygon","coordinates":[[[2.26509,48.84256],[2.26782,48.84256],[2.26782,48.84436],[2.26509,48.84436],[2.26509,48.84256]]]}},{"type":"Feature","properties":{"ok":1},"geometry":{"type":"Polygon","coordinates":[[[2.26509,48.84436],[2.26782,48.84436],[2.26782,48.84616],[2.26509,48.84616],[2.26509,48.84436]]]}},{"type":"Feature","properties":{"ok":1},"geometry":{"type":"Polygon","coordinates":[[[2.26509,48.84616],[2.26782,48.84616],[2.26782,48.84796],[2.26509,48.84796],[2.26509,48.84616]]]}},{"type":"Feature","properties":{"ok":1},"geometry":{"type":"Polygon","coordinates":[[[2.26509,48.84796],[2.26782,48.84796],[2.26782,48.84975],[2.26509,48.84975],[2.26509,48.84796]]]}},{"type":"Feature","properties":{"ok":1},"geometry":{"type":"Polygon","coordinates":[[[2.26509,48.84975],[2.26782,48.84975],[2.26782,48.85155],[2.26509,48.85155],[2.26509,48.84975]]]}},{"type":"Feature","properties":{"ok":1},"geometry":{"type":"Polygon","coordinates":[[[2.26509,48.85155],[2.26782,48.85155],[2.26782,48.85335],[2.26509,48.85335],[2.26509,48.85155]]]}},{"type":"Feature","properties":{"ok":1},"geometry":{"type":"Polygon","coordinates":[[[2.26509,48.85335],[2.26782,48.85335],[2.26782,48.85515],[2.26509,48.85515],[2.26509,48.85335]]]}},{"type":"Feature","properties":{"ok":1},"geometry":{"type":"Polygon","coordinates":[[[2.26509,48.85515],[2.26782,48.85515],[2.26782,48.85695],[2.26509,48.85695],[2.26509,48.85515]]]}},{"type":"Feature","properties":{"ok":1},"geometry":{"type":"Polygon","coordinates":[[[2.26509,48.85695],[2.26782,48.85695],[2.26782,48.85875],[2.26509,48.85875],[2.26509,48.85695]]]}},{"type":"Feature","properties":{"ok":1},"geometry":{"type":"Polygon","coordinates":[[[2.26509,48.85875],[2.26782,48.85875],[2.26782,48.86055],[2.26509,48.86055],[2.26509,48.85875]]]}},{"type":"Feature","properties":{"ok":1},"geometry":{"type":"Polygon","coordinates":[[[2.26509,48.86055],[2.26782,48.86055],[2.26782,48.86234],[2.26509,48.86234],[2.26509,48.86055]]]}},{"type":"Feature","properties":{"ok":1},"geometry":{"type":"Polygon","coordinates":[[[2.26509,48.86234],[2.26782,48.86234],[2.26782,48.86414],[2.26509,48.86414],[2.26509,48.86234]]]}},{"type":"Feature","properties":{"ok":1},"geometry":{"type":"Polygon","coordinates":[[[2.26509,48.86414],[2.26782,48.86414],[2.26782,48.86594],[2.26509,48.86594],[2.26509,48.86414]]]}},{"type":"Feature","properties":{"ok":1},"geometry":{"type":"Polygon","coordinates":[[[2.26509,48.86594],[2.26782,48.86594],[2.26782,48.86774],[2.26509,48.86774],[2.26509,48.86594]]]}},{"type":"Feature","properties":{"ok":1},"geometry":{"type":"Polygon","coordinates":[[[2.26509,48.86774],[2.26782,48.86774],[2.26782,48.86954],[2.26509,48.86954],[2.26509,48.86774]]]}},{"type":"Feature","properties":{"ok":1},"geometry":{"type":"Polygon","coordinates":[[[2.26509,48.86954],[2.26782,48.86954],[2.26782,48.87134],[2.26509,48.87134],[2.26509,48.86954]]]}},{"type":"Feature","properties":{"ok":1},"geometry":{"type":"Polygon","coordinates":[[[2.26509,48.87134],[2.26782,48.87134],[2.26782,48.87314],[2.26509,48.87314],[2.26509,48.87134]]]}},{"type":"Feature","properties":{"ok":1},"geometry":{"type":"Polygon","coordinates":[[[2.26509,48.87314],[2.26782,48.87314],[2.26782,48.87494],[2.26509,48.87494],[2.26509,48.87314]]]}},{"type":"Feature","properties":{"ok":1},"geometry":{"type":"Polygon","coordinates":[[[2.26509,48.87494],[2.26782,48.87494],[2.26782,48.87673],[2.26509,48.87673],[2.26509,48.87494]]]}},{"type":"Feature","properties":{"ok":1},"geometry":{"type":"Polygon","coordinates":[[[2.26509,48.87673],[2.26782,48.87673],[2.26782,48.87853],[2.26509,48.87853],[2.26509,48.87673]]]}},{"type":"Feature","properties":{"ok":1},"geometry":{"type":"Polygon","coordinates":[[[2.26782,48.82817],[2.27055,48.82817],[2.27055,48.82997],[2.26782,48.82997],[2.26782,48.82817]]]}},{"type":"Feature","properties":{"ok":0},"geometry":{"type":"Polygon","coordinates":[[[2.26782,48.82997],[2.27055,48.82997],[2.27055,48.83177],[2.26782,48.83177],[2.26782,48.82997]]]}},{"type":"Feature","properties":{"ok":0},"geometry":{"type":"Polygon","coordinates":[[[2.26782,48.83357],[2.27055,48.83357],[2.27055,48.83537],[2.26782,48.83537],[2.26782,48.83357]]]}},{"type":"Feature","properties":{"ok":0},"geometry":{"type":"Polygon","coordinates":[[[2.26782,48.83537],[2.27055,48.83537],[2.27055,48.83716],[2.26782,48.83716],[2.26782,48.83537]]]}},{"type":"Feature","properties":{"ok":1},"geometry":{"type":"Polygon","coordinates":[[[2.26782,48.83716],[2.27055,48.83716],[2.27055,48.83896],[2.26782,48.83896],[2.26782,48.83716]]]}},{"type":"Feature","properties":{"ok":1},"geometry":{"type":"Polygon","coordinates":[[[2.26782,48.83896],[2.27055,48.83896],[2.27055,48.84076],[2.26782,48.84076],[2.26782,48.83896]]]}},{"type":"Feature","properties":{"ok":1},"geometry":{"type":"Polygon","coordinates":[[[2.26782,48.84076],[2.27055,48.84076],[2.27055,48.84256],[2.26782,48.84256],[2.26782,48.84076]]]}},{"type":"Feature","properties":{"ok":1},"geometry":{"type":"Polygon","coordinates":[[[2.26782,48.84256],[2.27055,48.84256],[2.27055,48.84436],[2.26782,48.84436],[2.26782,48.84256]]]}},{"type":"Feature","properties":{"ok":1},"geometry":{"type":"Polygon","coordinates":[[[2.26782,48.84436],[2.27055,48.84436],[2.27055,48.84616],[2.26782,48.84616],[2.26782,48.84436]]]}},{"type":"Feature","properties":{"ok":1},"geometry":{"type":"Polygon","coordinates":[[[2.26782,48.84616],[2.27055,48.84616],[2.27055,48.84796],[2.26782,48.84796],[2.26782,48.84616]]]}},{"type":"Feature","properties":{"ok":1},"geometry":{"type":"Polygon","coordinates":[[[2.26782,48.84796],[2.27055,48.84796],[2.27055,48.84975],[2.26782,48.84975],[2.26782,48.84796]]]}},{"type":"Feature","properties":{"ok":1},"geometry":{"type":"Polygon","coordinates":[[[2.26782,48.84975],[2.27055,48.84975],[2.27055,48.85155],[2.26782,48.85155],[2.26782,48.84975]]]}},{"type":"Feature","properties":{"ok":1},"geometry":{"type":"Polygon","coordinates":[[[2.26782,48.85155],[2.27055,48.85155],[2.27055,48.85335],[2.26782,48.85335],[2.26782,48.85155]]]}},{"type":"Feature","properties":{"ok":1},"geometry":{"type":"Polygon","coordinates":[[[2.26782,48.85335],[2.27055,48.85335],[2.27055,48.85515],[2.26782,48.85515],[2.26782,48.85335]]]}},{"type":"Feature","properties":{"ok":1},"geometry":{"type":"Polygon","coordinates":[[[2.26782,48.85515],[2.27055,48.85515],[2.27055,48.85695],[2.26782,48.85695],[2.26782,48.85515]]]}},{"type":"Feature","properties":{"ok":1},"geometry":{"type":"Polygon","coordinates":[[[2.26782,48.85695],[2.27055,48.85695],[2.27055,48.85875],[2.26782,48.85875],[2.26782,48.85695]]]}},{"type":"Feature","properties":{"ok":1},"geometry":{"type":"Polygon","coordinates":[[[2.26782,48.85875],[2.27055,48.85875],[2.27055,48.86055],[2.26782,48.86055],[2.26782,48.85875]]]}},{"type":"Feature","properties":{"ok":1},"geometry":{"type":"Polygon","coordinates":[[[2.26782,48.86055],[2.27055,48.86055],[2.27055,48.86234],[2.26782,48.86234],[2.26782,48.86055]]]}},{"type":"Feature","properties":{"ok":1},"geometry":{"type":"Polygon","coordinates":[[[2.26782,48.86234],[2.27055,48.86234],[2.27055,48.86414],[2.26782,48.86414],[2.26782,48.86234]]]}},{"type":"Feature","properties":{"ok":1},"geometry":{"type":"Polygon","coordinates":[[[2.26782,48.86414],[2.27055,48.86414],[2.27055,48.86594],[2.26782,48.86594],[2.26782,48.86414]]]}},{"type":"Feature","properties":{"ok":1},"geometry":{"type":"Polygon","coordinates":[[[2.26782,48.86594],[2.27055,48.86594],[2.27055,48.86774],[2.26782,48.86774],[2.26782,48.86594]]]}},{"type":"Feature","properties":{"ok":1},"geometry":{"type":"Polygon","coordinates":[[[2.26782,48.86774],[2.27055,48.86774],[2.27055,48.86954],[2.26782,48.86954],[2.26782,48.86774]]]}},{"type":"Feature","properties":{"ok":1},"geometry":{"type":"Polygon","coordinates":[[[2.26782,48.86954],[2.27055,48.86954],[2.27055,48.87134],[2.26782,48.87134],[2.26782,48.86954]]]}},{"type":"Feature","properties":{"ok":0},"geometry":{"type":"Polygon","coordinates":[[[2.26782,48.87134],[2.27055,48.87134],[2.27055,48.87314],[2.26782,48.87314],[2.26782,48.87134]]]}},{"type":"Feature","properties":{"ok":1},"geometry":{"type":"Polygon","coordinates":[[[2.26782,48.87314],[2.27055,48.87314],[2.27055,48.87494],[2.26782,48.87494],[2.26782,48.87314]]]}},{"type":"Feature","properties":{"ok":1},"geometry":{"type":"Polygon","coordinates":[[[2.26782,48.87494],[2.27055,48.87494],[2.27055,48.87673],[2.26782,48.87673],[2.26782,48.87494]]]}},{"type":"Feature","properties":{"ok":1},"geometry":{"type":"Polygon","coordinates":[[[2.26782,48.87673],[2.27055,48.87673],[2.27055,48.87853],[2.26782,48.87853],[2.26782,48.87673]]]}},{"type":"Feature","properties":{"ok":1},"geometry":{"type":"Polygon","coordinates":[[[2.27055,48.82817],[2.27329,48.82817],[2.27329,48.82997],[2.27055,48.82997],[2.27055,48.82817]]]}},{"type":"Feature","properties":{"ok":0},"geometry":{"type":"Polygon","coordinates":[[[2.27055,48.82997],[2.27329,48.82997],[2.27329,48.83177],[2.27055,48.83177],[2.27055,48.82997]]]}},{"type":"Feature","properties":{"ok":0},"geometry":{"type":"Polygon","coordinates":[[[2.27055,48.83177],[2.27329,48.83177],[2.27329,48.83357],[2.27055,48.83357],[2.27055,48.83177]]]}},{"type":"Feature","properties":{"ok":0},"geometry":{"type":"Polygon","coordinates":[[[2.27055,48.83357],[2.27329,48.83357],[2.27329,48.83537],[2.27055,48.83537],[2.27055,48.83357]]]}},{"type":"Feature","properties":{"ok":1},"geometry":{"type":"Polygon","coordinates":[[[2.27055,48.83537],[2.27329,48.83537],[2.27329,48.83716],[2.27055,48.83716],[2.27055,48.83537]]]}},{"type":"Feature","properties":{"ok":1},"geometry":{"type":"Polygon","coordinates":[[[2.27055,48.83716],[2.27329,48.83716],[2.27329,48.83896],[2.27055,48.83896],[2.27055,48.83716]]]}},{"type":"Feature","properties":{"ok":1},"geometry":{"type":"Polygon","coordinates":[[[2.27055,48.83896],[2.27329,48.83896],[2.27329,48.84076],[2.27055,48.84076],[2.27055,48.83896]]]}},{"type":"Feature","properties":{"ok":1},"geometry":{"type":"Polygon","coordinates":[[[2.27055,48.84076],[2.27329,48.84076],[2.27329,48.84256],[2.27055,48.84256],[2.27055,48.84076]]]}},{"type":"Feature","properties":{"ok":1},"geometry":{"type":"Polygon","coordinates":[[[2.27055,48.84256],[2.27329,48.84256],[2.27329,48.84436],[2.27055,48.84436],[2.27055,48.84256]]]}},{"type":"Feature","properties":{"ok":1},"geometry":{"type":"Polygon","coordinates":[[[2.27055,48.84436],[2.27329,48.84436],[2.27329,48.84616],[2.27055,48.84616],[2.27055,48.84436]]]}},{"type":"Feature","properties":{"ok":1},"geometry":{"type":"Polygon","coordinates":[[[2.27055,48.84616],[2.27329,48.84616],[2.27329,48.84796],[2.27055,48.84796],[2.27055,48.84616]]]}},{"type":"Feature","properties":{"ok":1},"geometry":{"type":"Polygon","coordinates":[[[2.27055,48.84796],[2.27329,48.84796],[2.27329,48.84975],[2.27055,48.84975],[2.27055,48.84796]]]}},{"type":"Feature","properties":{"ok":1},"geometry":{"type":"Polygon","coordinates":[[[2.27055,48.84975],[2.27329,48.84975],[2.27329,48.85155],[2.27055,48.85155],[2.27055,48.84975]]]}},{"type":"Feature","properties":{"ok":1},"geometry":{"type":"Polygon","coordinates":[[[2.27055,48.85155],[2.27329,48.85155],[2.27329,48.85335],[2.27055,48.85335],[2.27055,48.85155]]]}},{"type":"Feature","properties":{"ok":1},"geometry":{"type":"Polygon","coordinates":[[[2.27055,48.85335],[2.27329,48.85335],[2.27329,48.85515],[2.27055,48.85515],[2.27055,48.85335]]]}},{"type":"Feature","properties":{"ok":1},"geometry":{"type":"Polygon","coordinates":[[[2.27055,48.85515],[2.27329,48.85515],[2.27329,48.85695],[2.27055,48.85695],[2.27055,48.85515]]]}},{"type":"Feature","properties":{"ok":1},"geometry":{"type":"Polygon","coordinates":[[[2.27055,48.85695],[2.27329,48.85695],[2.27329,48.85875],[2.27055,48.85875],[2.27055,48.85695]]]}},{"type":"Feature","properties":{"ok":1},"geometry":{"type":"Polygon","coordinates":[[[2.27055,48.85875],[2.27329,48.85875],[2.27329,48.86055],[2.27055,48.86055],[2.27055,48.85875]]]}},{"type":"Feature","properties":{"ok":1},"geometry":{"type":"Polygon","coordinates":[[[2.27055,48.86055],[2.27329,48.86055],[2.27329,48.86234],[2.27055,48.86234],[2.27055,48.86055]]]}},{"type":"Feature","properties":{"ok":1},"geometry":{"type":"Polygon","coordinates":[[[2.27055,48.86234],[2.27329,48.86234],[2.27329,48.86414],[2.27055,48.86414],[2.27055,48.86234]]]}},{"type":"Feature","properties":{"ok":1},"geometry":{"type":"Polygon","coordinates":[[[2.27055,48.86414],[2.27329,48.86414],[2.27329,48.86594],[2.27055,48.86594],[2.27055,48.86414]]]}},{"type":"Feature","properties":{"ok":1},"geometry":{"type":"Polygon","coordinates":[[[2.27055,48.86594],[2.27329,48.86594],[2.27329,48.86774],[2.27055,48.86774],[2.27055,48.86594]]]}},{"type":"Feature","properties":{"ok":1},"geometry":{"type":"Polygon","coordinates":[[[2.27055,48.86774],[2.27329,48.86774],[2.27329,48.86954],[2.27055,48.86954],[2.27055,48.86774]]]}},{"type":"Feature","properties":{"ok":1},"geometry":{"type":"Polygon","coordinates":[[[2.27055,48.86954],[2.27329,48.86954],[2.27329,48.87134],[2.27055,48.87134],[2.27055,48.86954]]]}},{"type":"Feature","properties":{"ok":1},"geometry":{"type":"Polygon","coordinates":[[[2.27055,48.87134],[2.27329,48.87134],[2.27329,48.87314],[2.27055,48.87314],[2.27055,48.87134]]]}},{"type":"Feature","properties":{"ok":1},"geometry":{"type":"Polygon","coordinates":[[[2.27055,48.87314],[2.27329,48.87314],[2.27329,48.87494],[2.27055,48.87494],[2.27055,48.87314]]]}},{"type":"Feature","properties":{"ok":1},"geometry":{"type":"Polygon","coordinates":[[[2.27055,48.87494],[2.27329,48.87494],[2.27329,48.87673],[2.27055,48.87673],[2.27055,48.87494]]]}},{"type":"Feature","properties":{"ok":1},"geometry":{"type":"Polygon","coordinates":[[[2.27055,48.87673],[2.27329,48.87673],[2.27329,48.87853],[2.27055,48.87853],[2.27055,48.87673]]]}},{"type":"Feature","properties":{"ok":1},"geometry":{"type":"Polygon","coordinates":[[[2.27329,48.82997],[2.27602,48.82997],[2.27602,48.83177],[2.27329,48.83177],[2.27329,48.82997]]]}},{"type":"Feature","properties":{"ok":0},"geometry":{"type":"Polygon","coordinates":[[[2.27329,48.83177],[2.27602,48.83177],[2.27602,48.83357],[2.27329,48.83357],[2.27329,48.83177]]]}},{"type":"Feature","properties":{"ok":0},"geometry":{"type":"Polygon","coordinates":[[[2.27329,48.83357],[2.27602,48.83357],[2.27602,48.83537],[2.27329,48.83537],[2.27329,48.83357]]]}},{"type":"Feature","properties":{"ok":1},"geometry":{"type":"Polygon","coordinates":[[[2.27329,48.83537],[2.27602,48.83537],[2.27602,48.83716],[2.27329,48.83716],[2.27329,48.83537]]]}},{"type":"Feature","properties":{"ok":1},"geometry":{"type":"Polygon","coordinates":[[[2.27329,48.83716],[2.27602,48.83716],[2.27602,48.83896],[2.27329,48.83896],[2.27329,48.83716]]]}},{"type":"Feature","properties":{"ok":1},"geometry":{"type":"Polygon","coordinates":[[[2.27329,48.83896],[2.27602,48.83896],[2.27602,48.84076],[2.27329,48.84076],[2.27329,48.83896]]]}},{"type":"Feature","properties":{"ok":1},"geometry":{"type":"Polygon","coordinates":[[[2.27329,48.84076],[2.27602,48.84076],[2.27602,48.84256],[2.27329,48.84256],[2.27329,48.84076]]]}},{"type":"Feature","properties":{"ok":1},"geometry":{"type":"Polygon","coordinates":[[[2.27329,48.84256],[2.27602,48.84256],[2.27602,48.84436],[2.27329,48.84436],[2.27329,48.84256]]]}},{"type":"Feature","properties":{"ok":1},"geometry":{"type":"Polygon","coordinates":[[[2.27329,48.84436],[2.27602,48.84436],[2.27602,48.84616],[2.27329,48.84616],[2.27329,48.84436]]]}},{"type":"Feature","properties":{"ok":1},"geometry":{"type":"Polygon","coordinates":[[[2.27329,48.84616],[2.27602,48.84616],[2.27602,48.84796],[2.27329,48.84796],[2.27329,48.84616]]]}},{"type":"Feature","properties":{"ok":1},"geometry":{"type":"Polygon","coordinates":[[[2.27329,48.84796],[2.27602,48.84796],[2.27602,48.84975],[2.27329,48.84975],[2.27329,48.84796]]]}},{"type":"Feature","properties":{"ok":1},"geometry":{"type":"Polygon","coordinates":[[[2.27329,48.84975],[2.27602,48.84975],[2.27602,48.85155],[2.27329,48.85155],[2.27329,48.84975]]]}},{"type":"Feature","properties":{"ok":1},"geometry":{"type":"Polygon","coordinates":[[[2.27329,48.85155],[2.27602,48.85155],[2.27602,48.85335],[2.27329,48.85335],[2.27329,48.85155]]]}},{"type":"Feature","properties":{"ok":1},"geometry":{"type":"Polygon","coordinates":[[[2.27329,48.85335],[2.27602,48.85335],[2.27602,48.85515],[2.27329,48.85515],[2.27329,48.85335]]]}},{"type":"Feature","properties":{"ok":1},"geometry":{"type":"Polygon","coordinates":[[[2.27329,48.85515],[2.27602,48.85515],[2.27602,48.85695],[2.27329,48.85695],[2.27329,48.85515]]]}},{"type":"Feature","properties":{"ok":1},"geometry":{"type":"Polygon","coordinates":[[[2.27329,48.85695],[2.27602,48.85695],[2.27602,48.85875],[2.27329,48.85875],[2.27329,48.85695]]]}},{"type":"Feature","properties":{"ok":1},"geometry":{"type":"Polygon","coordinates":[[[2.27329,48.85875],[2.27602,48.85875],[2.27602,48.86055],[2.27329,48.86055],[2.27329,48.85875]]]}},{"type":"Feature","properties":{"ok":1},"geometry":{"type":"Polygon","coordinates":[[[2.27329,48.86055],[2.27602,48.86055],[2.27602,48.86234],[2.27329,48.86234],[2.27329,48.86055]]]}},{"type":"Feature","properties":{"ok":1},"geometry":{"type":"Polygon","coordinates":[[[2.27329,48.86234],[2.27602,48.86234],[2.27602,48.86414],[2.27329,48.86414],[2.27329,48.86234]]]}},{"type":"Feature","properties":{"ok":1},"geometry":{"type":"Polygon","coordinates":[[[2.27329,48.86414],[2.27602,48.86414],[2.27602,48.86594],[2.27329,48.86594],[2.27329,48.86414]]]}},{"type":"Feature","properties":{"ok":1},"geometry":{"type":"Polygon","coordinates":[[[2.27329,48.86594],[2.27602,48.86594],[2.27602,48.86774],[2.27329,48.86774],[2.27329,48.86594]]]}},{"type":"Feature","properties":{"ok":1},"geometry":{"type":"Polygon","coordinates":[[[2.27329,48.86774],[2.27602,48.86774],[2.27602,48.86954],[2.27329,48.86954],[2.27329,48.86774]]]}},{"type":"Feature","properties":{"ok":1},"geometry":{"type":"Polygon","coordinates":[[[2.27329,48.86954],[2.27602,48.86954],[2.27602,48.87134],[2.27329,48.87134],[2.27329,48.86954]]]}},{"type":"Feature","properties":{"ok":1},"geometry":{"type":"Polygon","coordinates":[[[2.27329,48.87134],[2.27602,48.87134],[2.27602,48.87314],[2.27329,48.87314],[2.27329,48.87134]]]}},{"type":"Feature","properties":{"ok":1},"geometry":{"type":"Polygon","coordinates":[[[2.27329,48.87314],[2.27602,48.87314],[2.27602,48.87494],[2.27329,48.87494],[2.27329,48.87314]]]}},{"type":"Feature","properties":{"ok":1},"geometry":{"type":"Polygon","coordinates":[[[2.27329,48.87494],[2.27602,48.87494],[2.27602,48.87673],[2.27329,48.87673],[2.27329,48.87494]]]}},{"type":"Feature","properties":{"ok":1},"geometry":{"type":"Polygon","coordinates":[[[2.27329,48.87673],[2.27602,48.87673],[2.27602,48.87853],[2.27329,48.87853],[2.27329,48.87673]]]}},{"type":"Feature","properties":{"ok":1},"geometry":{"type":"Polygon","coordinates":[[[2.27602,48.83177],[2.27875,48.83177],[2.27875,48.83357],[2.27602,48.83357],[2.27602,48.83177]]]}},{"type":"Feature","properties":{"ok":1},"geometry":{"type":"Polygon","coordinates":[[[2.27602,48.83357],[2.27875,48.83357],[2.27875,48.83537],[2.27602,48.83537],[2.27602,48.83357]]]}},{"type":"Feature","properties":{"ok":1},"geometry":{"type":"Polygon","coordinates":[[[2.27602,48.83537],[2.27875,48.83537],[2.27875,48.83716],[2.27602,48.83716],[2.27602,48.83537]]]}},{"type":"Feature","properties":{"ok":1},"geometry":{"type":"Polygon","coordinates":[[[2.27602,48.83716],[2.27875,48.83716],[2.27875,48.83896],[2.27602,48.83896],[2.27602,48.83716]]]}},{"type":"Feature","properties":{"ok":1},"geometry":{"type":"Polygon","coordinates":[[[2.27602,48.83896],[2.27875,48.83896],[2.27875,48.84076],[2.27602,48.84076],[2.27602,48.83896]]]}},{"type":"Feature","properties":{"ok":1},"geometry":{"type":"Polygon","coordinates":[[[2.27602,48.84076],[2.27875,48.84076],[2.27875,48.84256],[2.27602,48.84256],[2.27602,48.84076]]]}},{"type":"Feature","properties":{"ok":1},"geometry":{"type":"Polygon","coordinates":[[[2.27602,48.84256],[2.27875,48.84256],[2.27875,48.84436],[2.27602,48.84436],[2.27602,48.84256]]]}},{"type":"Feature","properties":{"ok":1},"geometry":{"type":"Polygon","coordinates":[[[2.27602,48.84436],[2.27875,48.84436],[2.27875,48.84616],[2.27602,48.84616],[2.27602,48.84436]]]}},{"type":"Feature","properties":{"ok":1},"geometry":{"type":"Polygon","coordinates":[[[2.27602,48.84616],[2.27875,48.84616],[2.27875,48.84796],[2.27602,48.84796],[2.27602,48.84616]]]}},{"type":"Feature","properties":{"ok":1},"geometry":{"type":"Polygon","coordinates":[[[2.27602,48.84796],[2.27875,48.84796],[2.27875,48.84975],[2.27602,48.84975],[2.27602,48.84796]]]}},{"type":"Feature","properties":{"ok":1},"geometry":{"type":"Polygon","coordinates":[[[2.27602,48.84975],[2.27875,48.84975],[2.27875,48.85155],[2.27602,48.85155],[2.27602,48.84975]]]}},{"type":"Feature","properties":{"ok":1},"geometry":{"type":"Polygon","coordinates":[[[2.27602,48.85155],[2.27875,48.85155],[2.27875,48.85335],[2.27602,48.85335],[2.27602,48.85155]]]}},{"type":"Feature","properties":{"ok":1},"geometry":{"type":"Polygon","coordinates":[[[2.27602,48.85335],[2.27875,48.85335],[2.27875,48.85515],[2.27602,48.85515],[2.27602,48.85335]]]}},{"type":"Feature","properties":{"ok":1},"geometry":{"type":"Polygon","coordinates":[[[2.27602,48.85515],[2.27875,48.85515],[2.27875,48.85695],[2.27602,48.85695],[2.27602,48.85515]]]}},{"type":"Feature","properties":{"ok":1},"geometry":{"type":"Polygon","coordinates":[[[2.27602,48.85695],[2.27875,48.85695],[2.27875,48.85875],[2.27602,48.85875],[2.27602,48.85695]]]}},{"type":"Feature","properties":{"ok":1},"geometry":{"type":"Polygon","coordinates":[[[2.27602,48.85875],[2.27875,48.85875],[2.27875,48.86055],[2.27602,48.86055],[2.27602,48.85875]]]}},{"type":"Feature","properties":{"ok":1},"geometry":{"type":"Polygon","coordinates":[[[2.27602,48.86055],[2.27875,48.86055],[2.27875,48.86234],[2.27602,48.86234],[2.27602,48.86055]]]}},{"type":"Feature","properties":{"ok":1},"geometry":{"type":"Polygon","coordinates":[[[2.27602,48.86234],[2.27875,48.86234],[2.27875,48.86414],[2.27602,48.86414],[2.27602,48.86234]]]}},{"type":"Feature","properties":{"ok":1},"geometry":{"type":"Polygon","coordinates":[[[2.27602,48.86414],[2.27875,48.86414],[2.27875,48.86594],[2.27602,48.86594],[2.27602,48.86414]]]}},{"type":"Feature","properties":{"ok":1},"geometry":{"type":"Polygon","coordinates":[[[2.27602,48.86594],[2.27875,48.86594],[2.27875,48.86774],[2.27602,48.86774],[2.27602,48.86594]]]}},{"type":"Feature","properties":{"ok":1},"geometry":{"type":"Polygon","coordinates":[[[2.27602,48.86774],[2.27875,48.86774],[2.27875,48.86954],[2.27602,48.86954],[2.27602,48.86774]]]}},{"type":"Feature","properties":{"ok":1},"geometry":{"type":"Polygon","coordinates":[[[2.27602,48.86954],[2.27875,48.86954],[2.27875,48.87134],[2.27602,48.87134],[2.27602,48.86954]]]}},{"type":"Feature","properties":{"ok":1},"geometry":{"type":"Polygon","coordinates":[[[2.27602,48.87134],[2.27875,48.87134],[2.27875,48.87314],[2.27602,48.87314],[2.27602,48.87134]]]}},{"type":"Feature","properties":{"ok":1},"geometry":{"type":"Polygon","coordinates":[[[2.27602,48.87314],[2.27875,48.87314],[2.27875,48.87494],[2.27602,48.87494],[2.27602,48.87314]]]}},{"type":"Feature","properties":{"ok":1},"geometry":{"type":"Polygon","coordinates":[[[2.27602,48.87494],[2.27875,48.87494],[2.27875,48.87673],[2.27602,48.87673],[2.27602,48.87494]]]}},{"type":"Feature","properties":{"ok":1},"geometry":{"type":"Polygon","coordinates":[[[2.27602,48.87673],[2.27875,48.87673],[2.27875,48.87853],[2.27602,48.87853],[2.27602,48.87673]]]}},{"type":"Feature","properties":{"ok":1},"geometry":{"type":"Polygon","coordinates":[[[2.27875,48.83177],[2.28149,48.83177],[2.28149,48.83357],[2.27875,48.83357],[2.27875,48.83177]]]}},{"type":"Feature","properties":{"ok":1},"geometry":{"type":"Polygon","coordinates":[[[2.27875,48.83357],[2.28149,48.83357],[2.28149,48.83537],[2.27875,48.83537],[2.27875,48.83357]]]}},{"type":"Feature","properties":{"ok":1},"geometry":{"type":"Polygon","coordinates":[[[2.27875,48.83537],[2.28149,48.83537],[2.28149,48.83716],[2.27875,48.83716],[2.27875,48.83537]]]}},{"type":"Feature","properties":{"ok":1},"geometry":{"type":"Polygon","coordinates":[[[2.27875,48.83716],[2.28149,48.83716],[2.28149,48.83896],[2.27875,48.83896],[2.27875,48.83716]]]}},{"type":"Feature","properties":{"ok":1},"geometry":{"type":"Polygon","coordinates":[[[2.27875,48.83896],[2.28149,48.83896],[2.28149,48.84076],[2.27875,48.84076],[2.27875,48.83896]]]}},{"type":"Feature","properties":{"ok":1},"geometry":{"type":"Polygon","coordinates":[[[2.27875,48.84076],[2.28149,48.84076],[2.28149,48.84256],[2.27875,48.84256],[2.27875,48.84076]]]}},{"type":"Feature","properties":{"ok":1},"geometry":{"type":"Polygon","coordinates":[[[2.27875,48.84256],[2.28149,48.84256],[2.28149,48.84436],[2.27875,48.84436],[2.27875,48.84256]]]}},{"type":"Feature","properties":{"ok":1},"geometry":{"type":"Polygon","coordinates":[[[2.27875,48.84436],[2.28149,48.84436],[2.28149,48.84616],[2.27875,48.84616],[2.27875,48.84436]]]}},{"type":"Feature","properties":{"ok":1},"geometry":{"type":"Polygon","coordinates":[[[2.27875,48.84616],[2.28149,48.84616],[2.28149,48.84796],[2.27875,48.84796],[2.27875,48.84616]]]}},{"type":"Feature","properties":{"ok":1},"geometry":{"type":"Polygon","coordinates":[[[2.27875,48.84796],[2.28149,48.84796],[2.28149,48.84975],[2.27875,48.84975],[2.27875,48.84796]]]}},{"type":"Feature","properties":{"ok":1},"geometry":{"type":"Polygon","coordinates":[[[2.27875,48.84975],[2.28149,48.84975],[2.28149,48.85155],[2.27875,48.85155],[2.27875,48.84975]]]}},{"type":"Feature","properties":{"ok":1},"geometry":{"type":"Polygon","coordinates":[[[2.27875,48.85155],[2.28149,48.85155],[2.28149,48.85335],[2.27875,48.85335],[2.27875,48.85155]]]}},{"type":"Feature","properties":{"ok":1},"geometry":{"type":"Polygon","coordinates":[[[2.27875,48.85335],[2.28149,48.85335],[2.28149,48.85515],[2.27875,48.85515],[2.27875,48.85335]]]}},{"type":"Feature","properties":{"ok":1},"geometry":{"type":"Polygon","coordinates":[[[2.27875,48.85515],[2.28149,48.85515],[2.28149,48.85695],[2.27875,48.85695],[2.27875,48.85515]]]}},{"type":"Feature","properties":{"ok":1},"geometry":{"type":"Polygon","coordinates":[[[2.27875,48.85695],[2.28149,48.85695],[2.28149,48.85875],[2.27875,48.85875],[2.27875,48.85695]]]}},{"type":"Feature","properties":{"ok":1},"geometry":{"type":"Polygon","coordinates":[[[2.27875,48.85875],[2.28149,48.85875],[2.28149,48.86055],[2.27875,48.86055],[2.27875,48.85875]]]}},{"type":"Feature","properties":{"ok":1},"geometry":{"type":"Polygon","coordinates":[[[2.27875,48.86055],[2.28149,48.86055],[2.28149,48.86234],[2.27875,48.86234],[2.27875,48.86055]]]}},{"type":"Feature","properties":{"ok":1},"geometry":{"type":"Polygon","coordinates":[[[2.27875,48.86234],[2.28149,48.86234],[2.28149,48.86414],[2.27875,48.86414],[2.27875,48.86234]]]}},{"type":"Feature","properties":{"ok":1},"geometry":{"type":"Polygon","coordinates":[[[2.27875,48.86414],[2.28149,48.86414],[2.28149,48.86594],[2.27875,48.86594],[2.27875,48.86414]]]}},{"type":"Feature","properties":{"ok":1},"geometry":{"type":"Polygon","coordinates":[[[2.27875,48.86594],[2.28149,48.86594],[2.28149,48.86774],[2.27875,48.86774],[2.27875,48.86594]]]}},{"type":"Feature","properties":{"ok":1},"geometry":{"type":"Polygon","coordinates":[[[2.27875,48.86774],[2.28149,48.86774],[2.28149,48.86954],[2.27875,48.86954],[2.27875,48.86774]]]}},{"type":"Feature","properties":{"ok":1},"geometry":{"type":"Polygon","coordinates":[[[2.27875,48.86954],[2.28149,48.86954],[2.28149,48.87134],[2.27875,48.87134],[2.27875,48.86954]]]}},{"type":"Feature","properties":{"ok":1},"geometry":{"type":"Polygon","coordinates":[[[2.27875,48.87134],[2.28149,48.87134],[2.28149,48.87314],[2.27875,48.87314],[2.27875,48.87134]]]}},{"type":"Feature","properties":{"ok":1},"geometry":{"type":"Polygon","coordinates":[[[2.27875,48.87314],[2.28149,48.87314],[2.28149,48.87494],[2.27875,48.87494],[2.27875,48.87314]]]}},{"type":"Feature","properties":{"ok":1},"geometry":{"type":"Polygon","coordinates":[[[2.27875,48.87494],[2.28149,48.87494],[2.28149,48.87673],[2.27875,48.87673],[2.27875,48.87494]]]}},{"type":"Feature","properties":{"ok":1},"geometry":{"type":"Polygon","coordinates":[[[2.27875,48.87673],[2.28149,48.87673],[2.28149,48.87853],[2.27875,48.87853],[2.27875,48.87673]]]}},{"type":"Feature","properties":{"ok":1},"geometry":{"type":"Polygon","coordinates":[[[2.28149,48.83177],[2.28422,48.83177],[2.28422,48.83357],[2.28149,48.83357],[2.28149,48.83177]]]}},{"type":"Feature","properties":{"ok":1},"geometry":{"type":"Polygon","coordinates":[[[2.28149,48.83357],[2.28422,48.83357],[2.28422,48.83537],[2.28149,48.83537],[2.28149,48.83357]]]}},{"type":"Feature","properties":{"ok":1},"geometry":{"type":"Polygon","coordinates":[[[2.28149,48.83537],[2.28422,48.83537],[2.28422,48.83716],[2.28149,48.83716],[2.28149,48.83537]]]}},{"type":"Feature","properties":{"ok":1},"geometry":{"type":"Polygon","coordinates":[[[2.28149,48.83716],[2.28422,48.83716],[2.28422,48.83896],[2.28149,48.83896],[2.28149,48.83716]]]}},{"type":"Feature","properties":{"ok":1},"geometry":{"type":"Polygon","coordinates":[[[2.28149,48.83896],[2.28422,48.83896],[2.28422,48.84076],[2.28149,48.84076],[2.28149,48.83896]]]}},{"type":"Feature","properties":{"ok":1},"geometry":{"type":"Polygon","coordinates":[[[2.28149,48.84076],[2.28422,48.84076],[2.28422,48.84256],[2.28149,48.84256],[2.28149,48.84076]]]}},{"type":"Feature","properties":{"ok":1},"geometry":{"type":"Polygon","coordinates":[[[2.28149,48.84256],[2.28422,48.84256],[2.28422,48.84436],[2.28149,48.84436],[2.28149,48.84256]]]}},{"type":"Feature","properties":{"ok":1},"geometry":{"type":"Polygon","coordinates":[[[2.28149,48.84436],[2.28422,48.84436],[2.28422,48.84616],[2.28149,48.84616],[2.28149,48.84436]]]}},{"type":"Feature","properties":{"ok":1},"geometry":{"type":"Polygon","coordinates":[[[2.28149,48.84616],[2.28422,48.84616],[2.28422,48.84796],[2.28149,48.84796],[2.28149,48.84616]]]}},{"type":"Feature","properties":{"ok":1},"geometry":{"type":"Polygon","coordinates":[[[2.28149,48.84796],[2.28422,48.84796],[2.28422,48.84975],[2.28149,48.84975],[2.28149,48.84796]]]}},{"type":"Feature","properties":{"ok":1},"geometry":{"type":"Polygon","coordinates":[[[2.28149,48.84975],[2.28422,48.84975],[2.28422,48.85155],[2.28149,48.85155],[2.28149,48.84975]]]}},{"type":"Feature","properties":{"ok":1},"geometry":{"type":"Polygon","coordinates":[[[2.28149,48.85155],[2.28422,48.85155],[2.28422,48.85335],[2.28149,48.85335],[2.28149,48.85155]]]}},{"type":"Feature","properties":{"ok":1},"geometry":{"type":"Polygon","coordinates":[[[2.28149,48.85335],[2.28422,48.85335],[2.28422,48.85515],[2.28149,48.85515],[2.28149,48.85335]]]}},{"type":"Feature","properties":{"ok":1},"geometry":{"type":"Polygon","coordinates":[[[2.28149,48.85515],[2.28422,48.85515],[2.28422,48.85695],[2.28149,48.85695],[2.28149,48.85515]]]}},{"type":"Feature","properties":{"ok":1},"geometry":{"type":"Polygon","coordinates":[[[2.28149,48.85695],[2.28422,48.85695],[2.28422,48.85875],[2.28149,48.85875],[2.28149,48.85695]]]}},{"type":"Feature","properties":{"ok":1},"geometry":{"type":"Polygon","coordinates":[[[2.28149,48.85875],[2.28422,48.85875],[2.28422,48.86055],[2.28149,48.86055],[2.28149,48.85875]]]}},{"type":"Feature","properties":{"ok":1},"geometry":{"type":"Polygon","coordinates":[[[2.28149,48.86055],[2.28422,48.86055],[2.28422,48.86234],[2.28149,48.86234],[2.28149,48.86055]]]}},{"type":"Feature","properties":{"ok":1},"geometry":{"type":"Polygon","coordinates":[[[2.28149,48.86234],[2.28422,48.86234],[2.28422,48.86414],[2.28149,48.86414],[2.28149,48.86234]]]}},{"type":"Feature","properties":{"ok":1},"geometry":{"type":"Polygon","coordinates":[[[2.28149,48.86414],[2.28422,48.86414],[2.28422,48.86594],[2.28149,48.86594],[2.28149,48.86414]]]}},{"type":"Feature","properties":{"ok":1},"geometry":{"type":"Polygon","coordinates":[[[2.28149,48.86594],[2.28422,48.86594],[2.28422,48.86774],[2.28149,48.86774],[2.28149,48.86594]]]}},{"type":"Feature","properties":{"ok":1},"geometry":{"type":"Polygon","coordinates":[[[2.28149,48.86774],[2.28422,48.86774],[2.28422,48.86954],[2.28149,48.86954],[2.28149,48.86774]]]}},{"type":"Feature","properties":{"ok":1},"geometry":{"type":"Polygon","coordinates":[[[2.28149,48.86954],[2.28422,48.86954],[2.28422,48.87134],[2.28149,48.87134],[2.28149,48.86954]]]}},{"type":"Feature","properties":{"ok":1},"geometry":{"type":"Polygon","coordinates":[[[2.28149,48.87134],[2.28422,48.87134],[2.28422,48.87314],[2.28149,48.87314],[2.28149,48.87134]]]}},{"type":"Feature","properties":{"ok":1},"geometry":{"type":"Polygon","coordinates":[[[2.28149,48.87314],[2.28422,48.87314],[2.28422,48.87494],[2.28149,48.87494],[2.28149,48.87314]]]}},{"type":"Feature","properties":{"ok":1},"geometry":{"type":"Polygon","coordinates":[[[2.28149,48.87494],[2.28422,48.87494],[2.28422,48.87673],[2.28149,48.87673],[2.28149,48.87494]]]}},{"type":"Feature","properties":{"ok":1},"geometry":{"type":"Polygon","coordinates":[[[2.28149,48.87673],[2.28422,48.87673],[2.28422,48.87853],[2.28149,48.87853],[2.28149,48.87673]]]}},{"type":"Feature","properties":{"ok":1},"geometry":{"type":"Polygon","coordinates":[[[2.28149,48.87853],[2.28422,48.87853],[2.28422,48.88033],[2.28149,48.88033],[2.28149,48.87853]]]}},{"type":"Feature","properties":{"ok":1},"geometry":{"type":"Polygon","coordinates":[[[2.28149,48.88033],[2.28422,48.88033],[2.28422,48.88213],[2.28149,48.88213],[2.28149,48.88033]]]}},{"type":"Feature","properties":{"ok":1},"geometry":{"type":"Polygon","coordinates":[[[2.28149,48.88213],[2.28422,48.88213],[2.28422,48.88393],[2.28149,48.88393],[2.28149,48.88213]]]}},{"type":"Feature","properties":{"ok":1},"geometry":{"type":"Polygon","coordinates":[[[2.28422,48.82997],[2.28696,48.82997],[2.28696,48.83177],[2.28422,48.83177],[2.28422,48.82997]]]}},{"type":"Feature","properties":{"ok":1},"geometry":{"type":"Polygon","coordinates":[[[2.28422,48.83177],[2.28696,48.83177],[2.28696,48.83357],[2.28422,48.83357],[2.28422,48.83177]]]}},{"type":"Feature","properties":{"ok":1},"geometry":{"type":"Polygon","coordinates":[[[2.28422,48.83357],[2.28696,48.83357],[2.28696,48.83537],[2.28422,48.83537],[2.28422,48.83357]]]}},{"type":"Feature","properties":{"ok":1},"geometry":{"type":"Polygon","coordinates":[[[2.28422,48.83537],[2.28696,48.83537],[2.28696,48.83716],[2.28422,48.83716],[2.28422,48.83537]]]}},{"type":"Feature","properties":{"ok":1},"geometry":{"type":"Polygon","coordinates":[[[2.28422,48.83716],[2.28696,48.83716],[2.28696,48.83896],[2.28422,48.83896],[2.28422,48.83716]]]}},{"type":"Feature","properties":{"ok":1},"geometry":{"type":"Polygon","coordinates":[[[2.28422,48.83896],[2.28696,48.83896],[2.28696,48.84076],[2.28422,48.84076],[2.28422,48.83896]]]}},{"type":"Feature","properties":{"ok":1},"geometry":{"type":"Polygon","coordinates":[[[2.28422,48.84076],[2.28696,48.84076],[2.28696,48.84256],[2.28422,48.84256],[2.28422,48.84076]]]}},{"type":"Feature","properties":{"ok":1},"geometry":{"type":"Polygon","coordinates":[[[2.28422,48.84256],[2.28696,48.84256],[2.28696,48.84436],[2.28422,48.84436],[2.28422,48.84256]]]}},{"type":"Feature","properties":{"ok":1},"geometry":{"type":"Polygon","coordinates":[[[2.28422,48.84436],[2.28696,48.84436],[2.28696,48.84616],[2.28422,48.84616],[2.28422,48.84436]]]}},{"type":"Feature","properties":{"ok":1},"geometry":{"type":"Polygon","coordinates":[[[2.28422,48.84616],[2.28696,48.84616],[2.28696,48.84796],[2.28422,48.84796],[2.28422,48.84616]]]}},{"type":"Feature","properties":{"ok":1},"geometry":{"type":"Polygon","coordinates":[[[2.28422,48.84796],[2.28696,48.84796],[2.28696,48.84975],[2.28422,48.84975],[2.28422,48.84796]]]}},{"type":"Feature","properties":{"ok":1},"geometry":{"type":"Polygon","coordinates":[[[2.28422,48.84975],[2.28696,48.84975],[2.28696,48.85155],[2.28422,48.85155],[2.28422,48.84975]]]}},{"type":"Feature","properties":{"ok":1},"geometry":{"type":"Polygon","coordinates":[[[2.28422,48.85155],[2.28696,48.85155],[2.28696,48.85335],[2.28422,48.85335],[2.28422,48.85155]]]}},{"type":"Feature","properties":{"ok":1},"geometry":{"type":"Polygon","coordinates":[[[2.28422,48.85335],[2.28696,48.85335],[2.28696,48.85515],[2.28422,48.85515],[2.28422,48.85335]]]}},{"type":"Feature","properties":{"ok":1},"geometry":{"type":"Polygon","coordinates":[[[2.28422,48.85515],[2.28696,48.85515],[2.28696,48.85695],[2.28422,48.85695],[2.28422,48.85515]]]}},{"type":"Feature","properties":{"ok":1},"geometry":{"type":"Polygon","coordinates":[[[2.28422,48.85695],[2.28696,48.85695],[2.28696,48.85875],[2.28422,48.85875],[2.28422,48.85695]]]}},{"type":"Feature","properties":{"ok":1},"geometry":{"type":"Polygon","coordinates":[[[2.28422,48.85875],[2.28696,48.85875],[2.28696,48.86055],[2.28422,48.86055],[2.28422,48.85875]]]}},{"type":"Feature","properties":{"ok":1},"geometry":{"type":"Polygon","coordinates":[[[2.28422,48.86055],[2.28696,48.86055],[2.28696,48.86234],[2.28422,48.86234],[2.28422,48.86055]]]}},{"type":"Feature","properties":{"ok":1},"geometry":{"type":"Polygon","coordinates":[[[2.28422,48.86234],[2.28696,48.86234],[2.28696,48.86414],[2.28422,48.86414],[2.28422,48.86234]]]}},{"type":"Feature","properties":{"ok":1},"geometry":{"type":"Polygon","coordinates":[[[2.28422,48.86414],[2.28696,48.86414],[2.28696,48.86594],[2.28422,48.86594],[2.28422,48.86414]]]}},{"type":"Feature","properties":{"ok":1},"geometry":{"type":"Polygon","coordinates":[[[2.28422,48.86594],[2.28696,48.86594],[2.28696,48.86774],[2.28422,48.86774],[2.28422,48.86594]]]}},{"type":"Feature","properties":{"ok":1},"geometry":{"type":"Polygon","coordinates":[[[2.28422,48.86774],[2.28696,48.86774],[2.28696,48.86954],[2.28422,48.86954],[2.28422,48.86774]]]}},{"type":"Feature","properties":{"ok":1},"geometry":{"type":"Polygon","coordinates":[[[2.28422,48.86954],[2.28696,48.86954],[2.28696,48.87134],[2.28422,48.87134],[2.28422,48.86954]]]}},{"type":"Feature","properties":{"ok":1},"geometry":{"type":"Polygon","coordinates":[[[2.28422,48.87134],[2.28696,48.87134],[2.28696,48.87314],[2.28422,48.87314],[2.28422,48.87134]]]}},{"type":"Feature","properties":{"ok":1},"geometry":{"type":"Polygon","coordinates":[[[2.28422,48.87314],[2.28696,48.87314],[2.28696,48.87494],[2.28422,48.87494],[2.28422,48.87314]]]}},{"type":"Feature","properties":{"ok":1},"geometry":{"type":"Polygon","coordinates":[[[2.28422,48.87494],[2.28696,48.87494],[2.28696,48.87673],[2.28422,48.87673],[2.28422,48.87494]]]}},{"type":"Feature","properties":{"ok":1},"geometry":{"type":"Polygon","coordinates":[[[2.28422,48.87673],[2.28696,48.87673],[2.28696,48.87853],[2.28422,48.87853],[2.28422,48.87673]]]}},{"type":"Feature","properties":{"ok":1},"geometry":{"type":"Polygon","coordinates":[[[2.28422,48.87853],[2.28696,48.87853],[2.28696,48.88033],[2.28422,48.88033],[2.28422,48.87853]]]}},{"type":"Feature","properties":{"ok":1},"geometry":{"type":"Polygon","coordinates":[[[2.28422,48.88033],[2.28696,48.88033],[2.28696,48.88213],[2.28422,48.88213],[2.28422,48.88033]]]}},{"type":"Feature","properties":{"ok":1},"geometry":{"type":"Polygon","coordinates":[[[2.28422,48.88213],[2.28696,48.88213],[2.28696,48.88393],[2.28422,48.88393],[2.28422,48.88213]]]}},{"type":"Feature","properties":{"ok":1},"geometry":{"type":"Polygon","coordinates":[[[2.28422,48.88393],[2.28696,48.88393],[2.28696,48.88573],[2.28422,48.88573],[2.28422,48.88393]]]}},{"type":"Feature","properties":{"ok":0},"geometry":{"type":"Polygon","coordinates":[[[2.28696,48.82817],[2.28969,48.82817],[2.28969,48.82997],[2.28696,48.82997],[2.28696,48.82817]]]}},{"type":"Feature","properties":{"ok":1},"geometry":{"type":"Polygon","coordinates":[[[2.28696,48.82997],[2.28969,48.82997],[2.28969,48.83177],[2.28696,48.83177],[2.28696,48.82997]]]}},{"type":"Feature","properties":{"ok":1},"geometry":{"type":"Polygon","coordinates":[[[2.28696,48.83177],[2.28969,48.83177],[2.28969,48.83357],[2.28696,48.83357],[2.28696,48.83177]]]}},{"type":"Feature","properties":{"ok":1},"geometry":{"type":"Polygon","coordinates":[[[2.28696,48.83357],[2.28969,48.83357],[2.28969,48.83537],[2.28696,48.83537],[2.28696,48.83357]]]}},{"type":"Feature","properties":{"ok":1},"geometry":{"type":"Polygon","coordinates":[[[2.28696,48.83537],[2.28969,48.83537],[2.28969,48.83716],[2.28696,48.83716],[2.28696,48.83537]]]}},{"type":"Feature","properties":{"ok":1},"geometry":{"type":"Polygon","coordinates":[[[2.28696,48.83716],[2.28969,48.83716],[2.28969,48.83896],[2.28696,48.83896],[2.28696,48.83716]]]}},{"type":"Feature","properties":{"ok":1},"geometry":{"type":"Polygon","coordinates":[[[2.28696,48.83896],[2.28969,48.83896],[2.28969,48.84076],[2.28696,48.84076],[2.28696,48.83896]]]}},{"type":"Feature","properties":{"ok":1},"geometry":{"type":"Polygon","coordinates":[[[2.28696,48.84076],[2.28969,48.84076],[2.28969,48.84256],[2.28696,48.84256],[2.28696,48.84076]]]}},{"type":"Feature","properties":{"ok":1},"geometry":{"type":"Polygon","coordinates":[[[2.28696,48.84256],[2.28969,48.84256],[2.28969,48.84436],[2.28696,48.84436],[2.28696,48.84256]]]}},{"type":"Feature","properties":{"ok":1},"geometry":{"type":"Polygon","coordinates":[[[2.28696,48.84436],[2.28969,48.84436],[2.28969,48.84616],[2.28696,48.84616],[2.28696,48.84436]]]}},{"type":"Feature","properties":{"ok":1},"geometry":{"type":"Polygon","coordinates":[[[2.28696,48.84616],[2.28969,48.84616],[2.28969,48.84796],[2.28696,48.84796],[2.28696,48.84616]]]}},{"type":"Feature","properties":{"ok":1},"geometry":{"type":"Polygon","coordinates":[[[2.28696,48.84796],[2.28969,48.84796],[2.28969,48.84975],[2.28696,48.84975],[2.28696,48.84796]]]}},{"type":"Feature","properties":{"ok":1},"geometry":{"type":"Polygon","coordinates":[[[2.28696,48.84975],[2.28969,48.84975],[2.28969,48.85155],[2.28696,48.85155],[2.28696,48.84975]]]}},{"type":"Feature","properties":{"ok":1},"geometry":{"type":"Polygon","coordinates":[[[2.28696,48.85155],[2.28969,48.85155],[2.28969,48.85335],[2.28696,48.85335],[2.28696,48.85155]]]}},{"type":"Feature","properties":{"ok":1},"geometry":{"type":"Polygon","coordinates":[[[2.28696,48.85335],[2.28969,48.85335],[2.28969,48.85515],[2.28696,48.85515],[2.28696,48.85335]]]}},{"type":"Feature","properties":{"ok":1},"geometry":{"type":"Polygon","coordinates":[[[2.28696,48.85515],[2.28969,48.85515],[2.28969,48.85695],[2.28696,48.85695],[2.28696,48.85515]]]}},{"type":"Feature","properties":{"ok":1},"geometry":{"type":"Polygon","coordinates":[[[2.28696,48.85695],[2.28969,48.85695],[2.28969,48.85875],[2.28696,48.85875],[2.28696,48.85695]]]}},{"type":"Feature","properties":{"ok":1},"geometry":{"type":"Polygon","coordinates":[[[2.28696,48.85875],[2.28969,48.85875],[2.28969,48.86055],[2.28696,48.86055],[2.28696,48.85875]]]}},{"type":"Feature","properties":{"ok":1},"geometry":{"type":"Polygon","coordinates":[[[2.28696,48.86055],[2.28969,48.86055],[2.28969,48.86234],[2.28696,48.86234],[2.28696,48.86055]]]}},{"type":"Feature","properties":{"ok":1},"geometry":{"type":"Polygon","coordinates":[[[2.28696,48.86234],[2.28969,48.86234],[2.28969,48.86414],[2.28696,48.86414],[2.28696,48.86234]]]}},{"type":"Feature","properties":{"ok":1},"geometry":{"type":"Polygon","coordinates":[[[2.28696,48.86414],[2.28969,48.86414],[2.28969,48.86594],[2.28696,48.86594],[2.28696,48.86414]]]}},{"type":"Feature","properties":{"ok":1},"geometry":{"type":"Polygon","coordinates":[[[2.28696,48.86594],[2.28969,48.86594],[2.28969,48.86774],[2.28696,48.86774],[2.28696,48.86594]]]}},{"type":"Feature","properties":{"ok":1},"geometry":{"type":"Polygon","coordinates":[[[2.28696,48.86774],[2.28969,48.86774],[2.28969,48.86954],[2.28696,48.86954],[2.28696,48.86774]]]}},{"type":"Feature","properties":{"ok":1},"geometry":{"type":"Polygon","coordinates":[[[2.28696,48.86954],[2.28969,48.86954],[2.28969,48.87134],[2.28696,48.87134],[2.28696,48.86954]]]}},{"type":"Feature","properties":{"ok":1},"geometry":{"type":"Polygon","coordinates":[[[2.28696,48.87134],[2.28969,48.87134],[2.28969,48.87314],[2.28696,48.87314],[2.28696,48.87134]]]}},{"type":"Feature","properties":{"ok":1},"geometry":{"type":"Polygon","coordinates":[[[2.28696,48.87314],[2.28969,48.87314],[2.28969,48.87494],[2.28696,48.87494],[2.28696,48.87314]]]}},{"type":"Feature","properties":{"ok":1},"geometry":{"type":"Polygon","coordinates":[[[2.28696,48.87494],[2.28969,48.87494],[2.28969,48.87673],[2.28696,48.87673],[2.28696,48.87494]]]}},{"type":"Feature","properties":{"ok":1},"geometry":{"type":"Polygon","coordinates":[[[2.28696,48.87673],[2.28969,48.87673],[2.28969,48.87853],[2.28696,48.87853],[2.28696,48.87673]]]}},{"type":"Feature","properties":{"ok":1},"geometry":{"type":"Polygon","coordinates":[[[2.28696,48.87853],[2.28969,48.87853],[2.28969,48.88033],[2.28696,48.88033],[2.28696,48.87853]]]}},{"type":"Feature","properties":{"ok":1},"geometry":{"type":"Polygon","coordinates":[[[2.28696,48.88033],[2.28969,48.88033],[2.28969,48.88213],[2.28696,48.88213],[2.28696,48.88033]]]}},{"type":"Feature","properties":{"ok":1},"geometry":{"type":"Polygon","coordinates":[[[2.28696,48.88213],[2.28969,48.88213],[2.28969,48.88393],[2.28696,48.88393],[2.28696,48.88213]]]}},{"type":"Feature","properties":{"ok":1},"geometry":{"type":"Polygon","coordinates":[[[2.28696,48.88393],[2.28969,48.88393],[2.28969,48.88573],[2.28696,48.88573],[2.28696,48.88393]]]}},{"type":"Feature","properties":{"ok":1},"geometry":{"type":"Polygon","coordinates":[[[2.28696,48.88573],[2.28969,48.88573],[2.28969,48.88753],[2.28696,48.88753],[2.28696,48.88573]]]}},{"type":"Feature","properties":{"ok":1},"geometry":{"type":"Polygon","coordinates":[[[2.28969,48.82817],[2.29242,48.82817],[2.29242,48.82997],[2.28969,48.82997],[2.28969,48.82817]]]}},{"type":"Feature","properties":{"ok":1},"geometry":{"type":"Polygon","coordinates":[[[2.28969,48.82997],[2.29242,48.82997],[2.29242,48.83177],[2.28969,48.83177],[2.28969,48.82997]]]}},{"type":"Feature","properties":{"ok":1},"geometry":{"type":"Polygon","coordinates":[[[2.28969,48.83177],[2.29242,48.83177],[2.29242,48.83357],[2.28969,48.83357],[2.28969,48.83177]]]}},{"type":"Feature","properties":{"ok":1},"geometry":{"type":"Polygon","coordinates":[[[2.28969,48.83357],[2.29242,48.83357],[2.29242,48.83537],[2.28969,48.83537],[2.28969,48.83357]]]}},{"type":"Feature","properties":{"ok":1},"geometry":{"type":"Polygon","coordinates":[[[2.28969,48.83537],[2.29242,48.83537],[2.29242,48.83716],[2.28969,48.83716],[2.28969,48.83537]]]}},{"type":"Feature","properties":{"ok":1},"geometry":{"type":"Polygon","coordinates":[[[2.28969,48.83716],[2.29242,48.83716],[2.29242,48.83896],[2.28969,48.83896],[2.28969,48.83716]]]}},{"type":"Feature","properties":{"ok":1},"geometry":{"type":"Polygon","coordinates":[[[2.28969,48.83896],[2.29242,48.83896],[2.29242,48.84076],[2.28969,48.84076],[2.28969,48.83896]]]}},{"type":"Feature","properties":{"ok":1},"geometry":{"type":"Polygon","coordinates":[[[2.28969,48.84076],[2.29242,48.84076],[2.29242,48.84256],[2.28969,48.84256],[2.28969,48.84076]]]}},{"type":"Feature","properties":{"ok":1},"geometry":{"type":"Polygon","coordinates":[[[2.28969,48.84256],[2.29242,48.84256],[2.29242,48.84436],[2.28969,48.84436],[2.28969,48.84256]]]}},{"type":"Feature","properties":{"ok":1},"geometry":{"type":"Polygon","coordinates":[[[2.28969,48.84436],[2.29242,48.84436],[2.29242,48.84616],[2.28969,48.84616],[2.28969,48.84436]]]}},{"type":"Feature","properties":{"ok":1},"geometry":{"type":"Polygon","coordinates":[[[2.28969,48.84616],[2.29242,48.84616],[2.29242,48.84796],[2.28969,48.84796],[2.28969,48.84616]]]}},{"type":"Feature","properties":{"ok":1},"geometry":{"type":"Polygon","coordinates":[[[2.28969,48.84796],[2.29242,48.84796],[2.29242,48.84975],[2.28969,48.84975],[2.28969,48.84796]]]}},{"type":"Feature","properties":{"ok":1},"geometry":{"type":"Polygon","coordinates":[[[2.28969,48.84975],[2.29242,48.84975],[2.29242,48.85155],[2.28969,48.85155],[2.28969,48.84975]]]}},{"type":"Feature","properties":{"ok":1},"geometry":{"type":"Polygon","coordinates":[[[2.28969,48.85155],[2.29242,48.85155],[2.29242,48.85335],[2.28969,48.85335],[2.28969,48.85155]]]}},{"type":"Feature","properties":{"ok":1},"geometry":{"type":"Polygon","coordinates":[[[2.28969,48.85335],[2.29242,48.85335],[2.29242,48.85515],[2.28969,48.85515],[2.28969,48.85335]]]}},{"type":"Feature","properties":{"ok":1},"geometry":{"type":"Polygon","coordinates":[[[2.28969,48.85515],[2.29242,48.85515],[2.29242,48.85695],[2.28969,48.85695],[2.28969,48.85515]]]}},{"type":"Feature","properties":{"ok":1},"geometry":{"type":"Polygon","coordinates":[[[2.28969,48.85695],[2.29242,48.85695],[2.29242,48.85875],[2.28969,48.85875],[2.28969,48.85695]]]}},{"type":"Feature","properties":{"ok":1},"geometry":{"type":"Polygon","coordinates":[[[2.28969,48.85875],[2.29242,48.85875],[2.29242,48.86055],[2.28969,48.86055],[2.28969,48.85875]]]}},{"type":"Feature","properties":{"ok":1},"geometry":{"type":"Polygon","coordinates":[[[2.28969,48.86055],[2.29242,48.86055],[2.29242,48.86234],[2.28969,48.86234],[2.28969,48.86055]]]}},{"type":"Feature","properties":{"ok":1},"geometry":{"type":"Polygon","coordinates":[[[2.28969,48.86234],[2.29242,48.86234],[2.29242,48.86414],[2.28969,48.86414],[2.28969,48.86234]]]}},{"type":"Feature","properties":{"ok":1},"geometry":{"type":"Polygon","coordinates":[[[2.28969,48.86414],[2.29242,48.86414],[2.29242,48.86594],[2.28969,48.86594],[2.28969,48.86414]]]}},{"type":"Feature","properties":{"ok":1},"geometry":{"type":"Polygon","coordinates":[[[2.28969,48.86594],[2.29242,48.86594],[2.29242,48.86774],[2.28969,48.86774],[2.28969,48.86594]]]}},{"type":"Feature","properties":{"ok":1},"geometry":{"type":"Polygon","coordinates":[[[2.28969,48.86774],[2.29242,48.86774],[2.29242,48.86954],[2.28969,48.86954],[2.28969,48.86774]]]}},{"type":"Feature","properties":{"ok":1},"geometry":{"type":"Polygon","coordinates":[[[2.28969,48.86954],[2.29242,48.86954],[2.29242,48.87134],[2.28969,48.87134],[2.28969,48.86954]]]}},{"type":"Feature","properties":{"ok":1},"geometry":{"type":"Polygon","coordinates":[[[2.28969,48.87134],[2.29242,48.87134],[2.29242,48.87314],[2.28969,48.87314],[2.28969,48.87134]]]}},{"type":"Feature","properties":{"ok":1},"geometry":{"type":"Polygon","coordinates":[[[2.28969,48.87314],[2.29242,48.87314],[2.29242,48.87494],[2.28969,48.87494],[2.28969,48.87314]]]}},{"type":"Feature","properties":{"ok":1},"geometry":{"type":"Polygon","coordinates":[[[2.28969,48.87494],[2.29242,48.87494],[2.29242,48.87673],[2.28969,48.87673],[2.28969,48.87494]]]}},{"type":"Feature","properties":{"ok":1},"geometry":{"type":"Polygon","coordinates":[[[2.28969,48.87673],[2.29242,48.87673],[2.29242,48.87853],[2.28969,48.87853],[2.28969,48.87673]]]}},{"type":"Feature","properties":{"ok":1},"geometry":{"type":"Polygon","coordinates":[[[2.28969,48.87853],[2.29242,48.87853],[2.29242,48.88033],[2.28969,48.88033],[2.28969,48.87853]]]}},{"type":"Feature","properties":{"ok":1},"geometry":{"type":"Polygon","coordinates":[[[2.28969,48.88033],[2.29242,48.88033],[2.29242,48.88213],[2.28969,48.88213],[2.28969,48.88033]]]}},{"type":"Feature","properties":{"ok":1},"geometry":{"type":"Polygon","coordinates":[[[2.28969,48.88213],[2.29242,48.88213],[2.29242,48.88393],[2.28969,48.88393],[2.28969,48.88213]]]}},{"type":"Feature","properties":{"ok":1},"geometry":{"type":"Polygon","coordinates":[[[2.28969,48.88393],[2.29242,48.88393],[2.29242,48.88573],[2.28969,48.88573],[2.28969,48.88393]]]}},{"type":"Feature","properties":{"ok":1},"geometry":{"type":"Polygon","coordinates":[[[2.28969,48.88573],[2.29242,48.88573],[2.29242,48.88753],[2.28969,48.88753],[2.28969,48.88573]]]}},{"type":"Feature","properties":{"ok":1},"geometry":{"type":"Polygon","coordinates":[[[2.28969,48.88753],[2.29242,48.88753],[2.29242,48.88932],[2.28969,48.88932],[2.28969,48.88753]]]}},{"type":"Feature","properties":{"ok":1},"geometry":{"type":"Polygon","coordinates":[[[2.29242,48.82637],[2.29516,48.82637],[2.29516,48.82817],[2.29242,48.82817],[2.29242,48.82637]]]}},{"type":"Feature","properties":{"ok":1},"geometry":{"type":"Polygon","coordinates":[[[2.29242,48.82817],[2.29516,48.82817],[2.29516,48.82997],[2.29242,48.82997],[2.29242,48.82817]]]}},{"type":"Feature","properties":{"ok":1},"geometry":{"type":"Polygon","coordinates":[[[2.29242,48.82997],[2.29516,48.82997],[2.29516,48.83177],[2.29242,48.83177],[2.29242,48.82997]]]}},{"type":"Feature","properties":{"ok":1},"geometry":{"type":"Polygon","coordinates":[[[2.29242,48.83177],[2.29516,48.83177],[2.29516,48.83357],[2.29242,48.83357],[2.29242,48.83177]]]}},{"type":"Feature","properties":{"ok":1},"geometry":{"type":"Polygon","coordinates":[[[2.29242,48.83357],[2.29516,48.83357],[2.29516,48.83537],[2.29242,48.83537],[2.29242,48.83357]]]}},{"type":"Feature","properties":{"ok":1},"geometry":{"type":"Polygon","coordinates":[[[2.29242,48.83537],[2.29516,48.83537],[2.29516,48.83716],[2.29242,48.83716],[2.29242,48.83537]]]}},{"type":"Feature","properties":{"ok":1},"geometry":{"type":"Polygon","coordinates":[[[2.29242,48.83716],[2.29516,48.83716],[2.29516,48.83896],[2.29242,48.83896],[2.29242,48.83716]]]}},{"type":"Feature","properties":{"ok":1},"geometry":{"type":"Polygon","coordinates":[[[2.29242,48.83896],[2.29516,48.83896],[2.29516,48.84076],[2.29242,48.84076],[2.29242,48.83896]]]}},{"type":"Feature","properties":{"ok":1},"geometry":{"type":"Polygon","coordinates":[[[2.29242,48.84076],[2.29516,48.84076],[2.29516,48.84256],[2.29242,48.84256],[2.29242,48.84076]]]}},{"type":"Feature","properties":{"ok":1},"geometry":{"type":"Polygon","coordinates":[[[2.29242,48.84256],[2.29516,48.84256],[2.29516,48.84436],[2.29242,48.84436],[2.29242,48.84256]]]}},{"type":"Feature","properties":{"ok":1},"geometry":{"type":"Polygon","coordinates":[[[2.29242,48.84436],[2.29516,48.84436],[2.29516,48.84616],[2.29242,48.84616],[2.29242,48.84436]]]}},{"type":"Feature","properties":{"ok":1},"geometry":{"type":"Polygon","coordinates":[[[2.29242,48.84616],[2.29516,48.84616],[2.29516,48.84796],[2.29242,48.84796],[2.29242,48.84616]]]}},{"type":"Feature","properties":{"ok":1},"geometry":{"type":"Polygon","coordinates":[[[2.29242,48.84796],[2.29516,48.84796],[2.29516,48.84975],[2.29242,48.84975],[2.29242,48.84796]]]}},{"type":"Feature","properties":{"ok":1},"geometry":{"type":"Polygon","coordinates":[[[2.29242,48.84975],[2.29516,48.84975],[2.29516,48.85155],[2.29242,48.85155],[2.29242,48.84975]]]}},{"type":"Feature","properties":{"ok":1},"geometry":{"type":"Polygon","coordinates":[[[2.29242,48.85155],[2.29516,48.85155],[2.29516,48.85335],[2.29242,48.85335],[2.29242,48.85155]]]}},{"type":"Feature","properties":{"ok":1},"geometry":{"type":"Polygon","coordinates":[[[2.29242,48.85335],[2.29516,48.85335],[2.29516,48.85515],[2.29242,48.85515],[2.29242,48.85335]]]}},{"type":"Feature","properties":{"ok":1},"geometry":{"type":"Polygon","coordinates":[[[2.29242,48.85515],[2.29516,48.85515],[2.29516,48.85695],[2.29242,48.85695],[2.29242,48.85515]]]}},{"type":"Feature","properties":{"ok":1},"geometry":{"type":"Polygon","coordinates":[[[2.29242,48.85695],[2.29516,48.85695],[2.29516,48.85875],[2.29242,48.85875],[2.29242,48.85695]]]}},{"type":"Feature","properties":{"ok":1},"geometry":{"type":"Polygon","coordinates":[[[2.29242,48.85875],[2.29516,48.85875],[2.29516,48.86055],[2.29242,48.86055],[2.29242,48.85875]]]}},{"type":"Feature","properties":{"ok":1},"geometry":{"type":"Polygon","coordinates":[[[2.29242,48.86055],[2.29516,48.86055],[2.29516,48.86234],[2.29242,48.86234],[2.29242,48.86055]]]}},{"type":"Feature","properties":{"ok":1},"geometry":{"type":"Polygon","coordinates":[[[2.29242,48.86234],[2.29516,48.86234],[2.29516,48.86414],[2.29242,48.86414],[2.29242,48.86234]]]}},{"type":"Feature","properties":{"ok":1},"geometry":{"type":"Polygon","coordinates":[[[2.29242,48.86414],[2.29516,48.86414],[2.29516,48.86594],[2.29242,48.86594],[2.29242,48.86414]]]}},{"type":"Feature","properties":{"ok":1},"geometry":{"type":"Polygon","coordinates":[[[2.29242,48.86594],[2.29516,48.86594],[2.29516,48.86774],[2.29242,48.86774],[2.29242,48.86594]]]}},{"type":"Feature","properties":{"ok":1},"geometry":{"type":"Polygon","coordinates":[[[2.29242,48.86774],[2.29516,48.86774],[2.29516,48.86954],[2.29242,48.86954],[2.29242,48.86774]]]}},{"type":"Feature","properties":{"ok":1},"geometry":{"type":"Polygon","coordinates":[[[2.29242,48.86954],[2.29516,48.86954],[2.29516,48.87134],[2.29242,48.87134],[2.29242,48.86954]]]}},{"type":"Feature","properties":{"ok":1},"geometry":{"type":"Polygon","coordinates":[[[2.29242,48.87134],[2.29516,48.87134],[2.29516,48.87314],[2.29242,48.87314],[2.29242,48.87134]]]}},{"type":"Feature","properties":{"ok":1},"geometry":{"type":"Polygon","coordinates":[[[2.29242,48.87314],[2.29516,48.87314],[2.29516,48.87494],[2.29242,48.87494],[2.29242,48.87314]]]}},{"type":"Feature","properties":{"ok":1},"geometry":{"type":"Polygon","coordinates":[[[2.29242,48.87494],[2.29516,48.87494],[2.29516,48.87673],[2.29242,48.87673],[2.29242,48.87494]]]}},{"type":"Feature","properties":{"ok":1},"geometry":{"type":"Polygon","coordinates":[[[2.29242,48.87673],[2.29516,48.87673],[2.29516,48.87853],[2.29242,48.87853],[2.29242,48.87673]]]}},{"type":"Feature","properties":{"ok":1},"geometry":{"type":"Polygon","coordinates":[[[2.29242,48.87853],[2.29516,48.87853],[2.29516,48.88033],[2.29242,48.88033],[2.29242,48.87853]]]}},{"type":"Feature","properties":{"ok":1},"geometry":{"type":"Polygon","coordinates":[[[2.29242,48.88033],[2.29516,48.88033],[2.29516,48.88213],[2.29242,48.88213],[2.29242,48.88033]]]}},{"type":"Feature","properties":{"ok":1},"geometry":{"type":"Polygon","coordinates":[[[2.29242,48.88213],[2.29516,48.88213],[2.29516,48.88393],[2.29242,48.88393],[2.29242,48.88213]]]}},{"type":"Feature","properties":{"ok":1},"geometry":{"type":"Polygon","coordinates":[[[2.29242,48.88393],[2.29516,48.88393],[2.29516,48.88573],[2.29242,48.88573],[2.29242,48.88393]]]}},{"type":"Feature","properties":{"ok":1},"geometry":{"type":"Polygon","coordinates":[[[2.29242,48.88573],[2.29516,48.88573],[2.29516,48.88753],[2.29242,48.88753],[2.29242,48.88573]]]}},{"type":"Feature","properties":{"ok":1},"geometry":{"type":"Polygon","coordinates":[[[2.29242,48.88753],[2.29516,48.88753],[2.29516,48.88932],[2.29242,48.88932],[2.29242,48.88753]]]}},{"type":"Feature","properties":{"ok":1},"geometry":{"type":"Polygon","coordinates":[[[2.29516,48.82637],[2.29789,48.82637],[2.29789,48.82817],[2.29516,48.82817],[2.29516,48.82637]]]}},{"type":"Feature","properties":{"ok":1},"geometry":{"type":"Polygon","coordinates":[[[2.29516,48.82817],[2.29789,48.82817],[2.29789,48.82997],[2.29516,48.82997],[2.29516,48.82817]]]}},{"type":"Feature","properties":{"ok":1},"geometry":{"type":"Polygon","coordinates":[[[2.29516,48.82997],[2.29789,48.82997],[2.29789,48.83177],[2.29516,48.83177],[2.29516,48.82997]]]}},{"type":"Feature","properties":{"ok":1},"geometry":{"type":"Polygon","coordinates":[[[2.29516,48.83177],[2.29789,48.83177],[2.29789,48.83357],[2.29516,48.83357],[2.29516,48.83177]]]}},{"type":"Feature","properties":{"ok":1},"geometry":{"type":"Polygon","coordinates":[[[2.29516,48.83357],[2.29789,48.83357],[2.29789,48.83537],[2.29516,48.83537],[2.29516,48.83357]]]}},{"type":"Feature","properties":{"ok":1},"geometry":{"type":"Polygon","coordinates":[[[2.29516,48.83537],[2.29789,48.83537],[2.29789,48.83716],[2.29516,48.83716],[2.29516,48.83537]]]}},{"type":"Feature","properties":{"ok":1},"geometry":{"type":"Polygon","coordinates":[[[2.29516,48.83716],[2.29789,48.83716],[2.29789,48.83896],[2.29516,48.83896],[2.29516,48.83716]]]}},{"type":"Feature","properties":{"ok":1},"geometry":{"type":"Polygon","coordinates":[[[2.29516,48.83896],[2.29789,48.83896],[2.29789,48.84076],[2.29516,48.84076],[2.29516,48.83896]]]}},{"type":"Feature","properties":{"ok":1},"geometry":{"type":"Polygon","coordinates":[[[2.29516,48.84076],[2.29789,48.84076],[2.29789,48.84256],[2.29516,48.84256],[2.29516,48.84076]]]}},{"type":"Feature","properties":{"ok":1},"geometry":{"type":"Polygon","coordinates":[[[2.29516,48.84256],[2.29789,48.84256],[2.29789,48.84436],[2.29516,48.84436],[2.29516,48.84256]]]}},{"type":"Feature","properties":{"ok":1},"geometry":{"type":"Polygon","coordinates":[[[2.29516,48.84436],[2.29789,48.84436],[2.29789,48.84616],[2.29516,48.84616],[2.29516,48.84436]]]}},{"type":"Feature","properties":{"ok":1},"geometry":{"type":"Polygon","coordinates":[[[2.29516,48.84616],[2.29789,48.84616],[2.29789,48.84796],[2.29516,48.84796],[2.29516,48.84616]]]}},{"type":"Feature","properties":{"ok":1},"geometry":{"type":"Polygon","coordinates":[[[2.29516,48.84796],[2.29789,48.84796],[2.29789,48.84975],[2.29516,48.84975],[2.29516,48.84796]]]}},{"type":"Feature","properties":{"ok":1},"geometry":{"type":"Polygon","coordinates":[[[2.29516,48.84975],[2.29789,48.84975],[2.29789,48.85155],[2.29516,48.85155],[2.29516,48.84975]]]}},{"type":"Feature","properties":{"ok":1},"geometry":{"type":"Polygon","coordinates":[[[2.29516,48.85155],[2.29789,48.85155],[2.29789,48.85335],[2.29516,48.85335],[2.29516,48.85155]]]}},{"type":"Feature","properties":{"ok":1},"geometry":{"type":"Polygon","coordinates":[[[2.29516,48.85335],[2.29789,48.85335],[2.29789,48.85515],[2.29516,48.85515],[2.29516,48.85335]]]}},{"type":"Feature","properties":{"ok":1},"geometry":{"type":"Polygon","coordinates":[[[2.29516,48.85515],[2.29789,48.85515],[2.29789,48.85695],[2.29516,48.85695],[2.29516,48.85515]]]}},{"type":"Feature","properties":{"ok":1},"geometry":{"type":"Polygon","coordinates":[[[2.29516,48.85695],[2.29789,48.85695],[2.29789,48.85875],[2.29516,48.85875],[2.29516,48.85695]]]}},{"type":"Feature","properties":{"ok":1},"geometry":{"type":"Polygon","coordinates":[[[2.29516,48.85875],[2.29789,48.85875],[2.29789,48.86055],[2.29516,48.86055],[2.29516,48.85875]]]}},{"type":"Feature","properties":{"ok":1},"geometry":{"type":"Polygon","coordinates":[[[2.29516,48.86055],[2.29789,48.86055],[2.29789,48.86234],[2.29516,48.86234],[2.29516,48.86055]]]}},{"type":"Feature","properties":{"ok":1},"geometry":{"type":"Polygon","coordinates":[[[2.29516,48.86234],[2.29789,48.86234],[2.29789,48.86414],[2.29516,48.86414],[2.29516,48.86234]]]}},{"type":"Feature","properties":{"ok":1},"geometry":{"type":"Polygon","coordinates":[[[2.29516,48.86414],[2.29789,48.86414],[2.29789,48.86594],[2.29516,48.86594],[2.29516,48.86414]]]}},{"type":"Feature","properties":{"ok":1},"geometry":{"type":"Polygon","coordinates":[[[2.29516,48.86594],[2.29789,48.86594],[2.29789,48.86774],[2.29516,48.86774],[2.29516,48.86594]]]}},{"type":"Feature","properties":{"ok":1},"geometry":{"type":"Polygon","coordinates":[[[2.29516,48.86774],[2.29789,48.86774],[2.29789,48.86954],[2.29516,48.86954],[2.29516,48.86774]]]}},{"type":"Feature","properties":{"ok":1},"geometry":{"type":"Polygon","coordinates":[[[2.29516,48.86954],[2.29789,48.86954],[2.29789,48.87134],[2.29516,48.87134],[2.29516,48.86954]]]}},{"type":"Feature","properties":{"ok":1},"geometry":{"type":"Polygon","coordinates":[[[2.29516,48.87134],[2.29789,48.87134],[2.29789,48.87314],[2.29516,48.87314],[2.29516,48.87134]]]}},{"type":"Feature","properties":{"ok":1},"geometry":{"type":"Polygon","coordinates":[[[2.29516,48.87314],[2.29789,48.87314],[2.29789,48.87494],[2.29516,48.87494],[2.29516,48.87314]]]}},{"type":"Feature","properties":{"ok":1},"geometry":{"type":"Polygon","coordinates":[[[2.29516,48.87494],[2.29789,48.87494],[2.29789,48.87673],[2.29516,48.87673],[2.29516,48.87494]]]}},{"type":"Feature","properties":{"ok":1},"geometry":{"type":"Polygon","coordinates":[[[2.29516,48.87673],[2.29789,48.87673],[2.29789,48.87853],[2.29516,48.87853],[2.29516,48.87673]]]}},{"type":"Feature","properties":{"ok":1},"geometry":{"type":"Polygon","coordinates":[[[2.29516,48.87853],[2.29789,48.87853],[2.29789,48.88033],[2.29516,48.88033],[2.29516,48.87853]]]}},{"type":"Feature","properties":{"ok":1},"geometry":{"type":"Polygon","coordinates":[[[2.29516,48.88033],[2.29789,48.88033],[2.29789,48.88213],[2.29516,48.88213],[2.29516,48.88033]]]}},{"type":"Feature","properties":{"ok":1},"geometry":{"type":"Polygon","coordinates":[[[2.29516,48.88213],[2.29789,48.88213],[2.29789,48.88393],[2.29516,48.88393],[2.29516,48.88213]]]}},{"type":"Feature","properties":{"ok":1},"geometry":{"type":"Polygon","coordinates":[[[2.29516,48.88393],[2.29789,48.88393],[2.29789,48.88573],[2.29516,48.88573],[2.29516,48.88393]]]}},{"type":"Feature","properties":{"ok":1},"geometry":{"type":"Polygon","coordinates":[[[2.29516,48.88573],[2.29789,48.88573],[2.29789,48.88753],[2.29516,48.88753],[2.29516,48.88573]]]}},{"type":"Feature","properties":{"ok":1},"geometry":{"type":"Polygon","coordinates":[[[2.29516,48.88753],[2.29789,48.88753],[2.29789,48.88932],[2.29516,48.88932],[2.29516,48.88753]]]}},{"type":"Feature","properties":{"ok":1},"geometry":{"type":"Polygon","coordinates":[[[2.29516,48.88932],[2.29789,48.88932],[2.29789,48.89112],[2.29516,48.89112],[2.29516,48.88932]]]}},{"type":"Feature","properties":{"ok":1},"geometry":{"type":"Polygon","coordinates":[[[2.29789,48.82637],[2.30062,48.82637],[2.30062,48.82817],[2.29789,48.82817],[2.29789,48.82637]]]}},{"type":"Feature","properties":{"ok":1},"geometry":{"type":"Polygon","coordinates":[[[2.29789,48.82817],[2.30062,48.82817],[2.30062,48.82997],[2.29789,48.82997],[2.29789,48.82817]]]}},{"type":"Feature","properties":{"ok":1},"geometry":{"type":"Polygon","coordinates":[[[2.29789,48.82997],[2.30062,48.82997],[2.30062,48.83177],[2.29789,48.83177],[2.29789,48.82997]]]}},{"type":"Feature","properties":{"ok":1},"geometry":{"type":"Polygon","coordinates":[[[2.29789,48.83177],[2.30062,48.83177],[2.30062,48.83357],[2.29789,48.83357],[2.29789,48.83177]]]}},{"type":"Feature","properties":{"ok":1},"geometry":{"type":"Polygon","coordinates":[[[2.29789,48.83357],[2.30062,48.83357],[2.30062,48.83537],[2.29789,48.83537],[2.29789,48.83357]]]}},{"type":"Feature","properties":{"ok":1},"geometry":{"type":"Polygon","coordinates":[[[2.29789,48.83537],[2.30062,48.83537],[2.30062,48.83716],[2.29789,48.83716],[2.29789,48.83537]]]}},{"type":"Feature","properties":{"ok":1},"geometry":{"type":"Polygon","coordinates":[[[2.29789,48.83716],[2.30062,48.83716],[2.30062,48.83896],[2.29789,48.83896],[2.29789,48.83716]]]}},{"type":"Feature","properties":{"ok":1},"geometry":{"type":"Polygon","coordinates":[[[2.29789,48.83896],[2.30062,48.83896],[2.30062,48.84076],[2.29789,48.84076],[2.29789,48.83896]]]}},{"type":"Feature","properties":{"ok":1},"geometry":{"type":"Polygon","coordinates":[[[2.29789,48.84076],[2.30062,48.84076],[2.30062,48.84256],[2.29789,48.84256],[2.29789,48.84076]]]}},{"type":"Feature","properties":{"ok":1},"geometry":{"type":"Polygon","coordinates":[[[2.29789,48.84256],[2.30062,48.84256],[2.30062,48.84436],[2.29789,48.84436],[2.29789,48.84256]]]}},{"type":"Feature","properties":{"ok":1},"geometry":{"type":"Polygon","coordinates":[[[2.29789,48.84436],[2.30062,48.84436],[2.30062,48.84616],[2.29789,48.84616],[2.29789,48.84436]]]}},{"type":"Feature","properties":{"ok":1},"geometry":{"type":"Polygon","coordinates":[[[2.29789,48.84616],[2.30062,48.84616],[2.30062,48.84796],[2.29789,48.84796],[2.29789,48.84616]]]}},{"type":"Feature","properties":{"ok":1},"geometry":{"type":"Polygon","coordinates":[[[2.29789,48.84796],[2.30062,48.84796],[2.30062,48.84975],[2.29789,48.84975],[2.29789,48.84796]]]}},{"type":"Feature","properties":{"ok":1},"geometry":{"type":"Polygon","coordinates":[[[2.29789,48.84975],[2.30062,48.84975],[2.30062,48.85155],[2.29789,48.85155],[2.29789,48.84975]]]}},{"type":"Feature","properties":{"ok":1},"geometry":{"type":"Polygon","coordinates":[[[2.29789,48.85155],[2.30062,48.85155],[2.30062,48.85335],[2.29789,48.85335],[2.29789,48.85155]]]}},{"type":"Feature","properties":{"ok":1},"geometry":{"type":"Polygon","coordinates":[[[2.29789,48.85335],[2.30062,48.85335],[2.30062,48.85515],[2.29789,48.85515],[2.29789,48.85335]]]}},{"type":"Feature","properties":{"ok":1},"geometry":{"type":"Polygon","coordinates":[[[2.29789,48.85515],[2.30062,48.85515],[2.30062,48.85695],[2.29789,48.85695],[2.29789,48.85515]]]}},{"type":"Feature","properties":{"ok":1},"geometry":{"type":"Polygon","coordinates":[[[2.29789,48.85695],[2.30062,48.85695],[2.30062,48.85875],[2.29789,48.85875],[2.29789,48.85695]]]}},{"type":"Feature","properties":{"ok":1},"geometry":{"type":"Polygon","coordinates":[[[2.29789,48.85875],[2.30062,48.85875],[2.30062,48.86055],[2.29789,48.86055],[2.29789,48.85875]]]}},{"type":"Feature","properties":{"ok":1},"geometry":{"type":"Polygon","coordinates":[[[2.29789,48.86055],[2.30062,48.86055],[2.30062,48.86234],[2.29789,48.86234],[2.29789,48.86055]]]}},{"type":"Feature","properties":{"ok":1},"geometry":{"type":"Polygon","coordinates":[[[2.29789,48.86234],[2.30062,48.86234],[2.30062,48.86414],[2.29789,48.86414],[2.29789,48.86234]]]}},{"type":"Feature","properties":{"ok":1},"geometry":{"type":"Polygon","coordinates":[[[2.29789,48.86414],[2.30062,48.86414],[2.30062,48.86594],[2.29789,48.86594],[2.29789,48.86414]]]}},{"type":"Feature","properties":{"ok":1},"geometry":{"type":"Polygon","coordinates":[[[2.29789,48.86594],[2.30062,48.86594],[2.30062,48.86774],[2.29789,48.86774],[2.29789,48.86594]]]}},{"type":"Feature","properties":{"ok":1},"geometry":{"type":"Polygon","coordinates":[[[2.29789,48.86774],[2.30062,48.86774],[2.30062,48.86954],[2.29789,48.86954],[2.29789,48.86774]]]}},{"type":"Feature","properties":{"ok":1},"geometry":{"type":"Polygon","coordinates":[[[2.29789,48.86954],[2.30062,48.86954],[2.30062,48.87134],[2.29789,48.87134],[2.29789,48.86954]]]}},{"type":"Feature","properties":{"ok":1},"geometry":{"type":"Polygon","coordinates":[[[2.29789,48.87134],[2.30062,48.87134],[2.30062,48.87314],[2.29789,48.87314],[2.29789,48.87134]]]}},{"type":"Feature","properties":{"ok":1},"geometry":{"type":"Polygon","coordinates":[[[2.29789,48.87314],[2.30062,48.87314],[2.30062,48.87494],[2.29789,48.87494],[2.29789,48.87314]]]}},{"type":"Feature","properties":{"ok":1},"geometry":{"type":"Polygon","coordinates":[[[2.29789,48.87494],[2.30062,48.87494],[2.30062,48.87673],[2.29789,48.87673],[2.29789,48.87494]]]}},{"type":"Feature","properties":{"ok":1},"geometry":{"type":"Polygon","coordinates":[[[2.29789,48.87673],[2.30062,48.87673],[2.30062,48.87853],[2.29789,48.87853],[2.29789,48.87673]]]}},{"type":"Feature","properties":{"ok":1},"geometry":{"type":"Polygon","coordinates":[[[2.29789,48.87853],[2.30062,48.87853],[2.30062,48.88033],[2.29789,48.88033],[2.29789,48.87853]]]}},{"type":"Feature","properties":{"ok":1},"geometry":{"type":"Polygon","coordinates":[[[2.29789,48.88033],[2.30062,48.88033],[2.30062,48.88213],[2.29789,48.88213],[2.29789,48.88033]]]}},{"type":"Feature","properties":{"ok":1},"geometry":{"type":"Polygon","coordinates":[[[2.29789,48.88213],[2.30062,48.88213],[2.30062,48.88393],[2.29789,48.88393],[2.29789,48.88213]]]}},{"type":"Feature","properties":{"ok":1},"geometry":{"type":"Polygon","coordinates":[[[2.29789,48.88393],[2.30062,48.88393],[2.30062,48.88573],[2.29789,48.88573],[2.29789,48.88393]]]}},{"type":"Feature","properties":{"ok":1},"geometry":{"type":"Polygon","coordinates":[[[2.29789,48.88573],[2.30062,48.88573],[2.30062,48.88753],[2.29789,48.88753],[2.29789,48.88573]]]}},{"type":"Feature","properties":{"ok":1},"geometry":{"type":"Polygon","coordinates":[[[2.29789,48.88753],[2.30062,48.88753],[2.30062,48.88932],[2.29789,48.88932],[2.29789,48.88753]]]}},{"type":"Feature","properties":{"ok":1},"geometry":{"type":"Polygon","coordinates":[[[2.29789,48.88932],[2.30062,48.88932],[2.30062,48.89112],[2.29789,48.89112],[2.29789,48.88932]]]}},{"type":"Feature","properties":{"ok":1},"geometry":{"type":"Polygon","coordinates":[[[2.29789,48.89112],[2.30062,48.89112],[2.30062,48.89292],[2.29789,48.89292],[2.29789,48.89112]]]}},{"type":"Feature","properties":{"ok":1},"geometry":{"type":"Polygon","coordinates":[[[2.30062,48.82457],[2.30336,48.82457],[2.30336,48.82637],[2.30062,48.82637],[2.30062,48.82457]]]}},{"type":"Feature","properties":{"ok":1},"geometry":{"type":"Polygon","coordinates":[[[2.30062,48.82637],[2.30336,48.82637],[2.30336,48.82817],[2.30062,48.82817],[2.30062,48.82637]]]}},{"type":"Feature","properties":{"ok":1},"geometry":{"type":"Polygon","coordinates":[[[2.30062,48.82817],[2.30336,48.82817],[2.30336,48.82997],[2.30062,48.82997],[2.30062,48.82817]]]}},{"type":"Feature","properties":{"ok":1},"geometry":{"type":"Polygon","coordinates":[[[2.30062,48.82997],[2.30336,48.82997],[2.30336,48.83177],[2.30062,48.83177],[2.30062,48.82997]]]}},{"type":"Feature","properties":{"ok":1},"geometry":{"type":"Polygon","coordinates":[[[2.30062,48.83177],[2.30336,48.83177],[2.30336,48.83357],[2.30062,48.83357],[2.30062,48.83177]]]}},{"type":"Feature","properties":{"ok":1},"geometry":{"type":"Polygon","coordinates":[[[2.30062,48.83357],[2.30336,48.83357],[2.30336,48.83537],[2.30062,48.83537],[2.30062,48.83357]]]}},{"type":"Feature","properties":{"ok":1},"geometry":{"type":"Polygon","coordinates":[[[2.30062,48.83537],[2.30336,48.83537],[2.30336,48.83716],[2.30062,48.83716],[2.30062,48.83537]]]}},{"type":"Feature","properties":{"ok":1},"geometry":{"type":"Polygon","coordinates":[[[2.30062,48.83716],[2.30336,48.83716],[2.30336,48.83896],[2.30062,48.83896],[2.30062,48.83716]]]}},{"type":"Feature","properties":{"ok":1},"geometry":{"type":"Polygon","coordinates":[[[2.30062,48.83896],[2.30336,48.83896],[2.30336,48.84076],[2.30062,48.84076],[2.30062,48.83896]]]}},{"type":"Feature","properties":{"ok":1},"geometry":{"type":"Polygon","coordinates":[[[2.30062,48.84076],[2.30336,48.84076],[2.30336,48.84256],[2.30062,48.84256],[2.30062,48.84076]]]}},{"type":"Feature","properties":{"ok":1},"geometry":{"type":"Polygon","coordinates":[[[2.30062,48.84256],[2.30336,48.84256],[2.30336,48.84436],[2.30062,48.84436],[2.30062,48.84256]]]}},{"type":"Feature","properties":{"ok":1},"geometry":{"type":"Polygon","coordinates":[[[2.30062,48.84436],[2.30336,48.84436],[2.30336,48.84616],[2.30062,48.84616],[2.30062,48.84436]]]}},{"type":"Feature","properties":{"ok":1},"geometry":{"type":"Polygon","coordinates":[[[2.30062,48.84616],[2.30336,48.84616],[2.30336,48.84796],[2.30062,48.84796],[2.30062,48.84616]]]}},{"type":"Feature","properties":{"ok":1},"geometry":{"type":"Polygon","coordinates":[[[2.30062,48.84796],[2.30336,48.84796],[2.30336,48.84975],[2.30062,48.84975],[2.30062,48.84796]]]}},{"type":"Feature","properties":{"ok":1},"geometry":{"type":"Polygon","coordinates":[[[2.30062,48.84975],[2.30336,48.84975],[2.30336,48.85155],[2.30062,48.85155],[2.30062,48.84975]]]}},{"type":"Feature","properties":{"ok":1},"geometry":{"type":"Polygon","coordinates":[[[2.30062,48.85155],[2.30336,48.85155],[2.30336,48.85335],[2.30062,48.85335],[2.30062,48.85155]]]}},{"type":"Feature","properties":{"ok":1},"geometry":{"type":"Polygon","coordinates":[[[2.30062,48.85335],[2.30336,48.85335],[2.30336,48.85515],[2.30062,48.85515],[2.30062,48.85335]]]}},{"type":"Feature","properties":{"ok":1},"geometry":{"type":"Polygon","coordinates":[[[2.30062,48.85515],[2.30336,48.85515],[2.30336,48.85695],[2.30062,48.85695],[2.30062,48.85515]]]}},{"type":"Feature","properties":{"ok":1},"geometry":{"type":"Polygon","coordinates":[[[2.30062,48.85695],[2.30336,48.85695],[2.30336,48.85875],[2.30062,48.85875],[2.30062,48.85695]]]}},{"type":"Feature","properties":{"ok":1},"geometry":{"type":"Polygon","coordinates":[[[2.30062,48.85875],[2.30336,48.85875],[2.30336,48.86055],[2.30062,48.86055],[2.30062,48.85875]]]}},{"type":"Feature","properties":{"ok":1},"geometry":{"type":"Polygon","coordinates":[[[2.30062,48.86055],[2.30336,48.86055],[2.30336,48.86234],[2.30062,48.86234],[2.30062,48.86055]]]}},{"type":"Feature","properties":{"ok":1},"geometry":{"type":"Polygon","coordinates":[[[2.30062,48.86234],[2.30336,48.86234],[2.30336,48.86414],[2.30062,48.86414],[2.30062,48.86234]]]}},{"type":"Feature","properties":{"ok":1},"geometry":{"type":"Polygon","coordinates":[[[2.30062,48.86414],[2.30336,48.86414],[2.30336,48.86594],[2.30062,48.86594],[2.30062,48.86414]]]}},{"type":"Feature","properties":{"ok":1},"geometry":{"type":"Polygon","coordinates":[[[2.30062,48.86594],[2.30336,48.86594],[2.30336,48.86774],[2.30062,48.86774],[2.30062,48.86594]]]}},{"type":"Feature","properties":{"ok":1},"geometry":{"type":"Polygon","coordinates":[[[2.30062,48.86774],[2.30336,48.86774],[2.30336,48.86954],[2.30062,48.86954],[2.30062,48.86774]]]}},{"type":"Feature","properties":{"ok":1},"geometry":{"type":"Polygon","coordinates":[[[2.30062,48.86954],[2.30336,48.86954],[2.30336,48.87134],[2.30062,48.87134],[2.30062,48.86954]]]}},{"type":"Feature","properties":{"ok":1},"geometry":{"type":"Polygon","coordinates":[[[2.30062,48.87134],[2.30336,48.87134],[2.30336,48.87314],[2.30062,48.87314],[2.30062,48.87134]]]}},{"type":"Feature","properties":{"ok":1},"geometry":{"type":"Polygon","coordinates":[[[2.30062,48.87314],[2.30336,48.87314],[2.30336,48.87494],[2.30062,48.87494],[2.30062,48.87314]]]}},{"type":"Feature","properties":{"ok":1},"geometry":{"type":"Polygon","coordinates":[[[2.30062,48.87494],[2.30336,48.87494],[2.30336,48.87673],[2.30062,48.87673],[2.30062,48.87494]]]}},{"type":"Feature","properties":{"ok":1},"geometry":{"type":"Polygon","coordinates":[[[2.30062,48.87673],[2.30336,48.87673],[2.30336,48.87853],[2.30062,48.87853],[2.30062,48.87673]]]}},{"type":"Feature","properties":{"ok":1},"geometry":{"type":"Polygon","coordinates":[[[2.30062,48.87853],[2.30336,48.87853],[2.30336,48.88033],[2.30062,48.88033],[2.30062,48.87853]]]}},{"type":"Feature","properties":{"ok":1},"geometry":{"type":"Polygon","coordinates":[[[2.30062,48.88033],[2.30336,48.88033],[2.30336,48.88213],[2.30062,48.88213],[2.30062,48.88033]]]}},{"type":"Feature","properties":{"ok":1},"geometry":{"type":"Polygon","coordinates":[[[2.30062,48.88213],[2.30336,48.88213],[2.30336,48.88393],[2.30062,48.88393],[2.30062,48.88213]]]}},{"type":"Feature","properties":{"ok":1},"geometry":{"type":"Polygon","coordinates":[[[2.30062,48.88393],[2.30336,48.88393],[2.30336,48.88573],[2.30062,48.88573],[2.30062,48.88393]]]}},{"type":"Feature","properties":{"ok":1},"geometry":{"type":"Polygon","coordinates":[[[2.30062,48.88573],[2.30336,48.88573],[2.30336,48.88753],[2.30062,48.88753],[2.30062,48.88573]]]}},{"type":"Feature","properties":{"ok":1},"geometry":{"type":"Polygon","coordinates":[[[2.30062,48.88753],[2.30336,48.88753],[2.30336,48.88932],[2.30062,48.88932],[2.30062,48.88753]]]}},{"type":"Feature","properties":{"ok":1},"geometry":{"type":"Polygon","coordinates":[[[2.30062,48.88932],[2.30336,48.88932],[2.30336,48.89112],[2.30062,48.89112],[2.30062,48.88932]]]}},{"type":"Feature","properties":{"ok":1},"geometry":{"type":"Polygon","coordinates":[[[2.30062,48.89112],[2.30336,48.89112],[2.30336,48.89292],[2.30062,48.89292],[2.30062,48.89112]]]}},{"type":"Feature","properties":{"ok":1},"geometry":{"type":"Polygon","coordinates":[[[2.30336,48.82457],[2.30609,48.82457],[2.30609,48.82637],[2.30336,48.82637],[2.30336,48.82457]]]}},{"type":"Feature","properties":{"ok":1},"geometry":{"type":"Polygon","coordinates":[[[2.30336,48.82637],[2.30609,48.82637],[2.30609,48.82817],[2.30336,48.82817],[2.30336,48.82637]]]}},{"type":"Feature","properties":{"ok":1},"geometry":{"type":"Polygon","coordinates":[[[2.30336,48.82817],[2.30609,48.82817],[2.30609,48.82997],[2.30336,48.82997],[2.30336,48.82817]]]}},{"type":"Feature","properties":{"ok":1},"geometry":{"type":"Polygon","coordinates":[[[2.30336,48.82997],[2.30609,48.82997],[2.30609,48.83177],[2.30336,48.83177],[2.30336,48.82997]]]}},{"type":"Feature","properties":{"ok":1},"geometry":{"type":"Polygon","coordinates":[[[2.30336,48.83177],[2.30609,48.83177],[2.30609,48.83357],[2.30336,48.83357],[2.30336,48.83177]]]}},{"type":"Feature","properties":{"ok":1},"geometry":{"type":"Polygon","coordinates":[[[2.30336,48.83357],[2.30609,48.83357],[2.30609,48.83537],[2.30336,48.83537],[2.30336,48.83357]]]}},{"type":"Feature","properties":{"ok":1},"geometry":{"type":"Polygon","coordinates":[[[2.30336,48.83537],[2.30609,48.83537],[2.30609,48.83716],[2.30336,48.83716],[2.30336,48.83537]]]}},{"type":"Feature","properties":{"ok":1},"geometry":{"type":"Polygon","coordinates":[[[2.30336,48.83716],[2.30609,48.83716],[2.30609,48.83896],[2.30336,48.83896],[2.30336,48.83716]]]}},{"type":"Feature","properties":{"ok":1},"geometry":{"type":"Polygon","coordinates":[[[2.30336,48.83896],[2.30609,48.83896],[2.30609,48.84076],[2.30336,48.84076],[2.30336,48.83896]]]}},{"type":"Feature","properties":{"ok":1},"geometry":{"type":"Polygon","coordinates":[[[2.30336,48.84076],[2.30609,48.84076],[2.30609,48.84256],[2.30336,48.84256],[2.30336,48.84076]]]}},{"type":"Feature","properties":{"ok":1},"geometry":{"type":"Polygon","coordinates":[[[2.30336,48.84256],[2.30609,48.84256],[2.30609,48.84436],[2.30336,48.84436],[2.30336,48.84256]]]}},{"type":"Feature","properties":{"ok":1},"geometry":{"type":"Polygon","coordinates":[[[2.30336,48.84436],[2.30609,48.84436],[2.30609,48.84616],[2.30336,48.84616],[2.30336,48.84436]]]}},{"type":"Feature","properties":{"ok":1},"geometry":{"type":"Polygon","coordinates":[[[2.30336,48.84616],[2.30609,48.84616],[2.30609,48.84796],[2.30336,48.84796],[2.30336,48.84616]]]}},{"type":"Feature","properties":{"ok":1},"geometry":{"type":"Polygon","coordinates":[[[2.30336,48.84796],[2.30609,48.84796],[2.30609,48.84975],[2.30336,48.84975],[2.30336,48.84796]]]}},{"type":"Feature","properties":{"ok":1},"geometry":{"type":"Polygon","coordinates":[[[2.30336,48.84975],[2.30609,48.84975],[2.30609,48.85155],[2.30336,48.85155],[2.30336,48.84975]]]}},{"type":"Feature","properties":{"ok":1},"geometry":{"type":"Polygon","coordinates":[[[2.30336,48.85155],[2.30609,48.85155],[2.30609,48.85335],[2.30336,48.85335],[2.30336,48.85155]]]}},{"type":"Feature","properties":{"ok":1},"geometry":{"type":"Polygon","coordinates":[[[2.30336,48.85335],[2.30609,48.85335],[2.30609,48.85515],[2.30336,48.85515],[2.30336,48.85335]]]}},{"type":"Feature","properties":{"ok":1},"geometry":{"type":"Polygon","coordinates":[[[2.30336,48.85515],[2.30609,48.85515],[2.30609,48.85695],[2.30336,48.85695],[2.30336,48.85515]]]}},{"type":"Feature","properties":{"ok":1},"geometry":{"type":"Polygon","coordinates":[[[2.30336,48.85695],[2.30609,48.85695],[2.30609,48.85875],[2.30336,48.85875],[2.30336,48.85695]]]}},{"type":"Feature","properties":{"ok":1},"geometry":{"type":"Polygon","coordinates":[[[2.30336,48.85875],[2.30609,48.85875],[2.30609,48.86055],[2.30336,48.86055],[2.30336,48.85875]]]}},{"type":"Feature","properties":{"ok":1},"geometry":{"type":"Polygon","coordinates":[[[2.30336,48.86055],[2.30609,48.86055],[2.30609,48.86234],[2.30336,48.86234],[2.30336,48.86055]]]}},{"type":"Feature","properties":{"ok":1},"geometry":{"type":"Polygon","coordinates":[[[2.30336,48.86234],[2.30609,48.86234],[2.30609,48.86414],[2.30336,48.86414],[2.30336,48.86234]]]}},{"type":"Feature","properties":{"ok":1},"geometry":{"type":"Polygon","coordinates":[[[2.30336,48.86414],[2.30609,48.86414],[2.30609,48.86594],[2.30336,48.86594],[2.30336,48.86414]]]}},{"type":"Feature","properties":{"ok":1},"geometry":{"type":"Polygon","coordinates":[[[2.30336,48.86594],[2.30609,48.86594],[2.30609,48.86774],[2.30336,48.86774],[2.30336,48.86594]]]}},{"type":"Feature","properties":{"ok":1},"geometry":{"type":"Polygon","coordinates":[[[2.30336,48.86774],[2.30609,48.86774],[2.30609,48.86954],[2.30336,48.86954],[2.30336,48.86774]]]}},{"type":"Feature","properties":{"ok":1},"geometry":{"type":"Polygon","coordinates":[[[2.30336,48.86954],[2.30609,48.86954],[2.30609,48.87134],[2.30336,48.87134],[2.30336,48.86954]]]}},{"type":"Feature","properties":{"ok":1},"geometry":{"type":"Polygon","coordinates":[[[2.30336,48.87134],[2.30609,48.87134],[2.30609,48.87314],[2.30336,48.87314],[2.30336,48.87134]]]}},{"type":"Feature","properties":{"ok":1},"geometry":{"type":"Polygon","coordinates":[[[2.30336,48.87314],[2.30609,48.87314],[2.30609,48.87494],[2.30336,48.87494],[2.30336,48.87314]]]}},{"type":"Feature","properties":{"ok":1},"geometry":{"type":"Polygon","coordinates":[[[2.30336,48.87494],[2.30609,48.87494],[2.30609,48.87673],[2.30336,48.87673],[2.30336,48.87494]]]}},{"type":"Feature","properties":{"ok":1},"geometry":{"type":"Polygon","coordinates":[[[2.30336,48.87673],[2.30609,48.87673],[2.30609,48.87853],[2.30336,48.87853],[2.30336,48.87673]]]}},{"type":"Feature","properties":{"ok":1},"geometry":{"type":"Polygon","coordinates":[[[2.30336,48.87853],[2.30609,48.87853],[2.30609,48.88033],[2.30336,48.88033],[2.30336,48.87853]]]}},{"type":"Feature","properties":{"ok":1},"geometry":{"type":"Polygon","coordinates":[[[2.30336,48.88033],[2.30609,48.88033],[2.30609,48.88213],[2.30336,48.88213],[2.30336,48.88033]]]}},{"type":"Feature","properties":{"ok":1},"geometry":{"type":"Polygon","coordinates":[[[2.30336,48.88213],[2.30609,48.88213],[2.30609,48.88393],[2.30336,48.88393],[2.30336,48.88213]]]}},{"type":"Feature","properties":{"ok":1},"geometry":{"type":"Polygon","coordinates":[[[2.30336,48.88393],[2.30609,48.88393],[2.30609,48.88573],[2.30336,48.88573],[2.30336,48.88393]]]}},{"type":"Feature","properties":{"ok":1},"geometry":{"type":"Polygon","coordinates":[[[2.30336,48.88573],[2.30609,48.88573],[2.30609,48.88753],[2.30336,48.88753],[2.30336,48.88573]]]}},{"type":"Feature","properties":{"ok":1},"geometry":{"type":"Polygon","coordinates":[[[2.30336,48.88753],[2.30609,48.88753],[2.30609,48.88932],[2.30336,48.88932],[2.30336,48.88753]]]}},{"type":"Feature","properties":{"ok":1},"geometry":{"type":"Polygon","coordinates":[[[2.30336,48.88932],[2.30609,48.88932],[2.30609,48.89112],[2.30336,48.89112],[2.30336,48.88932]]]}},{"type":"Feature","properties":{"ok":1},"geometry":{"type":"Polygon","coordinates":[[[2.30336,48.89112],[2.30609,48.89112],[2.30609,48.89292],[2.30336,48.89292],[2.30336,48.89112]]]}},{"type":"Feature","properties":{"ok":1},"geometry":{"type":"Polygon","coordinates":[[[2.30336,48.89292],[2.30609,48.89292],[2.30609,48.89472],[2.30336,48.89472],[2.30336,48.89292]]]}},{"type":"Feature","properties":{"ok":1},"geometry":{"type":"Polygon","coordinates":[[[2.30609,48.82457],[2.30883,48.82457],[2.30883,48.82637],[2.30609,48.82637],[2.30609,48.82457]]]}},{"type":"Feature","properties":{"ok":1},"geometry":{"type":"Polygon","coordinates":[[[2.30609,48.82637],[2.30883,48.82637],[2.30883,48.82817],[2.30609,48.82817],[2.30609,48.82637]]]}},{"type":"Feature","properties":{"ok":1},"geometry":{"type":"Polygon","coordinates":[[[2.30609,48.82817],[2.30883,48.82817],[2.30883,48.82997],[2.30609,48.82997],[2.30609,48.82817]]]}},{"type":"Feature","properties":{"ok":1},"geometry":{"type":"Polygon","coordinates":[[[2.30609,48.82997],[2.30883,48.82997],[2.30883,48.83177],[2.30609,48.83177],[2.30609,48.82997]]]}},{"type":"Feature","properties":{"ok":1},"geometry":{"type":"Polygon","coordinates":[[[2.30609,48.83177],[2.30883,48.83177],[2.30883,48.83357],[2.30609,48.83357],[2.30609,48.83177]]]}},{"type":"Feature","properties":{"ok":1},"geometry":{"type":"Polygon","coordinates":[[[2.30609,48.83357],[2.30883,48.83357],[2.30883,48.83537],[2.30609,48.83537],[2.30609,48.83357]]]}},{"type":"Feature","properties":{"ok":1},"geometry":{"type":"Polygon","coordinates":[[[2.30609,48.83537],[2.30883,48.83537],[2.30883,48.83716],[2.30609,48.83716],[2.30609,48.83537]]]}},{"type":"Feature","properties":{"ok":1},"geometry":{"type":"Polygon","coordinates":[[[2.30609,48.83716],[2.30883,48.83716],[2.30883,48.83896],[2.30609,48.83896],[2.30609,48.83716]]]}},{"type":"Feature","properties":{"ok":1},"geometry":{"type":"Polygon","coordinates":[[[2.30609,48.83896],[2.30883,48.83896],[2.30883,48.84076],[2.30609,48.84076],[2.30609,48.83896]]]}},{"type":"Feature","properties":{"ok":1},"geometry":{"type":"Polygon","coordinates":[[[2.30609,48.84076],[2.30883,48.84076],[2.30883,48.84256],[2.30609,48.84256],[2.30609,48.84076]]]}},{"type":"Feature","properties":{"ok":1},"geometry":{"type":"Polygon","coordinates":[[[2.30609,48.84256],[2.30883,48.84256],[2.30883,48.84436],[2.30609,48.84436],[2.30609,48.84256]]]}},{"type":"Feature","properties":{"ok":1},"geometry":{"type":"Polygon","coordinates":[[[2.30609,48.84436],[2.30883,48.84436],[2.30883,48.84616],[2.30609,48.84616],[2.30609,48.84436]]]}},{"type":"Feature","properties":{"ok":1},"geometry":{"type":"Polygon","coordinates":[[[2.30609,48.84616],[2.30883,48.84616],[2.30883,48.84796],[2.30609,48.84796],[2.30609,48.84616]]]}},{"type":"Feature","properties":{"ok":1},"geometry":{"type":"Polygon","coordinates":[[[2.30609,48.84796],[2.30883,48.84796],[2.30883,48.84975],[2.30609,48.84975],[2.30609,48.84796]]]}},{"type":"Feature","properties":{"ok":1},"geometry":{"type":"Polygon","coordinates":[[[2.30609,48.84975],[2.30883,48.84975],[2.30883,48.85155],[2.30609,48.85155],[2.30609,48.84975]]]}},{"type":"Feature","properties":{"ok":1},"geometry":{"type":"Polygon","coordinates":[[[2.30609,48.85155],[2.30883,48.85155],[2.30883,48.85335],[2.30609,48.85335],[2.30609,48.85155]]]}},{"type":"Feature","properties":{"ok":1},"geometry":{"type":"Polygon","coordinates":[[[2.30609,48.85335],[2.30883,48.85335],[2.30883,48.85515],[2.30609,48.85515],[2.30609,48.85335]]]}},{"type":"Feature","properties":{"ok":1},"geometry":{"type":"Polygon","coordinates":[[[2.30609,48.85515],[2.30883,48.85515],[2.30883,48.85695],[2.30609,48.85695],[2.30609,48.85515]]]}},{"type":"Feature","properties":{"ok":1},"geometry":{"type":"Polygon","coordinates":[[[2.30609,48.85695],[2.30883,48.85695],[2.30883,48.85875],[2.30609,48.85875],[2.30609,48.85695]]]}},{"type":"Feature","properties":{"ok":1},"geometry":{"type":"Polygon","coordinates":[[[2.30609,48.85875],[2.30883,48.85875],[2.30883,48.86055],[2.30609,48.86055],[2.30609,48.85875]]]}},{"type":"Feature","properties":{"ok":1},"geometry":{"type":"Polygon","coordinates":[[[2.30609,48.86055],[2.30883,48.86055],[2.30883,48.86234],[2.30609,48.86234],[2.30609,48.86055]]]}},{"type":"Feature","properties":{"ok":1},"geometry":{"type":"Polygon","coordinates":[[[2.30609,48.86234],[2.30883,48.86234],[2.30883,48.86414],[2.30609,48.86414],[2.30609,48.86234]]]}},{"type":"Feature","properties":{"ok":1},"geometry":{"type":"Polygon","coordinates":[[[2.30609,48.86414],[2.30883,48.86414],[2.30883,48.86594],[2.30609,48.86594],[2.30609,48.86414]]]}},{"type":"Feature","properties":{"ok":1},"geometry":{"type":"Polygon","coordinates":[[[2.30609,48.86594],[2.30883,48.86594],[2.30883,48.86774],[2.30609,48.86774],[2.30609,48.86594]]]}},{"type":"Feature","properties":{"ok":1},"geometry":{"type":"Polygon","coordinates":[[[2.30609,48.86774],[2.30883,48.86774],[2.30883,48.86954],[2.30609,48.86954],[2.30609,48.86774]]]}},{"type":"Feature","properties":{"ok":1},"geometry":{"type":"Polygon","coordinates":[[[2.30609,48.86954],[2.30883,48.86954],[2.30883,48.87134],[2.30609,48.87134],[2.30609,48.86954]]]}},{"type":"Feature","properties":{"ok":1},"geometry":{"type":"Polygon","coordinates":[[[2.30609,48.87134],[2.30883,48.87134],[2.30883,48.87314],[2.30609,48.87314],[2.30609,48.87134]]]}},{"type":"Feature","properties":{"ok":1},"geometry":{"type":"Polygon","coordinates":[[[2.30609,48.87314],[2.30883,48.87314],[2.30883,48.87494],[2.30609,48.87494],[2.30609,48.87314]]]}},{"type":"Feature","properties":{"ok":1},"geometry":{"type":"Polygon","coordinates":[[[2.30609,48.87494],[2.30883,48.87494],[2.30883,48.87673],[2.30609,48.87673],[2.30609,48.87494]]]}},{"type":"Feature","properties":{"ok":1},"geometry":{"type":"Polygon","coordinates":[[[2.30609,48.87673],[2.30883,48.87673],[2.30883,48.87853],[2.30609,48.87853],[2.30609,48.87673]]]}},{"type":"Feature","properties":{"ok":1},"geometry":{"type":"Polygon","coordinates":[[[2.30609,48.87853],[2.30883,48.87853],[2.30883,48.88033],[2.30609,48.88033],[2.30609,48.87853]]]}},{"type":"Feature","properties":{"ok":1},"geometry":{"type":"Polygon","coordinates":[[[2.30609,48.88033],[2.30883,48.88033],[2.30883,48.88213],[2.30609,48.88213],[2.30609,48.88033]]]}},{"type":"Feature","properties":{"ok":1},"geometry":{"type":"Polygon","coordinates":[[[2.30609,48.88213],[2.30883,48.88213],[2.30883,48.88393],[2.30609,48.88393],[2.30609,48.88213]]]}},{"type":"Feature","properties":{"ok":1},"geometry":{"type":"Polygon","coordinates":[[[2.30609,48.88393],[2.30883,48.88393],[2.30883,48.88573],[2.30609,48.88573],[2.30609,48.88393]]]}},{"type":"Feature","properties":{"ok":1},"geometry":{"type":"Polygon","coordinates":[[[2.30609,48.88573],[2.30883,48.88573],[2.30883,48.88753],[2.30609,48.88753],[2.30609,48.88573]]]}},{"type":"Feature","properties":{"ok":1},"geometry":{"type":"Polygon","coordinates":[[[2.30609,48.88753],[2.30883,48.88753],[2.30883,48.88932],[2.30609,48.88932],[2.30609,48.88753]]]}},{"type":"Feature","properties":{"ok":1},"geometry":{"type":"Polygon","coordinates":[[[2.30609,48.88932],[2.30883,48.88932],[2.30883,48.89112],[2.30609,48.89112],[2.30609,48.88932]]]}},{"type":"Feature","properties":{"ok":1},"geometry":{"type":"Polygon","coordinates":[[[2.30609,48.89112],[2.30883,48.89112],[2.30883,48.89292],[2.30609,48.89292],[2.30609,48.89112]]]}},{"type":"Feature","properties":{"ok":1},"geometry":{"type":"Polygon","coordinates":[[[2.30609,48.89292],[2.30883,48.89292],[2.30883,48.89472],[2.30609,48.89472],[2.30609,48.89292]]]}},{"type":"Feature","properties":{"ok":1},"geometry":{"type":"Polygon","coordinates":[[[2.30609,48.89472],[2.30883,48.89472],[2.30883,48.89652],[2.30609,48.89652],[2.30609,48.89472]]]}},{"type":"Feature","properties":{"ok":1},"geometry":{"type":"Polygon","coordinates":[[[2.30883,48.82277],[2.31156,48.82277],[2.31156,48.82457],[2.30883,48.82457],[2.30883,48.82277]]]}},{"type":"Feature","properties":{"ok":1},"geometry":{"type":"Polygon","coordinates":[[[2.30883,48.82457],[2.31156,48.82457],[2.31156,48.82637],[2.30883,48.82637],[2.30883,48.82457]]]}},{"type":"Feature","properties":{"ok":1},"geometry":{"type":"Polygon","coordinates":[[[2.30883,48.82637],[2.31156,48.82637],[2.31156,48.82817],[2.30883,48.82817],[2.30883,48.82637]]]}},{"type":"Feature","properties":{"ok":1},"geometry":{"type":"Polygon","coordinates":[[[2.30883,48.82817],[2.31156,48.82817],[2.31156,48.82997],[2.30883,48.82997],[2.30883,48.82817]]]}},{"type":"Feature","properties":{"ok":1},"geometry":{"type":"Polygon","coordinates":[[[2.30883,48.82997],[2.31156,48.82997],[2.31156,48.83177],[2.30883,48.83177],[2.30883,48.82997]]]}},{"type":"Feature","properties":{"ok":1},"geometry":{"type":"Polygon","coordinates":[[[2.30883,48.83177],[2.31156,48.83177],[2.31156,48.83357],[2.30883,48.83357],[2.30883,48.83177]]]}},{"type":"Feature","properties":{"ok":1},"geometry":{"type":"Polygon","coordinates":[[[2.30883,48.83357],[2.31156,48.83357],[2.31156,48.83537],[2.30883,48.83537],[2.30883,48.83357]]]}},{"type":"Feature","properties":{"ok":1},"geometry":{"type":"Polygon","coordinates":[[[2.30883,48.83537],[2.31156,48.83537],[2.31156,48.83716],[2.30883,48.83716],[2.30883,48.83537]]]}},{"type":"Feature","properties":{"ok":1},"geometry":{"type":"Polygon","coordinates":[[[2.30883,48.83716],[2.31156,48.83716],[2.31156,48.83896],[2.30883,48.83896],[2.30883,48.83716]]]}},{"type":"Feature","properties":{"ok":1},"geometry":{"type":"Polygon","coordinates":[[[2.30883,48.83896],[2.31156,48.83896],[2.31156,48.84076],[2.30883,48.84076],[2.30883,48.83896]]]}},{"type":"Feature","properties":{"ok":1},"geometry":{"type":"Polygon","coordinates":[[[2.30883,48.84076],[2.31156,48.84076],[2.31156,48.84256],[2.30883,48.84256],[2.30883,48.84076]]]}},{"type":"Feature","properties":{"ok":1},"geometry":{"type":"Polygon","coordinates":[[[2.30883,48.84256],[2.31156,48.84256],[2.31156,48.84436],[2.30883,48.84436],[2.30883,48.84256]]]}},{"type":"Feature","properties":{"ok":1},"geometry":{"type":"Polygon","coordinates":[[[2.30883,48.84436],[2.31156,48.84436],[2.31156,48.84616],[2.30883,48.84616],[2.30883,48.84436]]]}},{"type":"Feature","properties":{"ok":1},"geometry":{"type":"Polygon","coordinates":[[[2.30883,48.84616],[2.31156,48.84616],[2.31156,48.84796],[2.30883,48.84796],[2.30883,48.84616]]]}},{"type":"Feature","properties":{"ok":1},"geometry":{"type":"Polygon","coordinates":[[[2.30883,48.84796],[2.31156,48.84796],[2.31156,48.84975],[2.30883,48.84975],[2.30883,48.84796]]]}},{"type":"Feature","properties":{"ok":1},"geometry":{"type":"Polygon","coordinates":[[[2.30883,48.84975],[2.31156,48.84975],[2.31156,48.85155],[2.30883,48.85155],[2.30883,48.84975]]]}},{"type":"Feature","properties":{"ok":1},"geometry":{"type":"Polygon","coordinates":[[[2.30883,48.85155],[2.31156,48.85155],[2.31156,48.85335],[2.30883,48.85335],[2.30883,48.85155]]]}},{"type":"Feature","properties":{"ok":1},"geometry":{"type":"Polygon","coordinates":[[[2.30883,48.85335],[2.31156,48.85335],[2.31156,48.85515],[2.30883,48.85515],[2.30883,48.85335]]]}},{"type":"Feature","properties":{"ok":1},"geometry":{"type":"Polygon","coordinates":[[[2.30883,48.85515],[2.31156,48.85515],[2.31156,48.85695],[2.30883,48.85695],[2.30883,48.85515]]]}},{"type":"Feature","properties":{"ok":1},"geometry":{"type":"Polygon","coordinates":[[[2.30883,48.85695],[2.31156,48.85695],[2.31156,48.85875],[2.30883,48.85875],[2.30883,48.85695]]]}},{"type":"Feature","properties":{"ok":1},"geometry":{"type":"Polygon","coordinates":[[[2.30883,48.85875],[2.31156,48.85875],[2.31156,48.86055],[2.30883,48.86055],[2.30883,48.85875]]]}},{"type":"Feature","properties":{"ok":1},"geometry":{"type":"Polygon","coordinates":[[[2.30883,48.86055],[2.31156,48.86055],[2.31156,48.86234],[2.30883,48.86234],[2.30883,48.86055]]]}},{"type":"Feature","properties":{"ok":1},"geometry":{"type":"Polygon","coordinates":[[[2.30883,48.86234],[2.31156,48.86234],[2.31156,48.86414],[2.30883,48.86414],[2.30883,48.86234]]]}},{"type":"Feature","properties":{"ok":1},"geometry":{"type":"Polygon","coordinates":[[[2.30883,48.86414],[2.31156,48.86414],[2.31156,48.86594],[2.30883,48.86594],[2.30883,48.86414]]]}},{"type":"Feature","properties":{"ok":1},"geometry":{"type":"Polygon","coordinates":[[[2.30883,48.86594],[2.31156,48.86594],[2.31156,48.86774],[2.30883,48.86774],[2.30883,48.86594]]]}},{"type":"Feature","properties":{"ok":1},"geometry":{"type":"Polygon","coordinates":[[[2.30883,48.86774],[2.31156,48.86774],[2.31156,48.86954],[2.30883,48.86954],[2.30883,48.86774]]]}},{"type":"Feature","properties":{"ok":1},"geometry":{"type":"Polygon","coordinates":[[[2.30883,48.86954],[2.31156,48.86954],[2.31156,48.87134],[2.30883,48.87134],[2.30883,48.86954]]]}},{"type":"Feature","properties":{"ok":1},"geometry":{"type":"Polygon","coordinates":[[[2.30883,48.87134],[2.31156,48.87134],[2.31156,48.87314],[2.30883,48.87314],[2.30883,48.87134]]]}},{"type":"Feature","properties":{"ok":1},"geometry":{"type":"Polygon","coordinates":[[[2.30883,48.87314],[2.31156,48.87314],[2.31156,48.87494],[2.30883,48.87494],[2.30883,48.87314]]]}},{"type":"Feature","properties":{"ok":1},"geometry":{"type":"Polygon","coordinates":[[[2.30883,48.87494],[2.31156,48.87494],[2.31156,48.87673],[2.30883,48.87673],[2.30883,48.87494]]]}},{"type":"Feature","properties":{"ok":1},"geometry":{"type":"Polygon","coordinates":[[[2.30883,48.87673],[2.31156,48.87673],[2.31156,48.87853],[2.30883,48.87853],[2.30883,48.87673]]]}},{"type":"Feature","properties":{"ok":1},"geometry":{"type":"Polygon","coordinates":[[[2.30883,48.87853],[2.31156,48.87853],[2.31156,48.88033],[2.30883,48.88033],[2.30883,48.87853]]]}},{"type":"Feature","properties":{"ok":1},"geometry":{"type":"Polygon","coordinates":[[[2.30883,48.88033],[2.31156,48.88033],[2.31156,48.88213],[2.30883,48.88213],[2.30883,48.88033]]]}},{"type":"Feature","properties":{"ok":1},"geometry":{"type":"Polygon","coordinates":[[[2.30883,48.88213],[2.31156,48.88213],[2.31156,48.88393],[2.30883,48.88393],[2.30883,48.88213]]]}},{"type":"Feature","properties":{"ok":1},"geometry":{"type":"Polygon","coordinates":[[[2.30883,48.88393],[2.31156,48.88393],[2.31156,48.88573],[2.30883,48.88573],[2.30883,48.88393]]]}},{"type":"Feature","properties":{"ok":1},"geometry":{"type":"Polygon","coordinates":[[[2.30883,48.88573],[2.31156,48.88573],[2.31156,48.88753],[2.30883,48.88753],[2.30883,48.88573]]]}},{"type":"Feature","properties":{"ok":1},"geometry":{"type":"Polygon","coordinates":[[[2.30883,48.88753],[2.31156,48.88753],[2.31156,48.88932],[2.30883,48.88932],[2.30883,48.88753]]]}},{"type":"Feature","properties":{"ok":1},"geometry":{"type":"Polygon","coordinates":[[[2.30883,48.88932],[2.31156,48.88932],[2.31156,48.89112],[2.30883,48.89112],[2.30883,48.88932]]]}},{"type":"Feature","properties":{"ok":1},"geometry":{"type":"Polygon","coordinates":[[[2.30883,48.89112],[2.31156,48.89112],[2.31156,48.89292],[2.30883,48.89292],[2.30883,48.89112]]]}},{"type":"Feature","properties":{"ok":1},"geometry":{"type":"Polygon","coordinates":[[[2.30883,48.89292],[2.31156,48.89292],[2.31156,48.89472],[2.30883,48.89472],[2.30883,48.89292]]]}},{"type":"Feature","properties":{"ok":1},"geometry":{"type":"Polygon","coordinates":[[[2.30883,48.89472],[2.31156,48.89472],[2.31156,48.89652],[2.30883,48.89652],[2.30883,48.89472]]]}},{"type":"Feature","properties":{"ok":1},"geometry":{"type":"Polygon","coordinates":[[[2.31156,48.82277],[2.31429,48.82277],[2.31429,48.82457],[2.31156,48.82457],[2.31156,48.82277]]]}},{"type":"Feature","properties":{"ok":1},"geometry":{"type":"Polygon","coordinates":[[[2.31156,48.82457],[2.31429,48.82457],[2.31429,48.82637],[2.31156,48.82637],[2.31156,48.82457]]]}},{"type":"Feature","properties":{"ok":1},"geometry":{"type":"Polygon","coordinates":[[[2.31156,48.82637],[2.31429,48.82637],[2.31429,48.82817],[2.31156,48.82817],[2.31156,48.82637]]]}},{"type":"Feature","properties":{"ok":1},"geometry":{"type":"Polygon","coordinates":[[[2.31156,48.82817],[2.31429,48.82817],[2.31429,48.82997],[2.31156,48.82997],[2.31156,48.82817]]]}},{"type":"Feature","properties":{"ok":1},"geometry":{"type":"Polygon","coordinates":[[[2.31156,48.82997],[2.31429,48.82997],[2.31429,48.83177],[2.31156,48.83177],[2.31156,48.82997]]]}},{"type":"Feature","properties":{"ok":1},"geometry":{"type":"Polygon","coordinates":[[[2.31156,48.83177],[2.31429,48.83177],[2.31429,48.83357],[2.31156,48.83357],[2.31156,48.83177]]]}},{"type":"Feature","properties":{"ok":1},"geometry":{"type":"Polygon","coordinates":[[[2.31156,48.83357],[2.31429,48.83357],[2.31429,48.83537],[2.31156,48.83537],[2.31156,48.83357]]]}},{"type":"Feature","properties":{"ok":1},"geometry":{"type":"Polygon","coordinates":[[[2.31156,48.83537],[2.31429,48.83537],[2.31429,48.83716],[2.31156,48.83716],[2.31156,48.83537]]]}},{"type":"Feature","properties":{"ok":1},"geometry":{"type":"Polygon","coordinates":[[[2.31156,48.83716],[2.31429,48.83716],[2.31429,48.83896],[2.31156,48.83896],[2.31156,48.83716]]]}},{"type":"Feature","properties":{"ok":1},"geometry":{"type":"Polygon","coordinates":[[[2.31156,48.83896],[2.31429,48.83896],[2.31429,48.84076],[2.31156,48.84076],[2.31156,48.83896]]]}},{"type":"Feature","properties":{"ok":1},"geometry":{"type":"Polygon","coordinates":[[[2.31156,48.84076],[2.31429,48.84076],[2.31429,48.84256],[2.31156,48.84256],[2.31156,48.84076]]]}},{"type":"Feature","properties":{"ok":1},"geometry":{"type":"Polygon","coordinates":[[[2.31156,48.84256],[2.31429,48.84256],[2.31429,48.84436],[2.31156,48.84436],[2.31156,48.84256]]]}},{"type":"Feature","properties":{"ok":1},"geometry":{"type":"Polygon","coordinates":[[[2.31156,48.84436],[2.31429,48.84436],[2.31429,48.84616],[2.31156,48.84616],[2.31156,48.84436]]]}},{"type":"Feature","properties":{"ok":1},"geometry":{"type":"Polygon","coordinates":[[[2.31156,48.84616],[2.31429,48.84616],[2.31429,48.84796],[2.31156,48.84796],[2.31156,48.84616]]]}},{"type":"Feature","properties":{"ok":1},"geometry":{"type":"Polygon","coordinates":[[[2.31156,48.84796],[2.31429,48.84796],[2.31429,48.84975],[2.31156,48.84975],[2.31156,48.84796]]]}},{"type":"Feature","properties":{"ok":1},"geometry":{"type":"Polygon","coordinates":[[[2.31156,48.84975],[2.31429,48.84975],[2.31429,48.85155],[2.31156,48.85155],[2.31156,48.84975]]]}},{"type":"Feature","properties":{"ok":1},"geometry":{"type":"Polygon","coordinates":[[[2.31156,48.85155],[2.31429,48.85155],[2.31429,48.85335],[2.31156,48.85335],[2.31156,48.85155]]]}},{"type":"Feature","properties":{"ok":1},"geometry":{"type":"Polygon","coordinates":[[[2.31156,48.85335],[2.31429,48.85335],[2.31429,48.85515],[2.31156,48.85515],[2.31156,48.85335]]]}},{"type":"Feature","properties":{"ok":1},"geometry":{"type":"Polygon","coordinates":[[[2.31156,48.85515],[2.31429,48.85515],[2.31429,48.85695],[2.31156,48.85695],[2.31156,48.85515]]]}},{"type":"Feature","properties":{"ok":1},"geometry":{"type":"Polygon","coordinates":[[[2.31156,48.85695],[2.31429,48.85695],[2.31429,48.85875],[2.31156,48.85875],[2.31156,48.85695]]]}},{"type":"Feature","properties":{"ok":1},"geometry":{"type":"Polygon","coordinates":[[[2.31156,48.85875],[2.31429,48.85875],[2.31429,48.86055],[2.31156,48.86055],[2.31156,48.85875]]]}},{"type":"Feature","properties":{"ok":1},"geometry":{"type":"Polygon","coordinates":[[[2.31156,48.86055],[2.31429,48.86055],[2.31429,48.86234],[2.31156,48.86234],[2.31156,48.86055]]]}},{"type":"Feature","properties":{"ok":0},"geometry":{"type":"Polygon","coordinates":[[[2.31156,48.86234],[2.31429,48.86234],[2.31429,48.86414],[2.31156,48.86414],[2.31156,48.86234]]]}},{"type":"Feature","properties":{"ok":1},"geometry":{"type":"Polygon","coordinates":[[[2.31156,48.86414],[2.31429,48.86414],[2.31429,48.86594],[2.31156,48.86594],[2.31156,48.86414]]]}},{"type":"Feature","properties":{"ok":1},"geometry":{"type":"Polygon","coordinates":[[[2.31156,48.86594],[2.31429,48.86594],[2.31429,48.86774],[2.31156,48.86774],[2.31156,48.86594]]]}},{"type":"Feature","properties":{"ok":1},"geometry":{"type":"Polygon","coordinates":[[[2.31156,48.86774],[2.31429,48.86774],[2.31429,48.86954],[2.31156,48.86954],[2.31156,48.86774]]]}},{"type":"Feature","properties":{"ok":1},"geometry":{"type":"Polygon","coordinates":[[[2.31156,48.86954],[2.31429,48.86954],[2.31429,48.87134],[2.31156,48.87134],[2.31156,48.86954]]]}},{"type":"Feature","properties":{"ok":1},"geometry":{"type":"Polygon","coordinates":[[[2.31156,48.87134],[2.31429,48.87134],[2.31429,48.87314],[2.31156,48.87314],[2.31156,48.87134]]]}},{"type":"Feature","properties":{"ok":1},"geometry":{"type":"Polygon","coordinates":[[[2.31156,48.87314],[2.31429,48.87314],[2.31429,48.87494],[2.31156,48.87494],[2.31156,48.87314]]]}},{"type":"Feature","properties":{"ok":1},"geometry":{"type":"Polygon","coordinates":[[[2.31156,48.87494],[2.31429,48.87494],[2.31429,48.87673],[2.31156,48.87673],[2.31156,48.87494]]]}},{"type":"Feature","properties":{"ok":1},"geometry":{"type":"Polygon","coordinates":[[[2.31156,48.87673],[2.31429,48.87673],[2.31429,48.87853],[2.31156,48.87853],[2.31156,48.87673]]]}},{"type":"Feature","properties":{"ok":1},"geometry":{"type":"Polygon","coordinates":[[[2.31156,48.87853],[2.31429,48.87853],[2.31429,48.88033],[2.31156,48.88033],[2.31156,48.87853]]]}},{"type":"Feature","properties":{"ok":1},"geometry":{"type":"Polygon","coordinates":[[[2.31156,48.88033],[2.31429,48.88033],[2.31429,48.88213],[2.31156,48.88213],[2.31156,48.88033]]]}},{"type":"Feature","properties":{"ok":1},"geometry":{"type":"Polygon","coordinates":[[[2.31156,48.88213],[2.31429,48.88213],[2.31429,48.88393],[2.31156,48.88393],[2.31156,48.88213]]]}},{"type":"Feature","properties":{"ok":1},"geometry":{"type":"Polygon","coordinates":[[[2.31156,48.88393],[2.31429,48.88393],[2.31429,48.88573],[2.31156,48.88573],[2.31156,48.88393]]]}},{"type":"Feature","properties":{"ok":1},"geometry":{"type":"Polygon","coordinates":[[[2.31156,48.88573],[2.31429,48.88573],[2.31429,48.88753],[2.31156,48.88753],[2.31156,48.88573]]]}},{"type":"Feature","properties":{"ok":1},"geometry":{"type":"Polygon","coordinates":[[[2.31156,48.88753],[2.31429,48.88753],[2.31429,48.88932],[2.31156,48.88932],[2.31156,48.88753]]]}},{"type":"Feature","properties":{"ok":1},"geometry":{"type":"Polygon","coordinates":[[[2.31156,48.88932],[2.31429,48.88932],[2.31429,48.89112],[2.31156,48.89112],[2.31156,48.88932]]]}},{"type":"Feature","properties":{"ok":1},"geometry":{"type":"Polygon","coordinates":[[[2.31156,48.89112],[2.31429,48.89112],[2.31429,48.89292],[2.31156,48.89292],[2.31156,48.89112]]]}},{"type":"Feature","properties":{"ok":1},"geometry":{"type":"Polygon","coordinates":[[[2.31156,48.89292],[2.31429,48.89292],[2.31429,48.89472],[2.31156,48.89472],[2.31156,48.89292]]]}},{"type":"Feature","properties":{"ok":1},"geometry":{"type":"Polygon","coordinates":[[[2.31156,48.89472],[2.31429,48.89472],[2.31429,48.89652],[2.31156,48.89652],[2.31156,48.89472]]]}},{"type":"Feature","properties":{"ok":1},"geometry":{"type":"Polygon","coordinates":[[[2.31156,48.89652],[2.31429,48.89652],[2.31429,48.89832],[2.31156,48.89832],[2.31156,48.89652]]]}},{"type":"Feature","properties":{"ok":1},"geometry":{"type":"Polygon","coordinates":[[[2.31429,48.82277],[2.31703,48.82277],[2.31703,48.82457],[2.31429,48.82457],[2.31429,48.82277]]]}},{"type":"Feature","properties":{"ok":1},"geometry":{"type":"Polygon","coordinates":[[[2.31429,48.82457],[2.31703,48.82457],[2.31703,48.82637],[2.31429,48.82637],[2.31429,48.82457]]]}},{"type":"Feature","properties":{"ok":1},"geometry":{"type":"Polygon","coordinates":[[[2.31429,48.82637],[2.31703,48.82637],[2.31703,48.82817],[2.31429,48.82817],[2.31429,48.82637]]]}},{"type":"Feature","properties":{"ok":1},"geometry":{"type":"Polygon","coordinates":[[[2.31429,48.82817],[2.31703,48.82817],[2.31703,48.82997],[2.31429,48.82997],[2.31429,48.82817]]]}},{"type":"Feature","properties":{"ok":1},"geometry":{"type":"Polygon","coordinates":[[[2.31429,48.82997],[2.31703,48.82997],[2.31703,48.83177],[2.31429,48.83177],[2.31429,48.82997]]]}},{"type":"Feature","properties":{"ok":1},"geometry":{"type":"Polygon","coordinates":[[[2.31429,48.83177],[2.31703,48.83177],[2.31703,48.83357],[2.31429,48.83357],[2.31429,48.83177]]]}},{"type":"Feature","properties":{"ok":1},"geometry":{"type":"Polygon","coordinates":[[[2.31429,48.83357],[2.31703,48.83357],[2.31703,48.83537],[2.31429,48.83537],[2.31429,48.83357]]]}},{"type":"Feature","properties":{"ok":1},"geometry":{"type":"Polygon","coordinates":[[[2.31429,48.83537],[2.31703,48.83537],[2.31703,48.83716],[2.31429,48.83716],[2.31429,48.83537]]]}},{"type":"Feature","properties":{"ok":1},"geometry":{"type":"Polygon","coordinates":[[[2.31429,48.83716],[2.31703,48.83716],[2.31703,48.83896],[2.31429,48.83896],[2.31429,48.83716]]]}},{"type":"Feature","properties":{"ok":1},"geometry":{"type":"Polygon","coordinates":[[[2.31429,48.83896],[2.31703,48.83896],[2.31703,48.84076],[2.31429,48.84076],[2.31429,48.83896]]]}},{"type":"Feature","properties":{"ok":1},"geometry":{"type":"Polygon","coordinates":[[[2.31429,48.84076],[2.31703,48.84076],[2.31703,48.84256],[2.31429,48.84256],[2.31429,48.84076]]]}},{"type":"Feature","properties":{"ok":1},"geometry":{"type":"Polygon","coordinates":[[[2.31429,48.84256],[2.31703,48.84256],[2.31703,48.84436],[2.31429,48.84436],[2.31429,48.84256]]]}},{"type":"Feature","properties":{"ok":1},"geometry":{"type":"Polygon","coordinates":[[[2.31429,48.84436],[2.31703,48.84436],[2.31703,48.84616],[2.31429,48.84616],[2.31429,48.84436]]]}},{"type":"Feature","properties":{"ok":1},"geometry":{"type":"Polygon","coordinates":[[[2.31429,48.84616],[2.31703,48.84616],[2.31703,48.84796],[2.31429,48.84796],[2.31429,48.84616]]]}},{"type":"Feature","properties":{"ok":1},"geometry":{"type":"Polygon","coordinates":[[[2.31429,48.84796],[2.31703,48.84796],[2.31703,48.84975],[2.31429,48.84975],[2.31429,48.84796]]]}},{"type":"Feature","properties":{"ok":1},"geometry":{"type":"Polygon","coordinates":[[[2.31429,48.84975],[2.31703,48.84975],[2.31703,48.85155],[2.31429,48.85155],[2.31429,48.84975]]]}},{"type":"Feature","properties":{"ok":1},"geometry":{"type":"Polygon","coordinates":[[[2.31429,48.85155],[2.31703,48.85155],[2.31703,48.85335],[2.31429,48.85335],[2.31429,48.85155]]]}},{"type":"Feature","properties":{"ok":1},"geometry":{"type":"Polygon","coordinates":[[[2.31429,48.85335],[2.31703,48.85335],[2.31703,48.85515],[2.31429,48.85515],[2.31429,48.85335]]]}},{"type":"Feature","properties":{"ok":1},"geometry":{"type":"Polygon","coordinates":[[[2.31429,48.85515],[2.31703,48.85515],[2.31703,48.85695],[2.31429,48.85695],[2.31429,48.85515]]]}},{"type":"Feature","properties":{"ok":1},"geometry":{"type":"Polygon","coordinates":[[[2.31429,48.85695],[2.31703,48.85695],[2.31703,48.85875],[2.31429,48.85875],[2.31429,48.85695]]]}},{"type":"Feature","properties":{"ok":1},"geometry":{"type":"Polygon","coordinates":[[[2.31429,48.85875],[2.31703,48.85875],[2.31703,48.86055],[2.31429,48.86055],[2.31429,48.85875]]]}},{"type":"Feature","properties":{"ok":1},"geometry":{"type":"Polygon","coordinates":[[[2.31429,48.86055],[2.31703,48.86055],[2.31703,48.86234],[2.31429,48.86234],[2.31429,48.86055]]]}},{"type":"Feature","properties":{"ok":0},"geometry":{"type":"Polygon","coordinates":[[[2.31429,48.86234],[2.31703,48.86234],[2.31703,48.86414],[2.31429,48.86414],[2.31429,48.86234]]]}},{"type":"Feature","properties":{"ok":0},"geometry":{"type":"Polygon","coordinates":[[[2.31429,48.86414],[2.31703,48.86414],[2.31703,48.86594],[2.31429,48.86594],[2.31429,48.86414]]]}},{"type":"Feature","properties":{"ok":0},"geometry":{"type":"Polygon","coordinates":[[[2.31429,48.86594],[2.31703,48.86594],[2.31703,48.86774],[2.31429,48.86774],[2.31429,48.86594]]]}},{"type":"Feature","properties":{"ok":1},"geometry":{"type":"Polygon","coordinates":[[[2.31429,48.86774],[2.31703,48.86774],[2.31703,48.86954],[2.31429,48.86954],[2.31429,48.86774]]]}},{"type":"Feature","properties":{"ok":1},"geometry":{"type":"Polygon","coordinates":[[[2.31429,48.86954],[2.31703,48.86954],[2.31703,48.87134],[2.31429,48.87134],[2.31429,48.86954]]]}},{"type":"Feature","properties":{"ok":1},"geometry":{"type":"Polygon","coordinates":[[[2.31429,48.87134],[2.31703,48.87134],[2.31703,48.87314],[2.31429,48.87314],[2.31429,48.87134]]]}},{"type":"Feature","properties":{"ok":1},"geometry":{"type":"Polygon","coordinates":[[[2.31429,48.87314],[2.31703,48.87314],[2.31703,48.87494],[2.31429,48.87494],[2.31429,48.87314]]]}},{"type":"Feature","properties":{"ok":1},"geometry":{"type":"Polygon","coordinates":[[[2.31429,48.87494],[2.31703,48.87494],[2.31703,48.87673],[2.31429,48.87673],[2.31429,48.87494]]]}},{"type":"Feature","properties":{"ok":1},"geometry":{"type":"Polygon","coordinates":[[[2.31429,48.87673],[2.31703,48.87673],[2.31703,48.87853],[2.31429,48.87853],[2.31429,48.87673]]]}},{"type":"Feature","properties":{"ok":1},"geometry":{"type":"Polygon","coordinates":[[[2.31429,48.87853],[2.31703,48.87853],[2.31703,48.88033],[2.31429,48.88033],[2.31429,48.87853]]]}},{"type":"Feature","properties":{"ok":1},"geometry":{"type":"Polygon","coordinates":[[[2.31429,48.88033],[2.31703,48.88033],[2.31703,48.88213],[2.31429,48.88213],[2.31429,48.88033]]]}},{"type":"Feature","properties":{"ok":1},"geometry":{"type":"Polygon","coordinates":[[[2.31429,48.88213],[2.31703,48.88213],[2.31703,48.88393],[2.31429,48.88393],[2.31429,48.88213]]]}},{"type":"Feature","properties":{"ok":1},"geometry":{"type":"Polygon","coordinates":[[[2.31429,48.88393],[2.31703,48.88393],[2.31703,48.88573],[2.31429,48.88573],[2.31429,48.88393]]]}},{"type":"Feature","properties":{"ok":1},"geometry":{"type":"Polygon","coordinates":[[[2.31429,48.88573],[2.31703,48.88573],[2.31703,48.88753],[2.31429,48.88753],[2.31429,48.88573]]]}},{"type":"Feature","properties":{"ok":1},"geometry":{"type":"Polygon","coordinates":[[[2.31429,48.88753],[2.31703,48.88753],[2.31703,48.88932],[2.31429,48.88932],[2.31429,48.88753]]]}},{"type":"Feature","properties":{"ok":1},"geometry":{"type":"Polygon","coordinates":[[[2.31429,48.88932],[2.31703,48.88932],[2.31703,48.89112],[2.31429,48.89112],[2.31429,48.88932]]]}},{"type":"Feature","properties":{"ok":1},"geometry":{"type":"Polygon","coordinates":[[[2.31429,48.89112],[2.31703,48.89112],[2.31703,48.89292],[2.31429,48.89292],[2.31429,48.89112]]]}},{"type":"Feature","properties":{"ok":1},"geometry":{"type":"Polygon","coordinates":[[[2.31429,48.89292],[2.31703,48.89292],[2.31703,48.89472],[2.31429,48.89472],[2.31429,48.89292]]]}},{"type":"Feature","properties":{"ok":1},"geometry":{"type":"Polygon","coordinates":[[[2.31429,48.89472],[2.31703,48.89472],[2.31703,48.89652],[2.31429,48.89652],[2.31429,48.89472]]]}},{"type":"Feature","properties":{"ok":1},"geometry":{"type":"Polygon","coordinates":[[[2.31429,48.89652],[2.31703,48.89652],[2.31703,48.89832],[2.31429,48.89832],[2.31429,48.89652]]]}},{"type":"Feature","properties":{"ok":1},"geometry":{"type":"Polygon","coordinates":[[[2.31703,48.82098],[2.31976,48.82098],[2.31976,48.82277],[2.31703,48.82277],[2.31703,48.82098]]]}},{"type":"Feature","properties":{"ok":1},"geometry":{"type":"Polygon","coordinates":[[[2.31703,48.82277],[2.31976,48.82277],[2.31976,48.82457],[2.31703,48.82457],[2.31703,48.82277]]]}},{"type":"Feature","properties":{"ok":1},"geometry":{"type":"Polygon","coordinates":[[[2.31703,48.82457],[2.31976,48.82457],[2.31976,48.82637],[2.31703,48.82637],[2.31703,48.82457]]]}},{"type":"Feature","properties":{"ok":1},"geometry":{"type":"Polygon","coordinates":[[[2.31703,48.82637],[2.31976,48.82637],[2.31976,48.82817],[2.31703,48.82817],[2.31703,48.82637]]]}},{"type":"Feature","properties":{"ok":1},"geometry":{"type":"Polygon","coordinates":[[[2.31703,48.82817],[2.31976,48.82817],[2.31976,48.82997],[2.31703,48.82997],[2.31703,48.82817]]]}},{"type":"Feature","properties":{"ok":1},"geometry":{"type":"Polygon","coordinates":[[[2.31703,48.82997],[2.31976,48.82997],[2.31976,48.83177],[2.31703,48.83177],[2.31703,48.82997]]]}},{"type":"Feature","properties":{"ok":1},"geometry":{"type":"Polygon","coordinates":[[[2.31703,48.83177],[2.31976,48.83177],[2.31976,48.83357],[2.31703,48.83357],[2.31703,48.83177]]]}},{"type":"Feature","properties":{"ok":1},"geometry":{"type":"Polygon","coordinates":[[[2.31703,48.83357],[2.31976,48.83357],[2.31976,48.83537],[2.31703,48.83537],[2.31703,48.83357]]]}},{"type":"Feature","properties":{"ok":1},"geometry":{"type":"Polygon","coordinates":[[[2.31703,48.83537],[2.31976,48.83537],[2.31976,48.83716],[2.31703,48.83716],[2.31703,48.83537]]]}},{"type":"Feature","properties":{"ok":1},"geometry":{"type":"Polygon","coordinates":[[[2.31703,48.83716],[2.31976,48.83716],[2.31976,48.83896],[2.31703,48.83896],[2.31703,48.83716]]]}},{"type":"Feature","properties":{"ok":1},"geometry":{"type":"Polygon","coordinates":[[[2.31703,48.83896],[2.31976,48.83896],[2.31976,48.84076],[2.31703,48.84076],[2.31703,48.83896]]]}},{"type":"Feature","properties":{"ok":1},"geometry":{"type":"Polygon","coordinates":[[[2.31703,48.84076],[2.31976,48.84076],[2.31976,48.84256],[2.31703,48.84256],[2.31703,48.84076]]]}},{"type":"Feature","properties":{"ok":1},"geometry":{"type":"Polygon","coordinates":[[[2.31703,48.84256],[2.31976,48.84256],[2.31976,48.84436],[2.31703,48.84436],[2.31703,48.84256]]]}},{"type":"Feature","properties":{"ok":1},"geometry":{"type":"Polygon","coordinates":[[[2.31703,48.84436],[2.31976,48.84436],[2.31976,48.84616],[2.31703,48.84616],[2.31703,48.84436]]]}},{"type":"Feature","properties":{"ok":1},"geometry":{"type":"Polygon","coordinates":[[[2.31703,48.84616],[2.31976,48.84616],[2.31976,48.84796],[2.31703,48.84796],[2.31703,48.84616]]]}},{"type":"Feature","properties":{"ok":1},"geometry":{"type":"Polygon","coordinates":[[[2.31703,48.84796],[2.31976,48.84796],[2.31976,48.84975],[2.31703,48.84975],[2.31703,48.84796]]]}},{"type":"Feature","properties":{"ok":1},"geometry":{"type":"Polygon","coordinates":[[[2.31703,48.84975],[2.31976,48.84975],[2.31976,48.85155],[2.31703,48.85155],[2.31703,48.84975]]]}},{"type":"Feature","properties":{"ok":1},"geometry":{"type":"Polygon","coordinates":[[[2.31703,48.85155],[2.31976,48.85155],[2.31976,48.85335],[2.31703,48.85335],[2.31703,48.85155]]]}},{"type":"Feature","properties":{"ok":1},"geometry":{"type":"Polygon","coordinates":[[[2.31703,48.85335],[2.31976,48.85335],[2.31976,48.85515],[2.31703,48.85515],[2.31703,48.85335]]]}},{"type":"Feature","properties":{"ok":1},"geometry":{"type":"Polygon","coordinates":[[[2.31703,48.85515],[2.31976,48.85515],[2.31976,48.85695],[2.31703,48.85695],[2.31703,48.85515]]]}},{"type":"Feature","properties":{"ok":1},"geometry":{"type":"Polygon","coordinates":[[[2.31703,48.85695],[2.31976,48.85695],[2.31976,48.85875],[2.31703,48.85875],[2.31703,48.85695]]]}},{"type":"Feature","properties":{"ok":1},"geometry":{"type":"Polygon","coordinates":[[[2.31703,48.85875],[2.31976,48.85875],[2.31976,48.86055],[2.31703,48.86055],[2.31703,48.85875]]]}},{"type":"Feature","properties":{"ok":1},"geometry":{"type":"Polygon","coordinates":[[[2.31703,48.86055],[2.31976,48.86055],[2.31976,48.86234],[2.31703,48.86234],[2.31703,48.86055]]]}},{"type":"Feature","properties":{"ok":1},"geometry":{"type":"Polygon","coordinates":[[[2.31703,48.86234],[2.31976,48.86234],[2.31976,48.86414],[2.31703,48.86414],[2.31703,48.86234]]]}},{"type":"Feature","properties":{"ok":1},"geometry":{"type":"Polygon","coordinates":[[[2.31703,48.86414],[2.31976,48.86414],[2.31976,48.86594],[2.31703,48.86594],[2.31703,48.86414]]]}},{"type":"Feature","properties":{"ok":1},"geometry":{"type":"Polygon","coordinates":[[[2.31703,48.86594],[2.31976,48.86594],[2.31976,48.86774],[2.31703,48.86774],[2.31703,48.86594]]]}},{"type":"Feature","properties":{"ok":1},"geometry":{"type":"Polygon","coordinates":[[[2.31703,48.86774],[2.31976,48.86774],[2.31976,48.86954],[2.31703,48.86954],[2.31703,48.86774]]]}},{"type":"Feature","properties":{"ok":1},"geometry":{"type":"Polygon","coordinates":[[[2.31703,48.86954],[2.31976,48.86954],[2.31976,48.87134],[2.31703,48.87134],[2.31703,48.86954]]]}},{"type":"Feature","properties":{"ok":1},"geometry":{"type":"Polygon","coordinates":[[[2.31703,48.87134],[2.31976,48.87134],[2.31976,48.87314],[2.31703,48.87314],[2.31703,48.87134]]]}},{"type":"Feature","properties":{"ok":1},"geometry":{"type":"Polygon","coordinates":[[[2.31703,48.87314],[2.31976,48.87314],[2.31976,48.87494],[2.31703,48.87494],[2.31703,48.87314]]]}},{"type":"Feature","properties":{"ok":1},"geometry":{"type":"Polygon","coordinates":[[[2.31703,48.87494],[2.31976,48.87494],[2.31976,48.87673],[2.31703,48.87673],[2.31703,48.87494]]]}},{"type":"Feature","properties":{"ok":1},"geometry":{"type":"Polygon","coordinates":[[[2.31703,48.87673],[2.31976,48.87673],[2.31976,48.87853],[2.31703,48.87853],[2.31703,48.87673]]]}},{"type":"Feature","properties":{"ok":1},"geometry":{"type":"Polygon","coordinates":[[[2.31703,48.87853],[2.31976,48.87853],[2.31976,48.88033],[2.31703,48.88033],[2.31703,48.87853]]]}},{"type":"Feature","properties":{"ok":1},"geometry":{"type":"Polygon","coordinates":[[[2.31703,48.88033],[2.31976,48.88033],[2.31976,48.88213],[2.31703,48.88213],[2.31703,48.88033]]]}},{"type":"Feature","properties":{"ok":1},"geometry":{"type":"Polygon","coordinates":[[[2.31703,48.88213],[2.31976,48.88213],[2.31976,48.88393],[2.31703,48.88393],[2.31703,48.88213]]]}},{"type":"Feature","properties":{"ok":1},"geometry":{"type":"Polygon","coordinates":[[[2.31703,48.88393],[2.31976,48.88393],[2.31976,48.88573],[2.31703,48.88573],[2.31703,48.88393]]]}},{"type":"Feature","properties":{"ok":1},"geometry":{"type":"Polygon","coordinates":[[[2.31703,48.88573],[2.31976,48.88573],[2.31976,48.88753],[2.31703,48.88753],[2.31703,48.88573]]]}},{"type":"Feature","properties":{"ok":1},"geometry":{"type":"Polygon","coordinates":[[[2.31703,48.88753],[2.31976,48.88753],[2.31976,48.88932],[2.31703,48.88932],[2.31703,48.88753]]]}},{"type":"Feature","properties":{"ok":1},"geometry":{"type":"Polygon","coordinates":[[[2.31703,48.88932],[2.31976,48.88932],[2.31976,48.89112],[2.31703,48.89112],[2.31703,48.88932]]]}},{"type":"Feature","properties":{"ok":1},"geometry":{"type":"Polygon","coordinates":[[[2.31703,48.89112],[2.31976,48.89112],[2.31976,48.89292],[2.31703,48.89292],[2.31703,48.89112]]]}},{"type":"Feature","properties":{"ok":1},"geometry":{"type":"Polygon","coordinates":[[[2.31703,48.89292],[2.31976,48.89292],[2.31976,48.89472],[2.31703,48.89472],[2.31703,48.89292]]]}},{"type":"Feature","properties":{"ok":1},"geometry":{"type":"Polygon","coordinates":[[[2.31703,48.89472],[2.31976,48.89472],[2.31976,48.89652],[2.31703,48.89652],[2.31703,48.89472]]]}},{"type":"Feature","properties":{"ok":1},"geometry":{"type":"Polygon","coordinates":[[[2.31703,48.89652],[2.31976,48.89652],[2.31976,48.89832],[2.31703,48.89832],[2.31703,48.89652]]]}},{"type":"Feature","properties":{"ok":1},"geometry":{"type":"Polygon","coordinates":[[[2.31703,48.89832],[2.31976,48.89832],[2.31976,48.90012],[2.31703,48.90012],[2.31703,48.89832]]]}},{"type":"Feature","properties":{"ok":1},"geometry":{"type":"Polygon","coordinates":[[[2.31976,48.82098],[2.32249,48.82098],[2.32249,48.82277],[2.31976,48.82277],[2.31976,48.82098]]]}},{"type":"Feature","properties":{"ok":1},"geometry":{"type":"Polygon","coordinates":[[[2.31976,48.82277],[2.32249,48.82277],[2.32249,48.82457],[2.31976,48.82457],[2.31976,48.82277]]]}},{"type":"Feature","properties":{"ok":1},"geometry":{"type":"Polygon","coordinates":[[[2.31976,48.82457],[2.32249,48.82457],[2.32249,48.82637],[2.31976,48.82637],[2.31976,48.82457]]]}},{"type":"Feature","properties":{"ok":1},"geometry":{"type":"Polygon","coordinates":[[[2.31976,48.82637],[2.32249,48.82637],[2.32249,48.82817],[2.31976,48.82817],[2.31976,48.82637]]]}},{"type":"Feature","properties":{"ok":1},"geometry":{"type":"Polygon","coordinates":[[[2.31976,48.82817],[2.32249,48.82817],[2.32249,48.82997],[2.31976,48.82997],[2.31976,48.82817]]]}},{"type":"Feature","properties":{"ok":1},"geometry":{"type":"Polygon","coordinates":[[[2.31976,48.82997],[2.32249,48.82997],[2.32249,48.83177],[2.31976,48.83177],[2.31976,48.82997]]]}},{"type":"Feature","properties":{"ok":1},"geometry":{"type":"Polygon","coordinates":[[[2.31976,48.83177],[2.32249,48.83177],[2.32249,48.83357],[2.31976,48.83357],[2.31976,48.83177]]]}},{"type":"Feature","properties":{"ok":1},"geometry":{"type":"Polygon","coordinates":[[[2.31976,48.83357],[2.32249,48.83357],[2.32249,48.83537],[2.31976,48.83537],[2.31976,48.83357]]]}},{"type":"Feature","properties":{"ok":1},"geometry":{"type":"Polygon","coordinates":[[[2.31976,48.83537],[2.32249,48.83537],[2.32249,48.83716],[2.31976,48.83716],[2.31976,48.83537]]]}},{"type":"Feature","properties":{"ok":1},"geometry":{"type":"Polygon","coordinates":[[[2.31976,48.83716],[2.32249,48.83716],[2.32249,48.83896],[2.31976,48.83896],[2.31976,48.83716]]]}},{"type":"Feature","properties":{"ok":1},"geometry":{"type":"Polygon","coordinates":[[[2.31976,48.83896],[2.32249,48.83896],[2.32249,48.84076],[2.31976,48.84076],[2.31976,48.83896]]]}},{"type":"Feature","properties":{"ok":1},"geometry":{"type":"Polygon","coordinates":[[[2.31976,48.84076],[2.32249,48.84076],[2.32249,48.84256],[2.31976,48.84256],[2.31976,48.84076]]]}},{"type":"Feature","properties":{"ok":1},"geometry":{"type":"Polygon","coordinates":[[[2.31976,48.84256],[2.32249,48.84256],[2.32249,48.84436],[2.31976,48.84436],[2.31976,48.84256]]]}},{"type":"Feature","properties":{"ok":1},"geometry":{"type":"Polygon","coordinates":[[[2.31976,48.84436],[2.32249,48.84436],[2.32249,48.84616],[2.31976,48.84616],[2.31976,48.84436]]]}},{"type":"Feature","properties":{"ok":1},"geometry":{"type":"Polygon","coordinates":[[[2.31976,48.84616],[2.32249,48.84616],[2.32249,48.84796],[2.31976,48.84796],[2.31976,48.84616]]]}},{"type":"Feature","properties":{"ok":1},"geometry":{"type":"Polygon","coordinates":[[[2.31976,48.84796],[2.32249,48.84796],[2.32249,48.84975],[2.31976,48.84975],[2.31976,48.84796]]]}},{"type":"Feature","properties":{"ok":1},"geometry":{"type":"Polygon","coordinates":[[[2.31976,48.84975],[2.32249,48.84975],[2.32249,48.85155],[2.31976,48.85155],[2.31976,48.84975]]]}},{"type":"Feature","properties":{"ok":1},"geometry":{"type":"Polygon","coordinates":[[[2.31976,48.85155],[2.32249,48.85155],[2.32249,48.85335],[2.31976,48.85335],[2.31976,48.85155]]]}},{"type":"Feature","properties":{"ok":1},"geometry":{"type":"Polygon","coordinates":[[[2.31976,48.85335],[2.32249,48.85335],[2.32249,48.85515],[2.31976,48.85515],[2.31976,48.85335]]]}},{"type":"Feature","properties":{"ok":1},"geometry":{"type":"Polygon","coordinates":[[[2.31976,48.85515],[2.32249,48.85515],[2.32249,48.85695],[2.31976,48.85695],[2.31976,48.85515]]]}},{"type":"Feature","properties":{"ok":1},"geometry":{"type":"Polygon","coordinates":[[[2.31976,48.85695],[2.32249,48.85695],[2.32249,48.85875],[2.31976,48.85875],[2.31976,48.85695]]]}},{"type":"Feature","properties":{"ok":1},"geometry":{"type":"Polygon","coordinates":[[[2.31976,48.85875],[2.32249,48.85875],[2.32249,48.86055],[2.31976,48.86055],[2.31976,48.85875]]]}},{"type":"Feature","properties":{"ok":1},"geometry":{"type":"Polygon","coordinates":[[[2.31976,48.86055],[2.32249,48.86055],[2.32249,48.86234],[2.31976,48.86234],[2.31976,48.86055]]]}},{"type":"Feature","properties":{"ok":1},"geometry":{"type":"Polygon","coordinates":[[[2.31976,48.86234],[2.32249,48.86234],[2.32249,48.86414],[2.31976,48.86414],[2.31976,48.86234]]]}},{"type":"Feature","properties":{"ok":1},"geometry":{"type":"Polygon","coordinates":[[[2.31976,48.86414],[2.32249,48.86414],[2.32249,48.86594],[2.31976,48.86594],[2.31976,48.86414]]]}},{"type":"Feature","properties":{"ok":1},"geometry":{"type":"Polygon","coordinates":[[[2.31976,48.86594],[2.32249,48.86594],[2.32249,48.86774],[2.31976,48.86774],[2.31976,48.86594]]]}},{"type":"Feature","properties":{"ok":1},"geometry":{"type":"Polygon","coordinates":[[[2.31976,48.86774],[2.32249,48.86774],[2.32249,48.86954],[2.31976,48.86954],[2.31976,48.86774]]]}},{"type":"Feature","properties":{"ok":1},"geometry":{"type":"Polygon","coordinates":[[[2.31976,48.86954],[2.32249,48.86954],[2.32249,48.87134],[2.31976,48.87134],[2.31976,48.86954]]]}},{"type":"Feature","properties":{"ok":1},"geometry":{"type":"Polygon","coordinates":[[[2.31976,48.87134],[2.32249,48.87134],[2.32249,48.87314],[2.31976,48.87314],[2.31976,48.87134]]]}},{"type":"Feature","properties":{"ok":1},"geometry":{"type":"Polygon","coordinates":[[[2.31976,48.87314],[2.32249,48.87314],[2.32249,48.87494],[2.31976,48.87494],[2.31976,48.87314]]]}},{"type":"Feature","properties":{"ok":1},"geometry":{"type":"Polygon","coordinates":[[[2.31976,48.87494],[2.32249,48.87494],[2.32249,48.87673],[2.31976,48.87673],[2.31976,48.87494]]]}},{"type":"Feature","properties":{"ok":1},"geometry":{"type":"Polygon","coordinates":[[[2.31976,48.87673],[2.32249,48.87673],[2.32249,48.87853],[2.31976,48.87853],[2.31976,48.87673]]]}},{"type":"Feature","properties":{"ok":1},"geometry":{"type":"Polygon","coordinates":[[[2.31976,48.87853],[2.32249,48.87853],[2.32249,48.88033],[2.31976,48.88033],[2.31976,48.87853]]]}},{"type":"Feature","properties":{"ok":1},"geometry":{"type":"Polygon","coordinates":[[[2.31976,48.88033],[2.32249,48.88033],[2.32249,48.88213],[2.31976,48.88213],[2.31976,48.88033]]]}},{"type":"Feature","properties":{"ok":1},"geometry":{"type":"Polygon","coordinates":[[[2.31976,48.88213],[2.32249,48.88213],[2.32249,48.88393],[2.31976,48.88393],[2.31976,48.88213]]]}},{"type":"Feature","properties":{"ok":1},"geometry":{"type":"Polygon","coordinates":[[[2.31976,48.88393],[2.32249,48.88393],[2.32249,48.88573],[2.31976,48.88573],[2.31976,48.88393]]]}},{"type":"Feature","properties":{"ok":1},"geometry":{"type":"Polygon","coordinates":[[[2.31976,48.88573],[2.32249,48.88573],[2.32249,48.88753],[2.31976,48.88753],[2.31976,48.88573]]]}},{"type":"Feature","properties":{"ok":1},"geometry":{"type":"Polygon","coordinates":[[[2.31976,48.88753],[2.32249,48.88753],[2.32249,48.88932],[2.31976,48.88932],[2.31976,48.88753]]]}},{"type":"Feature","properties":{"ok":1},"geometry":{"type":"Polygon","coordinates":[[[2.31976,48.88932],[2.32249,48.88932],[2.32249,48.89112],[2.31976,48.89112],[2.31976,48.88932]]]}},{"type":"Feature","properties":{"ok":1},"geometry":{"type":"Polygon","coordinates":[[[2.31976,48.89112],[2.32249,48.89112],[2.32249,48.89292],[2.31976,48.89292],[2.31976,48.89112]]]}},{"type":"Feature","properties":{"ok":1},"geometry":{"type":"Polygon","coordinates":[[[2.31976,48.89292],[2.32249,48.89292],[2.32249,48.89472],[2.31976,48.89472],[2.31976,48.89292]]]}},{"type":"Feature","properties":{"ok":1},"geometry":{"type":"Polygon","coordinates":[[[2.31976,48.89472],[2.32249,48.89472],[2.32249,48.89652],[2.31976,48.89652],[2.31976,48.89472]]]}},{"type":"Feature","properties":{"ok":1},"geometry":{"type":"Polygon","coordinates":[[[2.31976,48.89652],[2.32249,48.89652],[2.32249,48.89832],[2.31976,48.89832],[2.31976,48.89652]]]}},{"type":"Feature","properties":{"ok":1},"geometry":{"type":"Polygon","coordinates":[[[2.31976,48.89832],[2.32249,48.89832],[2.32249,48.90012],[2.31976,48.90012],[2.31976,48.89832]]]}},{"type":"Feature","properties":{"ok":1},"geometry":{"type":"Polygon","coordinates":[[[2.32249,48.82098],[2.32523,48.82098],[2.32523,48.82277],[2.32249,48.82277],[2.32249,48.82098]]]}},{"type":"Feature","properties":{"ok":1},"geometry":{"type":"Polygon","coordinates":[[[2.32249,48.82277],[2.32523,48.82277],[2.32523,48.82457],[2.32249,48.82457],[2.32249,48.82277]]]}},{"type":"Feature","properties":{"ok":1},"geometry":{"type":"Polygon","coordinates":[[[2.32249,48.82457],[2.32523,48.82457],[2.32523,48.82637],[2.32249,48.82637],[2.32249,48.82457]]]}},{"type":"Feature","properties":{"ok":1},"geometry":{"type":"Polygon","coordinates":[[[2.32249,48.82637],[2.32523,48.82637],[2.32523,48.82817],[2.32249,48.82817],[2.32249,48.82637]]]}},{"type":"Feature","properties":{"ok":1},"geometry":{"type":"Polygon","coordinates":[[[2.32249,48.82817],[2.32523,48.82817],[2.32523,48.82997],[2.32249,48.82997],[2.32249,48.82817]]]}},{"type":"Feature","properties":{"ok":1},"geometry":{"type":"Polygon","coordinates":[[[2.32249,48.82997],[2.32523,48.82997],[2.32523,48.83177],[2.32249,48.83177],[2.32249,48.82997]]]}},{"type":"Feature","properties":{"ok":1},"geometry":{"type":"Polygon","coordinates":[[[2.32249,48.83177],[2.32523,48.83177],[2.32523,48.83357],[2.32249,48.83357],[2.32249,48.83177]]]}},{"type":"Feature","properties":{"ok":1},"geometry":{"type":"Polygon","coordinates":[[[2.32249,48.83357],[2.32523,48.83357],[2.32523,48.83537],[2.32249,48.83537],[2.32249,48.83357]]]}},{"type":"Feature","properties":{"ok":1},"geometry":{"type":"Polygon","coordinates":[[[2.32249,48.83537],[2.32523,48.83537],[2.32523,48.83716],[2.32249,48.83716],[2.32249,48.83537]]]}},{"type":"Feature","properties":{"ok":1},"geometry":{"type":"Polygon","coordinates":[[[2.32249,48.83716],[2.32523,48.83716],[2.32523,48.83896],[2.32249,48.83896],[2.32249,48.83716]]]}},{"type":"Feature","properties":{"ok":1},"geometry":{"type":"Polygon","coordinates":[[[2.32249,48.83896],[2.32523,48.83896],[2.32523,48.84076],[2.32249,48.84076],[2.32249,48.83896]]]}},{"type":"Feature","properties":{"ok":1},"geometry":{"type":"Polygon","coordinates":[[[2.32249,48.84076],[2.32523,48.84076],[2.32523,48.84256],[2.32249,48.84256],[2.32249,48.84076]]]}},{"type":"Feature","properties":{"ok":1},"geometry":{"type":"Polygon","coordinates":[[[2.32249,48.84256],[2.32523,48.84256],[2.32523,48.84436],[2.32249,48.84436],[2.32249,48.84256]]]}},{"type":"Feature","properties":{"ok":1},"geometry":{"type":"Polygon","coordinates":[[[2.32249,48.84436],[2.32523,48.84436],[2.32523,48.84616],[2.32249,48.84616],[2.32249,48.84436]]]}},{"type":"Feature","properties":{"ok":1},"geometry":{"type":"Polygon","coordinates":[[[2.32249,48.84616],[2.32523,48.84616],[2.32523,48.84796],[2.32249,48.84796],[2.32249,48.84616]]]}},{"type":"Feature","properties":{"ok":1},"geometry":{"type":"Polygon","coordinates":[[[2.32249,48.84796],[2.32523,48.84796],[2.32523,48.84975],[2.32249,48.84975],[2.32249,48.84796]]]}},{"type":"Feature","properties":{"ok":1},"geometry":{"type":"Polygon","coordinates":[[[2.32249,48.84975],[2.32523,48.84975],[2.32523,48.85155],[2.32249,48.85155],[2.32249,48.84975]]]}},{"type":"Feature","properties":{"ok":1},"geometry":{"type":"Polygon","coordinates":[[[2.32249,48.85155],[2.32523,48.85155],[2.32523,48.85335],[2.32249,48.85335],[2.32249,48.85155]]]}},{"type":"Feature","properties":{"ok":1},"geometry":{"type":"Polygon","coordinates":[[[2.32249,48.85335],[2.32523,48.85335],[2.32523,48.85515],[2.32249,48.85515],[2.32249,48.85335]]]}},{"type":"Feature","properties":{"ok":1},"geometry":{"type":"Polygon","coordinates":[[[2.32249,48.85515],[2.32523,48.85515],[2.32523,48.85695],[2.32249,48.85695],[2.32249,48.85515]]]}},{"type":"Feature","properties":{"ok":1},"geometry":{"type":"Polygon","coordinates":[[[2.32249,48.85695],[2.32523,48.85695],[2.32523,48.85875],[2.32249,48.85875],[2.32249,48.85695]]]}},{"type":"Feature","properties":{"ok":1},"geometry":{"type":"Polygon","coordinates":[[[2.32249,48.85875],[2.32523,48.85875],[2.32523,48.86055],[2.32249,48.86055],[2.32249,48.85875]]]}},{"type":"Feature","properties":{"ok":1},"geometry":{"type":"Polygon","coordinates":[[[2.32249,48.86055],[2.32523,48.86055],[2.32523,48.86234],[2.32249,48.86234],[2.32249,48.86055]]]}},{"type":"Feature","properties":{"ok":0},"geometry":{"type":"Polygon","coordinates":[[[2.32249,48.86234],[2.32523,48.86234],[2.32523,48.86414],[2.32249,48.86414],[2.32249,48.86234]]]}},{"type":"Feature","properties":{"ok":1},"geometry":{"type":"Polygon","coordinates":[[[2.32249,48.86414],[2.32523,48.86414],[2.32523,48.86594],[2.32249,48.86594],[2.32249,48.86414]]]}},{"type":"Feature","properties":{"ok":1},"geometry":{"type":"Polygon","coordinates":[[[2.32249,48.86594],[2.32523,48.86594],[2.32523,48.86774],[2.32249,48.86774],[2.32249,48.86594]]]}},{"type":"Feature","properties":{"ok":1},"geometry":{"type":"Polygon","coordinates":[[[2.32249,48.86774],[2.32523,48.86774],[2.32523,48.86954],[2.32249,48.86954],[2.32249,48.86774]]]}},{"type":"Feature","properties":{"ok":1},"geometry":{"type":"Polygon","coordinates":[[[2.32249,48.86954],[2.32523,48.86954],[2.32523,48.87134],[2.32249,48.87134],[2.32249,48.86954]]]}},{"type":"Feature","properties":{"ok":1},"geometry":{"type":"Polygon","coordinates":[[[2.32249,48.87134],[2.32523,48.87134],[2.32523,48.87314],[2.32249,48.87314],[2.32249,48.87134]]]}},{"type":"Feature","properties":{"ok":1},"geometry":{"type":"Polygon","coordinates":[[[2.32249,48.87314],[2.32523,48.87314],[2.32523,48.87494],[2.32249,48.87494],[2.32249,48.87314]]]}},{"type":"Feature","properties":{"ok":1},"geometry":{"type":"Polygon","coordinates":[[[2.32249,48.87494],[2.32523,48.87494],[2.32523,48.87673],[2.32249,48.87673],[2.32249,48.87494]]]}},{"type":"Feature","properties":{"ok":1},"geometry":{"type":"Polygon","coordinates":[[[2.32249,48.87673],[2.32523,48.87673],[2.32523,48.87853],[2.32249,48.87853],[2.32249,48.87673]]]}},{"type":"Feature","properties":{"ok":1},"geometry":{"type":"Polygon","coordinates":[[[2.32249,48.87853],[2.32523,48.87853],[2.32523,48.88033],[2.32249,48.88033],[2.32249,48.87853]]]}},{"type":"Feature","properties":{"ok":1},"geometry":{"type":"Polygon","coordinates":[[[2.32249,48.88033],[2.32523,48.88033],[2.32523,48.88213],[2.32249,48.88213],[2.32249,48.88033]]]}},{"type":"Feature","properties":{"ok":1},"geometry":{"type":"Polygon","coordinates":[[[2.32249,48.88213],[2.32523,48.88213],[2.32523,48.88393],[2.32249,48.88393],[2.32249,48.88213]]]}},{"type":"Feature","properties":{"ok":1},"geometry":{"type":"Polygon","coordinates":[[[2.32249,48.88393],[2.32523,48.88393],[2.32523,48.88573],[2.32249,48.88573],[2.32249,48.88393]]]}},{"type":"Feature","properties":{"ok":1},"geometry":{"type":"Polygon","coordinates":[[[2.32249,48.88573],[2.32523,48.88573],[2.32523,48.88753],[2.32249,48.88753],[2.32249,48.88573]]]}},{"type":"Feature","properties":{"ok":1},"geometry":{"type":"Polygon","coordinates":[[[2.32249,48.88753],[2.32523,48.88753],[2.32523,48.88932],[2.32249,48.88932],[2.32249,48.88753]]]}},{"type":"Feature","properties":{"ok":1},"geometry":{"type":"Polygon","coordinates":[[[2.32249,48.88932],[2.32523,48.88932],[2.32523,48.89112],[2.32249,48.89112],[2.32249,48.88932]]]}},{"type":"Feature","properties":{"ok":1},"geometry":{"type":"Polygon","coordinates":[[[2.32249,48.89112],[2.32523,48.89112],[2.32523,48.89292],[2.32249,48.89292],[2.32249,48.89112]]]}},{"type":"Feature","properties":{"ok":1},"geometry":{"type":"Polygon","coordinates":[[[2.32249,48.89292],[2.32523,48.89292],[2.32523,48.89472],[2.32249,48.89472],[2.32249,48.89292]]]}},{"type":"Feature","properties":{"ok":1},"geometry":{"type":"Polygon","coordinates":[[[2.32249,48.89472],[2.32523,48.89472],[2.32523,48.89652],[2.32249,48.89652],[2.32249,48.89472]]]}},{"type":"Feature","properties":{"ok":1},"geometry":{"type":"Polygon","coordinates":[[[2.32249,48.89652],[2.32523,48.89652],[2.32523,48.89832],[2.32249,48.89832],[2.32249,48.89652]]]}},{"type":"Feature","properties":{"ok":1},"geometry":{"type":"Polygon","coordinates":[[[2.32249,48.89832],[2.32523,48.89832],[2.32523,48.90012],[2.32249,48.90012],[2.32249,48.89832]]]}},{"type":"Feature","properties":{"ok":1},"geometry":{"type":"Polygon","coordinates":[[[2.32523,48.81918],[2.32796,48.81918],[2.32796,48.82098],[2.32523,48.82098],[2.32523,48.81918]]]}},{"type":"Feature","properties":{"ok":1},"geometry":{"type":"Polygon","coordinates":[[[2.32523,48.82098],[2.32796,48.82098],[2.32796,48.82277],[2.32523,48.82277],[2.32523,48.82098]]]}},{"type":"Feature","properties":{"ok":1},"geometry":{"type":"Polygon","coordinates":[[[2.32523,48.82277],[2.32796,48.82277],[2.32796,48.82457],[2.32523,48.82457],[2.32523,48.82277]]]}},{"type":"Feature","properties":{"ok":1},"geometry":{"type":"Polygon","coordinates":[[[2.32523,48.82457],[2.32796,48.82457],[2.32796,48.82637],[2.32523,48.82637],[2.32523,48.82457]]]}},{"type":"Feature","properties":{"ok":1},"geometry":{"type":"Polygon","coordinates":[[[2.32523,48.82637],[2.32796,48.82637],[2.32796,48.82817],[2.32523,48.82817],[2.32523,48.82637]]]}},{"type":"Feature","properties":{"ok":1},"geometry":{"type":"Polygon","coordinates":[[[2.32523,48.82817],[2.32796,48.82817],[2.32796,48.82997],[2.32523,48.82997],[2.32523,48.82817]]]}},{"type":"Feature","properties":{"ok":1},"geometry":{"type":"Polygon","coordinates":[[[2.32523,48.82997],[2.32796,48.82997],[2.32796,48.83177],[2.32523,48.83177],[2.32523,48.82997]]]}},{"type":"Feature","properties":{"ok":1},"geometry":{"type":"Polygon","coordinates":[[[2.32523,48.83177],[2.32796,48.83177],[2.32796,48.83357],[2.32523,48.83357],[2.32523,48.83177]]]}},{"type":"Feature","properties":{"ok":1},"geometry":{"type":"Polygon","coordinates":[[[2.32523,48.83357],[2.32796,48.83357],[2.32796,48.83537],[2.32523,48.83537],[2.32523,48.83357]]]}},{"type":"Feature","properties":{"ok":1},"geometry":{"type":"Polygon","coordinates":[[[2.32523,48.83537],[2.32796,48.83537],[2.32796,48.83716],[2.32523,48.83716],[2.32523,48.83537]]]}},{"type":"Feature","properties":{"ok":1},"geometry":{"type":"Polygon","coordinates":[[[2.32523,48.83716],[2.32796,48.83716],[2.32796,48.83896],[2.32523,48.83896],[2.32523,48.83716]]]}},{"type":"Feature","properties":{"ok":1},"geometry":{"type":"Polygon","coordinates":[[[2.32523,48.83896],[2.32796,48.83896],[2.32796,48.84076],[2.32523,48.84076],[2.32523,48.83896]]]}},{"type":"Feature","properties":{"ok":1},"geometry":{"type":"Polygon","coordinates":[[[2.32523,48.84076],[2.32796,48.84076],[2.32796,48.84256],[2.32523,48.84256],[2.32523,48.84076]]]}},{"type":"Feature","properties":{"ok":1},"geometry":{"type":"Polygon","coordinates":[[[2.32523,48.84256],[2.32796,48.84256],[2.32796,48.84436],[2.32523,48.84436],[2.32523,48.84256]]]}},{"type":"Feature","properties":{"ok":1},"geometry":{"type":"Polygon","coordinates":[[[2.32523,48.84436],[2.32796,48.84436],[2.32796,48.84616],[2.32523,48.84616],[2.32523,48.84436]]]}},{"type":"Feature","properties":{"ok":1},"geometry":{"type":"Polygon","coordinates":[[[2.32523,48.84616],[2.32796,48.84616],[2.32796,48.84796],[2.32523,48.84796],[2.32523,48.84616]]]}},{"type":"Feature","properties":{"ok":1},"geometry":{"type":"Polygon","coordinates":[[[2.32523,48.84796],[2.32796,48.84796],[2.32796,48.84975],[2.32523,48.84975],[2.32523,48.84796]]]}},{"type":"Feature","properties":{"ok":1},"geometry":{"type":"Polygon","coordinates":[[[2.32523,48.84975],[2.32796,48.84975],[2.32796,48.85155],[2.32523,48.85155],[2.32523,48.84975]]]}},{"type":"Feature","properties":{"ok":1},"geometry":{"type":"Polygon","coordinates":[[[2.32523,48.85155],[2.32796,48.85155],[2.32796,48.85335],[2.32523,48.85335],[2.32523,48.85155]]]}},{"type":"Feature","properties":{"ok":1},"geometry":{"type":"Polygon","coordinates":[[[2.32523,48.85335],[2.32796,48.85335],[2.32796,48.85515],[2.32523,48.85515],[2.32523,48.85335]]]}},{"type":"Feature","properties":{"ok":1},"geometry":{"type":"Polygon","coordinates":[[[2.32523,48.85515],[2.32796,48.85515],[2.32796,48.85695],[2.32523,48.85695],[2.32523,48.85515]]]}},{"type":"Feature","properties":{"ok":1},"geometry":{"type":"Polygon","coordinates":[[[2.32523,48.85695],[2.32796,48.85695],[2.32796,48.85875],[2.32523,48.85875],[2.32523,48.85695]]]}},{"type":"Feature","properties":{"ok":1},"geometry":{"type":"Polygon","coordinates":[[[2.32523,48.85875],[2.32796,48.85875],[2.32796,48.86055],[2.32523,48.86055],[2.32523,48.85875]]]}},{"type":"Feature","properties":{"ok":1},"geometry":{"type":"Polygon","coordinates":[[[2.32523,48.86055],[2.32796,48.86055],[2.32796,48.86234],[2.32523,48.86234],[2.32523,48.86055]]]}},{"type":"Feature","properties":{"ok":0},"geometry":{"type":"Polygon","coordinates":[[[2.32523,48.86234],[2.32796,48.86234],[2.32796,48.86414],[2.32523,48.86414],[2.32523,48.86234]]]}},{"type":"Feature","properties":{"ok":1},"geometry":{"type":"Polygon","coordinates":[[[2.32523,48.86414],[2.32796,48.86414],[2.32796,48.86594],[2.32523,48.86594],[2.32523,48.86414]]]}},{"type":"Feature","properties":{"ok":1},"geometry":{"type":"Polygon","coordinates":[[[2.32523,48.86594],[2.32796,48.86594],[2.32796,48.86774],[2.32523,48.86774],[2.32523,48.86594]]]}},{"type":"Feature","properties":{"ok":1},"geometry":{"type":"Polygon","coordinates":[[[2.32523,48.86774],[2.32796,48.86774],[2.32796,48.86954],[2.32523,48.86954],[2.32523,48.86774]]]}},{"type":"Feature","properties":{"ok":1},"geometry":{"type":"Polygon","coordinates":[[[2.32523,48.86954],[2.32796,48.86954],[2.32796,48.87134],[2.32523,48.87134],[2.32523,48.86954]]]}},{"type":"Feature","properties":{"ok":1},"geometry":{"type":"Polygon","coordinates":[[[2.32523,48.87134],[2.32796,48.87134],[2.32796,48.87314],[2.32523,48.87314],[2.32523,48.87134]]]}},{"type":"Feature","properties":{"ok":1},"geometry":{"type":"Polygon","coordinates":[[[2.32523,48.87314],[2.32796,48.87314],[2.32796,48.87494],[2.32523,48.87494],[2.32523,48.87314]]]}},{"type":"Feature","properties":{"ok":1},"geometry":{"type":"Polygon","coordinates":[[[2.32523,48.87494],[2.32796,48.87494],[2.32796,48.87673],[2.32523,48.87673],[2.32523,48.87494]]]}},{"type":"Feature","properties":{"ok":1},"geometry":{"type":"Polygon","coordinates":[[[2.32523,48.87673],[2.32796,48.87673],[2.32796,48.87853],[2.32523,48.87853],[2.32523,48.87673]]]}},{"type":"Feature","properties":{"ok":1},"geometry":{"type":"Polygon","coordinates":[[[2.32523,48.87853],[2.32796,48.87853],[2.32796,48.88033],[2.32523,48.88033],[2.32523,48.87853]]]}},{"type":"Feature","properties":{"ok":1},"geometry":{"type":"Polygon","coordinates":[[[2.32523,48.88033],[2.32796,48.88033],[2.32796,48.88213],[2.32523,48.88213],[2.32523,48.88033]]]}},{"type":"Feature","properties":{"ok":1},"geometry":{"type":"Polygon","coordinates":[[[2.32523,48.88213],[2.32796,48.88213],[2.32796,48.88393],[2.32523,48.88393],[2.32523,48.88213]]]}},{"type":"Feature","properties":{"ok":1},"geometry":{"type":"Polygon","coordinates":[[[2.32523,48.88393],[2.32796,48.88393],[2.32796,48.88573],[2.32523,48.88573],[2.32523,48.88393]]]}},{"type":"Feature","properties":{"ok":1},"geometry":{"type":"Polygon","coordinates":[[[2.32523,48.88573],[2.32796,48.88573],[2.32796,48.88753],[2.32523,48.88753],[2.32523,48.88573]]]}},{"type":"Feature","properties":{"ok":1},"geometry":{"type":"Polygon","coordinates":[[[2.32523,48.88753],[2.32796,48.88753],[2.32796,48.88932],[2.32523,48.88932],[2.32523,48.88753]]]}},{"type":"Feature","properties":{"ok":1},"geometry":{"type":"Polygon","coordinates":[[[2.32523,48.88932],[2.32796,48.88932],[2.32796,48.89112],[2.32523,48.89112],[2.32523,48.88932]]]}},{"type":"Feature","properties":{"ok":1},"geometry":{"type":"Polygon","coordinates":[[[2.32523,48.89112],[2.32796,48.89112],[2.32796,48.89292],[2.32523,48.89292],[2.32523,48.89112]]]}},{"type":"Feature","properties":{"ok":1},"geometry":{"type":"Polygon","coordinates":[[[2.32523,48.89292],[2.32796,48.89292],[2.32796,48.89472],[2.32523,48.89472],[2.32523,48.89292]]]}},{"type":"Feature","properties":{"ok":1},"geometry":{"type":"Polygon","coordinates":[[[2.32523,48.89472],[2.32796,48.89472],[2.32796,48.89652],[2.32523,48.89652],[2.32523,48.89472]]]}},{"type":"Feature","properties":{"ok":1},"geometry":{"type":"Polygon","coordinates":[[[2.32523,48.89652],[2.32796,48.89652],[2.32796,48.89832],[2.32523,48.89832],[2.32523,48.89652]]]}},{"type":"Feature","properties":{"ok":1},"geometry":{"type":"Polygon","coordinates":[[[2.32523,48.89832],[2.32796,48.89832],[2.32796,48.90012],[2.32523,48.90012],[2.32523,48.89832]]]}},{"type":"Feature","properties":{"ok":1},"geometry":{"type":"Polygon","coordinates":[[[2.32796,48.81918],[2.3307,48.81918],[2.3307,48.82098],[2.32796,48.82098],[2.32796,48.81918]]]}},{"type":"Feature","properties":{"ok":1},"geometry":{"type":"Polygon","coordinates":[[[2.32796,48.82098],[2.3307,48.82098],[2.3307,48.82277],[2.32796,48.82277],[2.32796,48.82098]]]}},{"type":"Feature","properties":{"ok":1},"geometry":{"type":"Polygon","coordinates":[[[2.32796,48.82277],[2.3307,48.82277],[2.3307,48.82457],[2.32796,48.82457],[2.32796,48.82277]]]}},{"type":"Feature","properties":{"ok":1},"geometry":{"type":"Polygon","coordinates":[[[2.32796,48.82457],[2.3307,48.82457],[2.3307,48.82637],[2.32796,48.82637],[2.32796,48.82457]]]}},{"type":"Feature","properties":{"ok":1},"geometry":{"type":"Polygon","coordinates":[[[2.32796,48.82637],[2.3307,48.82637],[2.3307,48.82817],[2.32796,48.82817],[2.32796,48.82637]]]}},{"type":"Feature","properties":{"ok":1},"geometry":{"type":"Polygon","coordinates":[[[2.32796,48.82817],[2.3307,48.82817],[2.3307,48.82997],[2.32796,48.82997],[2.32796,48.82817]]]}},{"type":"Feature","properties":{"ok":1},"geometry":{"type":"Polygon","coordinates":[[[2.32796,48.82997],[2.3307,48.82997],[2.3307,48.83177],[2.32796,48.83177],[2.32796,48.82997]]]}},{"type":"Feature","properties":{"ok":1},"geometry":{"type":"Polygon","coordinates":[[[2.32796,48.83177],[2.3307,48.83177],[2.3307,48.83357],[2.32796,48.83357],[2.32796,48.83177]]]}},{"type":"Feature","properties":{"ok":1},"geometry":{"type":"Polygon","coordinates":[[[2.32796,48.83357],[2.3307,48.83357],[2.3307,48.83537],[2.32796,48.83537],[2.32796,48.83357]]]}},{"type":"Feature","properties":{"ok":1},"geometry":{"type":"Polygon","coordinates":[[[2.32796,48.83537],[2.3307,48.83537],[2.3307,48.83716],[2.32796,48.83716],[2.32796,48.83537]]]}},{"type":"Feature","properties":{"ok":1},"geometry":{"type":"Polygon","coordinates":[[[2.32796,48.83716],[2.3307,48.83716],[2.3307,48.83896],[2.32796,48.83896],[2.32796,48.83716]]]}},{"type":"Feature","properties":{"ok":1},"geometry":{"type":"Polygon","coordinates":[[[2.32796,48.83896],[2.3307,48.83896],[2.3307,48.84076],[2.32796,48.84076],[2.32796,48.83896]]]}},{"type":"Feature","properties":{"ok":1},"geometry":{"type":"Polygon","coordinates":[[[2.32796,48.84076],[2.3307,48.84076],[2.3307,48.84256],[2.32796,48.84256],[2.32796,48.84076]]]}},{"type":"Feature","properties":{"ok":1},"geometry":{"type":"Polygon","coordinates":[[[2.32796,48.84256],[2.3307,48.84256],[2.3307,48.84436],[2.32796,48.84436],[2.32796,48.84256]]]}},{"type":"Feature","properties":{"ok":1},"geometry":{"type":"Polygon","coordinates":[[[2.32796,48.84436],[2.3307,48.84436],[2.3307,48.84616],[2.32796,48.84616],[2.32796,48.84436]]]}},{"type":"Feature","properties":{"ok":1},"geometry":{"type":"Polygon","coordinates":[[[2.32796,48.84616],[2.3307,48.84616],[2.3307,48.84796],[2.32796,48.84796],[2.32796,48.84616]]]}},{"type":"Feature","properties":{"ok":1},"geometry":{"type":"Polygon","coordinates":[[[2.32796,48.84796],[2.3307,48.84796],[2.3307,48.84975],[2.32796,48.84975],[2.32796,48.84796]]]}},{"type":"Feature","properties":{"ok":1},"geometry":{"type":"Polygon","coordinates":[[[2.32796,48.84975],[2.3307,48.84975],[2.3307,48.85155],[2.32796,48.85155],[2.32796,48.84975]]]}},{"type":"Feature","properties":{"ok":1},"geometry":{"type":"Polygon","coordinates":[[[2.32796,48.85155],[2.3307,48.85155],[2.3307,48.85335],[2.32796,48.85335],[2.32796,48.85155]]]}},{"type":"Feature","properties":{"ok":1},"geometry":{"type":"Polygon","coordinates":[[[2.32796,48.85335],[2.3307,48.85335],[2.3307,48.85515],[2.32796,48.85515],[2.32796,48.85335]]]}},{"type":"Feature","properties":{"ok":1},"geometry":{"type":"Polygon","coordinates":[[[2.32796,48.85515],[2.3307,48.85515],[2.3307,48.85695],[2.32796,48.85695],[2.32796,48.85515]]]}},{"type":"Feature","properties":{"ok":1},"geometry":{"type":"Polygon","coordinates":[[[2.32796,48.85695],[2.3307,48.85695],[2.3307,48.85875],[2.32796,48.85875],[2.32796,48.85695]]]}},{"type":"Feature","properties":{"ok":1},"geometry":{"type":"Polygon","coordinates":[[[2.32796,48.85875],[2.3307,48.85875],[2.3307,48.86055],[2.32796,48.86055],[2.32796,48.85875]]]}},{"type":"Feature","properties":{"ok":0},"geometry":{"type":"Polygon","coordinates":[[[2.32796,48.86055],[2.3307,48.86055],[2.3307,48.86234],[2.32796,48.86234],[2.32796,48.86055]]]}},{"type":"Feature","properties":{"ok":1},"geometry":{"type":"Polygon","coordinates":[[[2.32796,48.86234],[2.3307,48.86234],[2.3307,48.86414],[2.32796,48.86414],[2.32796,48.86234]]]}},{"type":"Feature","properties":{"ok":1},"geometry":{"type":"Polygon","coordinates":[[[2.32796,48.86414],[2.3307,48.86414],[2.3307,48.86594],[2.32796,48.86594],[2.32796,48.86414]]]}},{"type":"Feature","properties":{"ok":1},"geometry":{"type":"Polygon","coordinates":[[[2.32796,48.86594],[2.3307,48.86594],[2.3307,48.86774],[2.32796,48.86774],[2.32796,48.86594]]]}},{"type":"Feature","properties":{"ok":1},"geometry":{"type":"Polygon","coordinates":[[[2.32796,48.86774],[2.3307,48.86774],[2.3307,48.86954],[2.32796,48.86954],[2.32796,48.86774]]]}},{"type":"Feature","properties":{"ok":1},"geometry":{"type":"Polygon","coordinates":[[[2.32796,48.86954],[2.3307,48.86954],[2.3307,48.87134],[2.32796,48.87134],[2.32796,48.86954]]]}},{"type":"Feature","properties":{"ok":1},"geometry":{"type":"Polygon","coordinates":[[[2.32796,48.87134],[2.3307,48.87134],[2.3307,48.87314],[2.32796,48.87314],[2.32796,48.87134]]]}},{"type":"Feature","properties":{"ok":1},"geometry":{"type":"Polygon","coordinates":[[[2.32796,48.87314],[2.3307,48.87314],[2.3307,48.87494],[2.32796,48.87494],[2.32796,48.87314]]]}},{"type":"Feature","properties":{"ok":1},"geometry":{"type":"Polygon","coordinates":[[[2.32796,48.87494],[2.3307,48.87494],[2.3307,48.87673],[2.32796,48.87673],[2.32796,48.87494]]]}},{"type":"Feature","properties":{"ok":1},"geometry":{"type":"Polygon","coordinates":[[[2.32796,48.87673],[2.3307,48.87673],[2.3307,48.87853],[2.32796,48.87853],[2.32796,48.87673]]]}},{"type":"Feature","properties":{"ok":1},"geometry":{"type":"Polygon","coordinates":[[[2.32796,48.87853],[2.3307,48.87853],[2.3307,48.88033],[2.32796,48.88033],[2.32796,48.87853]]]}},{"type":"Feature","properties":{"ok":1},"geometry":{"type":"Polygon","coordinates":[[[2.32796,48.88033],[2.3307,48.88033],[2.3307,48.88213],[2.32796,48.88213],[2.32796,48.88033]]]}},{"type":"Feature","properties":{"ok":1},"geometry":{"type":"Polygon","coordinates":[[[2.32796,48.88213],[2.3307,48.88213],[2.3307,48.88393],[2.32796,48.88393],[2.32796,48.88213]]]}},{"type":"Feature","properties":{"ok":1},"geometry":{"type":"Polygon","coordinates":[[[2.32796,48.88393],[2.3307,48.88393],[2.3307,48.88573],[2.32796,48.88573],[2.32796,48.88393]]]}},{"type":"Feature","properties":{"ok":1},"geometry":{"type":"Polygon","coordinates":[[[2.32796,48.88573],[2.3307,48.88573],[2.3307,48.88753],[2.32796,48.88753],[2.32796,48.88573]]]}},{"type":"Feature","properties":{"ok":1},"geometry":{"type":"Polygon","coordinates":[[[2.32796,48.88753],[2.3307,48.88753],[2.3307,48.88932],[2.32796,48.88932],[2.32796,48.88753]]]}},{"type":"Feature","properties":{"ok":1},"geometry":{"type":"Polygon","coordinates":[[[2.32796,48.88932],[2.3307,48.88932],[2.3307,48.89112],[2.32796,48.89112],[2.32796,48.88932]]]}},{"type":"Feature","properties":{"ok":1},"geometry":{"type":"Polygon","coordinates":[[[2.32796,48.89112],[2.3307,48.89112],[2.3307,48.89292],[2.32796,48.89292],[2.32796,48.89112]]]}},{"type":"Feature","properties":{"ok":1},"geometry":{"type":"Polygon","coordinates":[[[2.32796,48.89292],[2.3307,48.89292],[2.3307,48.89472],[2.32796,48.89472],[2.32796,48.89292]]]}},{"type":"Feature","properties":{"ok":1},"geometry":{"type":"Polygon","coordinates":[[[2.32796,48.89472],[2.3307,48.89472],[2.3307,48.89652],[2.32796,48.89652],[2.32796,48.89472]]]}},{"type":"Feature","properties":{"ok":1},"geometry":{"type":"Polygon","coordinates":[[[2.32796,48.89652],[2.3307,48.89652],[2.3307,48.89832],[2.32796,48.89832],[2.32796,48.89652]]]}},{"type":"Feature","properties":{"ok":1},"geometry":{"type":"Polygon","coordinates":[[[2.32796,48.89832],[2.3307,48.89832],[2.3307,48.90012],[2.32796,48.90012],[2.32796,48.89832]]]}},{"type":"Feature","properties":{"ok":1},"geometry":{"type":"Polygon","coordinates":[[[2.32796,48.90012],[2.3307,48.90012],[2.3307,48.90191],[2.32796,48.90191],[2.32796,48.90012]]]}},{"type":"Feature","properties":{"ok":1},"geometry":{"type":"Polygon","coordinates":[[[2.3307,48.81918],[2.33343,48.81918],[2.33343,48.82098],[2.3307,48.82098],[2.3307,48.81918]]]}},{"type":"Feature","properties":{"ok":1},"geometry":{"type":"Polygon","coordinates":[[[2.3307,48.82098],[2.33343,48.82098],[2.33343,48.82277],[2.3307,48.82277],[2.3307,48.82098]]]}},{"type":"Feature","properties":{"ok":1},"geometry":{"type":"Polygon","coordinates":[[[2.3307,48.82277],[2.33343,48.82277],[2.33343,48.82457],[2.3307,48.82457],[2.3307,48.82277]]]}},{"type":"Feature","properties":{"ok":1},"geometry":{"type":"Polygon","coordinates":[[[2.3307,48.82457],[2.33343,48.82457],[2.33343,48.82637],[2.3307,48.82637],[2.3307,48.82457]]]}},{"type":"Feature","properties":{"ok":1},"geometry":{"type":"Polygon","coordinates":[[[2.3307,48.82637],[2.33343,48.82637],[2.33343,48.82817],[2.3307,48.82817],[2.3307,48.82637]]]}},{"type":"Feature","properties":{"ok":1},"geometry":{"type":"Polygon","coordinates":[[[2.3307,48.82817],[2.33343,48.82817],[2.33343,48.82997],[2.3307,48.82997],[2.3307,48.82817]]]}},{"type":"Feature","properties":{"ok":1},"geometry":{"type":"Polygon","coordinates":[[[2.3307,48.82997],[2.33343,48.82997],[2.33343,48.83177],[2.3307,48.83177],[2.3307,48.82997]]]}},{"type":"Feature","properties":{"ok":1},"geometry":{"type":"Polygon","coordinates":[[[2.3307,48.83177],[2.33343,48.83177],[2.33343,48.83357],[2.3307,48.83357],[2.3307,48.83177]]]}},{"type":"Feature","properties":{"ok":1},"geometry":{"type":"Polygon","coordinates":[[[2.3307,48.83357],[2.33343,48.83357],[2.33343,48.83537],[2.3307,48.83537],[2.3307,48.83357]]]}},{"type":"Feature","properties":{"ok":1},"geometry":{"type":"Polygon","coordinates":[[[2.3307,48.83537],[2.33343,48.83537],[2.33343,48.83716],[2.3307,48.83716],[2.3307,48.83537]]]}},{"type":"Feature","properties":{"ok":1},"geometry":{"type":"Polygon","coordinates":[[[2.3307,48.83716],[2.33343,48.83716],[2.33343,48.83896],[2.3307,48.83896],[2.3307,48.83716]]]}},{"type":"Feature","properties":{"ok":1},"geometry":{"type":"Polygon","coordinates":[[[2.3307,48.83896],[2.33343,48.83896],[2.33343,48.84076],[2.3307,48.84076],[2.3307,48.83896]]]}},{"type":"Feature","properties":{"ok":1},"geometry":{"type":"Polygon","coordinates":[[[2.3307,48.84076],[2.33343,48.84076],[2.33343,48.84256],[2.3307,48.84256],[2.3307,48.84076]]]}},{"type":"Feature","properties":{"ok":1},"geometry":{"type":"Polygon","coordinates":[[[2.3307,48.84256],[2.33343,48.84256],[2.33343,48.84436],[2.3307,48.84436],[2.3307,48.84256]]]}},{"type":"Feature","properties":{"ok":1},"geometry":{"type":"Polygon","coordinates":[[[2.3307,48.84436],[2.33343,48.84436],[2.33343,48.84616],[2.3307,48.84616],[2.3307,48.84436]]]}},{"type":"Feature","properties":{"ok":1},"geometry":{"type":"Polygon","coordinates":[[[2.3307,48.84616],[2.33343,48.84616],[2.33343,48.84796],[2.3307,48.84796],[2.3307,48.84616]]]}},{"type":"Feature","properties":{"ok":1},"geometry":{"type":"Polygon","coordinates":[[[2.3307,48.84796],[2.33343,48.84796],[2.33343,48.84975],[2.3307,48.84975],[2.3307,48.84796]]]}},{"type":"Feature","properties":{"ok":1},"geometry":{"type":"Polygon","coordinates":[[[2.3307,48.84975],[2.33343,48.84975],[2.33343,48.85155],[2.3307,48.85155],[2.3307,48.84975]]]}},{"type":"Feature","properties":{"ok":1},"geometry":{"type":"Polygon","coordinates":[[[2.3307,48.85155],[2.33343,48.85155],[2.33343,48.85335],[2.3307,48.85335],[2.3307,48.85155]]]}},{"type":"Feature","properties":{"ok":1},"geometry":{"type":"Polygon","coordinates":[[[2.3307,48.85335],[2.33343,48.85335],[2.33343,48.85515],[2.3307,48.85515],[2.3307,48.85335]]]}},{"type":"Feature","properties":{"ok":1},"geometry":{"type":"Polygon","coordinates":[[[2.3307,48.85515],[2.33343,48.85515],[2.33343,48.85695],[2.3307,48.85695],[2.3307,48.85515]]]}},{"type":"Feature","properties":{"ok":1},"geometry":{"type":"Polygon","coordinates":[[[2.3307,48.85695],[2.33343,48.85695],[2.33343,48.85875],[2.3307,48.85875],[2.3307,48.85695]]]}},{"type":"Feature","properties":{"ok":1},"geometry":{"type":"Polygon","coordinates":[[[2.3307,48.85875],[2.33343,48.85875],[2.33343,48.86055],[2.3307,48.86055],[2.3307,48.85875]]]}},{"type":"Feature","properties":{"ok":1},"geometry":{"type":"Polygon","coordinates":[[[2.3307,48.86055],[2.33343,48.86055],[2.33343,48.86234],[2.3307,48.86234],[2.3307,48.86055]]]}},{"type":"Feature","properties":{"ok":1},"geometry":{"type":"Polygon","coordinates":[[[2.3307,48.86234],[2.33343,48.86234],[2.33343,48.86414],[2.3307,48.86414],[2.3307,48.86234]]]}},{"type":"Feature","properties":{"ok":1},"geometry":{"type":"Polygon","coordinates":[[[2.3307,48.86414],[2.33343,48.86414],[2.33343,48.86594],[2.3307,48.86594],[2.3307,48.86414]]]}},{"type":"Feature","properties":{"ok":1},"geometry":{"type":"Polygon","coordinates":[[[2.3307,48.86594],[2.33343,48.86594],[2.33343,48.86774],[2.3307,48.86774],[2.3307,48.86594]]]}},{"type":"Feature","properties":{"ok":1},"geometry":{"type":"Polygon","coordinates":[[[2.3307,48.86774],[2.33343,48.86774],[2.33343,48.86954],[2.3307,48.86954],[2.3307,48.86774]]]}},{"type":"Feature","properties":{"ok":1},"geometry":{"type":"Polygon","coordinates":[[[2.3307,48.86954],[2.33343,48.86954],[2.33343,48.87134],[2.3307,48.87134],[2.3307,48.86954]]]}},{"type":"Feature","properties":{"ok":1},"geometry":{"type":"Polygon","coordinates":[[[2.3307,48.87134],[2.33343,48.87134],[2.33343,48.87314],[2.3307,48.87314],[2.3307,48.87134]]]}},{"type":"Feature","properties":{"ok":1},"geometry":{"type":"Polygon","coordinates":[[[2.3307,48.87314],[2.33343,48.87314],[2.33343,48.87494],[2.3307,48.87494],[2.3307,48.87314]]]}},{"type":"Feature","properties":{"ok":1},"geometry":{"type":"Polygon","coordinates":[[[2.3307,48.87494],[2.33343,48.87494],[2.33343,48.87673],[2.3307,48.87673],[2.3307,48.87494]]]}},{"type":"Feature","properties":{"ok":1},"geometry":{"type":"Polygon","coordinates":[[[2.3307,48.87673],[2.33343,48.87673],[2.33343,48.87853],[2.3307,48.87853],[2.3307,48.87673]]]}},{"type":"Feature","properties":{"ok":1},"geometry":{"type":"Polygon","coordinates":[[[2.3307,48.87853],[2.33343,48.87853],[2.33343,48.88033],[2.3307,48.88033],[2.3307,48.87853]]]}},{"type":"Feature","properties":{"ok":1},"geometry":{"type":"Polygon","coordinates":[[[2.3307,48.88033],[2.33343,48.88033],[2.33343,48.88213],[2.3307,48.88213],[2.3307,48.88033]]]}},{"type":"Feature","properties":{"ok":1},"geometry":{"type":"Polygon","coordinates":[[[2.3307,48.88213],[2.33343,48.88213],[2.33343,48.88393],[2.3307,48.88393],[2.3307,48.88213]]]}},{"type":"Feature","properties":{"ok":1},"geometry":{"type":"Polygon","coordinates":[[[2.3307,48.88393],[2.33343,48.88393],[2.33343,48.88573],[2.3307,48.88573],[2.3307,48.88393]]]}},{"type":"Feature","properties":{"ok":1},"geometry":{"type":"Polygon","coordinates":[[[2.3307,48.88573],[2.33343,48.88573],[2.33343,48.88753],[2.3307,48.88753],[2.3307,48.88573]]]}},{"type":"Feature","properties":{"ok":1},"geometry":{"type":"Polygon","coordinates":[[[2.3307,48.88753],[2.33343,48.88753],[2.33343,48.88932],[2.3307,48.88932],[2.3307,48.88753]]]}},{"type":"Feature","properties":{"ok":1},"geometry":{"type":"Polygon","coordinates":[[[2.3307,48.88932],[2.33343,48.88932],[2.33343,48.89112],[2.3307,48.89112],[2.3307,48.88932]]]}},{"type":"Feature","properties":{"ok":1},"geometry":{"type":"Polygon","coordinates":[[[2.3307,48.89112],[2.33343,48.89112],[2.33343,48.89292],[2.3307,48.89292],[2.3307,48.89112]]]}},{"type":"Feature","properties":{"ok":1},"geometry":{"type":"Polygon","coordinates":[[[2.3307,48.89292],[2.33343,48.89292],[2.33343,48.89472],[2.3307,48.89472],[2.3307,48.89292]]]}},{"type":"Feature","properties":{"ok":1},"geometry":{"type":"Polygon","coordinates":[[[2.3307,48.89472],[2.33343,48.89472],[2.33343,48.89652],[2.3307,48.89652],[2.3307,48.89472]]]}},{"type":"Feature","properties":{"ok":1},"geometry":{"type":"Polygon","coordinates":[[[2.3307,48.89652],[2.33343,48.89652],[2.33343,48.89832],[2.3307,48.89832],[2.3307,48.89652]]]}},{"type":"Feature","properties":{"ok":1},"geometry":{"type":"Polygon","coordinates":[[[2.3307,48.89832],[2.33343,48.89832],[2.33343,48.90012],[2.3307,48.90012],[2.3307,48.89832]]]}},{"type":"Feature","properties":{"ok":1},"geometry":{"type":"Polygon","coordinates":[[[2.3307,48.90012],[2.33343,48.90012],[2.33343,48.90191],[2.3307,48.90191],[2.3307,48.90012]]]}},{"type":"Feature","properties":{"ok":1},"geometry":{"type":"Polygon","coordinates":[[[2.33343,48.81738],[2.33616,48.81738],[2.33616,48.81918],[2.33343,48.81918],[2.33343,48.81738]]]}},{"type":"Feature","properties":{"ok":1},"geometry":{"type":"Polygon","coordinates":[[[2.33343,48.81918],[2.33616,48.81918],[2.33616,48.82098],[2.33343,48.82098],[2.33343,48.81918]]]}},{"type":"Feature","properties":{"ok":1},"geometry":{"type":"Polygon","coordinates":[[[2.33343,48.82098],[2.33616,48.82098],[2.33616,48.82277],[2.33343,48.82277],[2.33343,48.82098]]]}},{"type":"Feature","properties":{"ok":1},"geometry":{"type":"Polygon","coordinates":[[[2.33343,48.82277],[2.33616,48.82277],[2.33616,48.82457],[2.33343,48.82457],[2.33343,48.82277]]]}},{"type":"Feature","properties":{"ok":1},"geometry":{"type":"Polygon","coordinates":[[[2.33343,48.82457],[2.33616,48.82457],[2.33616,48.82637],[2.33343,48.82637],[2.33343,48.82457]]]}},{"type":"Feature","properties":{"ok":1},"geometry":{"type":"Polygon","coordinates":[[[2.33343,48.82637],[2.33616,48.82637],[2.33616,48.82817],[2.33343,48.82817],[2.33343,48.82637]]]}},{"type":"Feature","properties":{"ok":1},"geometry":{"type":"Polygon","coordinates":[[[2.33343,48.82817],[2.33616,48.82817],[2.33616,48.82997],[2.33343,48.82997],[2.33343,48.82817]]]}},{"type":"Feature","properties":{"ok":1},"geometry":{"type":"Polygon","coordinates":[[[2.33343,48.82997],[2.33616,48.82997],[2.33616,48.83177],[2.33343,48.83177],[2.33343,48.82997]]]}},{"type":"Feature","properties":{"ok":1},"geometry":{"type":"Polygon","coordinates":[[[2.33343,48.83177],[2.33616,48.83177],[2.33616,48.83357],[2.33343,48.83357],[2.33343,48.83177]]]}},{"type":"Feature","properties":{"ok":1},"geometry":{"type":"Polygon","coordinates":[[[2.33343,48.83357],[2.33616,48.83357],[2.33616,48.83537],[2.33343,48.83537],[2.33343,48.83357]]]}},{"type":"Feature","properties":{"ok":1},"geometry":{"type":"Polygon","coordinates":[[[2.33343,48.83537],[2.33616,48.83537],[2.33616,48.83716],[2.33343,48.83716],[2.33343,48.83537]]]}},{"type":"Feature","properties":{"ok":1},"geometry":{"type":"Polygon","coordinates":[[[2.33343,48.83716],[2.33616,48.83716],[2.33616,48.83896],[2.33343,48.83896],[2.33343,48.83716]]]}},{"type":"Feature","properties":{"ok":1},"geometry":{"type":"Polygon","coordinates":[[[2.33343,48.83896],[2.33616,48.83896],[2.33616,48.84076],[2.33343,48.84076],[2.33343,48.83896]]]}},{"type":"Feature","properties":{"ok":1},"geometry":{"type":"Polygon","coordinates":[[[2.33343,48.84076],[2.33616,48.84076],[2.33616,48.84256],[2.33343,48.84256],[2.33343,48.84076]]]}},{"type":"Feature","properties":{"ok":1},"geometry":{"type":"Polygon","coordinates":[[[2.33343,48.84256],[2.33616,48.84256],[2.33616,48.84436],[2.33343,48.84436],[2.33343,48.84256]]]}},{"type":"Feature","properties":{"ok":1},"geometry":{"type":"Polygon","coordinates":[[[2.33343,48.84436],[2.33616,48.84436],[2.33616,48.84616],[2.33343,48.84616],[2.33343,48.84436]]]}},{"type":"Feature","properties":{"ok":1},"geometry":{"type":"Polygon","coordinates":[[[2.33343,48.84616],[2.33616,48.84616],[2.33616,48.84796],[2.33343,48.84796],[2.33343,48.84616]]]}},{"type":"Feature","properties":{"ok":1},"geometry":{"type":"Polygon","coordinates":[[[2.33343,48.84796],[2.33616,48.84796],[2.33616,48.84975],[2.33343,48.84975],[2.33343,48.84796]]]}},{"type":"Feature","properties":{"ok":1},"geometry":{"type":"Polygon","coordinates":[[[2.33343,48.84975],[2.33616,48.84975],[2.33616,48.85155],[2.33343,48.85155],[2.33343,48.84975]]]}},{"type":"Feature","properties":{"ok":1},"geometry":{"type":"Polygon","coordinates":[[[2.33343,48.85155],[2.33616,48.85155],[2.33616,48.85335],[2.33343,48.85335],[2.33343,48.85155]]]}},{"type":"Feature","properties":{"ok":1},"geometry":{"type":"Polygon","coordinates":[[[2.33343,48.85335],[2.33616,48.85335],[2.33616,48.85515],[2.33343,48.85515],[2.33343,48.85335]]]}},{"type":"Feature","properties":{"ok":1},"geometry":{"type":"Polygon","coordinates":[[[2.33343,48.85515],[2.33616,48.85515],[2.33616,48.85695],[2.33343,48.85695],[2.33343,48.85515]]]}},{"type":"Feature","properties":{"ok":1},"geometry":{"type":"Polygon","coordinates":[[[2.33343,48.85695],[2.33616,48.85695],[2.33616,48.85875],[2.33343,48.85875],[2.33343,48.85695]]]}},{"type":"Feature","properties":{"ok":1},"geometry":{"type":"Polygon","coordinates":[[[2.33343,48.85875],[2.33616,48.85875],[2.33616,48.86055],[2.33343,48.86055],[2.33343,48.85875]]]}},{"type":"Feature","properties":{"ok":1},"geometry":{"type":"Polygon","coordinates":[[[2.33343,48.86055],[2.33616,48.86055],[2.33616,48.86234],[2.33343,48.86234],[2.33343,48.86055]]]}},{"type":"Feature","properties":{"ok":1},"geometry":{"type":"Polygon","coordinates":[[[2.33343,48.86234],[2.33616,48.86234],[2.33616,48.86414],[2.33343,48.86414],[2.33343,48.86234]]]}},{"type":"Feature","properties":{"ok":1},"geometry":{"type":"Polygon","coordinates":[[[2.33343,48.86414],[2.33616,48.86414],[2.33616,48.86594],[2.33343,48.86594],[2.33343,48.86414]]]}},{"type":"Feature","properties":{"ok":1},"geometry":{"type":"Polygon","coordinates":[[[2.33343,48.86594],[2.33616,48.86594],[2.33616,48.86774],[2.33343,48.86774],[2.33343,48.86594]]]}},{"type":"Feature","properties":{"ok":1},"geometry":{"type":"Polygon","coordinates":[[[2.33343,48.86774],[2.33616,48.86774],[2.33616,48.86954],[2.33343,48.86954],[2.33343,48.86774]]]}},{"type":"Feature","properties":{"ok":1},"geometry":{"type":"Polygon","coordinates":[[[2.33343,48.86954],[2.33616,48.86954],[2.33616,48.87134],[2.33343,48.87134],[2.33343,48.86954]]]}},{"type":"Feature","properties":{"ok":1},"geometry":{"type":"Polygon","coordinates":[[[2.33343,48.87134],[2.33616,48.87134],[2.33616,48.87314],[2.33343,48.87314],[2.33343,48.87134]]]}},{"type":"Feature","properties":{"ok":1},"geometry":{"type":"Polygon","coordinates":[[[2.33343,48.87314],[2.33616,48.87314],[2.33616,48.87494],[2.33343,48.87494],[2.33343,48.87314]]]}},{"type":"Feature","properties":{"ok":1},"geometry":{"type":"Polygon","coordinates":[[[2.33343,48.87494],[2.33616,48.87494],[2.33616,48.87673],[2.33343,48.87673],[2.33343,48.87494]]]}},{"type":"Feature","properties":{"ok":1},"geometry":{"type":"Polygon","coordinates":[[[2.33343,48.87673],[2.33616,48.87673],[2.33616,48.87853],[2.33343,48.87853],[2.33343,48.87673]]]}},{"type":"Feature","properties":{"ok":1},"geometry":{"type":"Polygon","coordinates":[[[2.33343,48.87853],[2.33616,48.87853],[2.33616,48.88033],[2.33343,48.88033],[2.33343,48.87853]]]}},{"type":"Feature","properties":{"ok":1},"geometry":{"type":"Polygon","coordinates":[[[2.33343,48.88033],[2.33616,48.88033],[2.33616,48.88213],[2.33343,48.88213],[2.33343,48.88033]]]}},{"type":"Feature","properties":{"ok":1},"geometry":{"type":"Polygon","coordinates":[[[2.33343,48.88213],[2.33616,48.88213],[2.33616,48.88393],[2.33343,48.88393],[2.33343,48.88213]]]}},{"type":"Feature","properties":{"ok":1},"geometry":{"type":"Polygon","coordinates":[[[2.33343,48.88393],[2.33616,48.88393],[2.33616,48.88573],[2.33343,48.88573],[2.33343,48.88393]]]}},{"type":"Feature","properties":{"ok":1},"geometry":{"type":"Polygon","coordinates":[[[2.33343,48.88573],[2.33616,48.88573],[2.33616,48.88753],[2.33343,48.88753],[2.33343,48.88573]]]}},{"type":"Feature","properties":{"ok":1},"geometry":{"type":"Polygon","coordinates":[[[2.33343,48.88753],[2.33616,48.88753],[2.33616,48.88932],[2.33343,48.88932],[2.33343,48.88753]]]}},{"type":"Feature","properties":{"ok":1},"geometry":{"type":"Polygon","coordinates":[[[2.33343,48.88932],[2.33616,48.88932],[2.33616,48.89112],[2.33343,48.89112],[2.33343,48.88932]]]}},{"type":"Feature","properties":{"ok":1},"geometry":{"type":"Polygon","coordinates":[[[2.33343,48.89112],[2.33616,48.89112],[2.33616,48.89292],[2.33343,48.89292],[2.33343,48.89112]]]}},{"type":"Feature","properties":{"ok":1},"geometry":{"type":"Polygon","coordinates":[[[2.33343,48.89292],[2.33616,48.89292],[2.33616,48.89472],[2.33343,48.89472],[2.33343,48.89292]]]}},{"type":"Feature","properties":{"ok":1},"geometry":{"type":"Polygon","coordinates":[[[2.33343,48.89472],[2.33616,48.89472],[2.33616,48.89652],[2.33343,48.89652],[2.33343,48.89472]]]}},{"type":"Feature","properties":{"ok":1},"geometry":{"type":"Polygon","coordinates":[[[2.33343,48.89652],[2.33616,48.89652],[2.33616,48.89832],[2.33343,48.89832],[2.33343,48.89652]]]}},{"type":"Feature","properties":{"ok":1},"geometry":{"type":"Polygon","coordinates":[[[2.33343,48.89832],[2.33616,48.89832],[2.33616,48.90012],[2.33343,48.90012],[2.33343,48.89832]]]}},{"type":"Feature","properties":{"ok":1},"geometry":{"type":"Polygon","coordinates":[[[2.33343,48.90012],[2.33616,48.90012],[2.33616,48.90191],[2.33343,48.90191],[2.33343,48.90012]]]}},{"type":"Feature","properties":{"ok":1},"geometry":{"type":"Polygon","coordinates":[[[2.33616,48.81738],[2.3389,48.81738],[2.3389,48.81918],[2.33616,48.81918],[2.33616,48.81738]]]}},{"type":"Feature","properties":{"ok":1},"geometry":{"type":"Polygon","coordinates":[[[2.33616,48.81918],[2.3389,48.81918],[2.3389,48.82098],[2.33616,48.82098],[2.33616,48.81918]]]}},{"type":"Feature","properties":{"ok":1},"geometry":{"type":"Polygon","coordinates":[[[2.33616,48.82098],[2.3389,48.82098],[2.3389,48.82277],[2.33616,48.82277],[2.33616,48.82098]]]}},{"type":"Feature","properties":{"ok":1},"geometry":{"type":"Polygon","coordinates":[[[2.33616,48.82277],[2.3389,48.82277],[2.3389,48.82457],[2.33616,48.82457],[2.33616,48.82277]]]}},{"type":"Feature","properties":{"ok":1},"geometry":{"type":"Polygon","coordinates":[[[2.33616,48.82457],[2.3389,48.82457],[2.3389,48.82637],[2.33616,48.82637],[2.33616,48.82457]]]}},{"type":"Feature","properties":{"ok":1},"geometry":{"type":"Polygon","coordinates":[[[2.33616,48.82637],[2.3389,48.82637],[2.3389,48.82817],[2.33616,48.82817],[2.33616,48.82637]]]}},{"type":"Feature","properties":{"ok":1},"geometry":{"type":"Polygon","coordinates":[[[2.33616,48.82817],[2.3389,48.82817],[2.3389,48.82997],[2.33616,48.82997],[2.33616,48.82817]]]}},{"type":"Feature","properties":{"ok":1},"geometry":{"type":"Polygon","coordinates":[[[2.33616,48.82997],[2.3389,48.82997],[2.3389,48.83177],[2.33616,48.83177],[2.33616,48.82997]]]}},{"type":"Feature","properties":{"ok":1},"geometry":{"type":"Polygon","coordinates":[[[2.33616,48.83177],[2.3389,48.83177],[2.3389,48.83357],[2.33616,48.83357],[2.33616,48.83177]]]}},{"type":"Feature","properties":{"ok":1},"geometry":{"type":"Polygon","coordinates":[[[2.33616,48.83357],[2.3389,48.83357],[2.3389,48.83537],[2.33616,48.83537],[2.33616,48.83357]]]}},{"type":"Feature","properties":{"ok":1},"geometry":{"type":"Polygon","coordinates":[[[2.33616,48.83537],[2.3389,48.83537],[2.3389,48.83716],[2.33616,48.83716],[2.33616,48.83537]]]}},{"type":"Feature","properties":{"ok":1},"geometry":{"type":"Polygon","coordinates":[[[2.33616,48.83716],[2.3389,48.83716],[2.3389,48.83896],[2.33616,48.83896],[2.33616,48.83716]]]}},{"type":"Feature","properties":{"ok":1},"geometry":{"type":"Polygon","coordinates":[[[2.33616,48.83896],[2.3389,48.83896],[2.3389,48.84076],[2.33616,48.84076],[2.33616,48.83896]]]}},{"type":"Feature","properties":{"ok":1},"geometry":{"type":"Polygon","coordinates":[[[2.33616,48.84076],[2.3389,48.84076],[2.3389,48.84256],[2.33616,48.84256],[2.33616,48.84076]]]}},{"type":"Feature","properties":{"ok":1},"geometry":{"type":"Polygon","coordinates":[[[2.33616,48.84256],[2.3389,48.84256],[2.3389,48.84436],[2.33616,48.84436],[2.33616,48.84256]]]}},{"type":"Feature","properties":{"ok":1},"geometry":{"type":"Polygon","coordinates":[[[2.33616,48.84436],[2.3389,48.84436],[2.3389,48.84616],[2.33616,48.84616],[2.33616,48.84436]]]}},{"type":"Feature","properties":{"ok":1},"geometry":{"type":"Polygon","coordinates":[[[2.33616,48.84616],[2.3389,48.84616],[2.3389,48.84796],[2.33616,48.84796],[2.33616,48.84616]]]}},{"type":"Feature","properties":{"ok":1},"geometry":{"type":"Polygon","coordinates":[[[2.33616,48.84796],[2.3389,48.84796],[2.3389,48.84975],[2.33616,48.84975],[2.33616,48.84796]]]}},{"type":"Feature","properties":{"ok":1},"geometry":{"type":"Polygon","coordinates":[[[2.33616,48.84975],[2.3389,48.84975],[2.3389,48.85155],[2.33616,48.85155],[2.33616,48.84975]]]}},{"type":"Feature","properties":{"ok":1},"geometry":{"type":"Polygon","coordinates":[[[2.33616,48.85155],[2.3389,48.85155],[2.3389,48.85335],[2.33616,48.85335],[2.33616,48.85155]]]}},{"type":"Feature","properties":{"ok":1},"geometry":{"type":"Polygon","coordinates":[[[2.33616,48.85335],[2.3389,48.85335],[2.3389,48.85515],[2.33616,48.85515],[2.33616,48.85335]]]}},{"type":"Feature","properties":{"ok":1},"geometry":{"type":"Polygon","coordinates":[[[2.33616,48.85515],[2.3389,48.85515],[2.3389,48.85695],[2.33616,48.85695],[2.33616,48.85515]]]}},{"type":"Feature","properties":{"ok":1},"geometry":{"type":"Polygon","coordinates":[[[2.33616,48.85695],[2.3389,48.85695],[2.3389,48.85875],[2.33616,48.85875],[2.33616,48.85695]]]}},{"type":"Feature","properties":{"ok":1},"geometry":{"type":"Polygon","coordinates":[[[2.33616,48.85875],[2.3389,48.85875],[2.3389,48.86055],[2.33616,48.86055],[2.33616,48.85875]]]}},{"type":"Feature","properties":{"ok":1},"geometry":{"type":"Polygon","coordinates":[[[2.33616,48.86055],[2.3389,48.86055],[2.3389,48.86234],[2.33616,48.86234],[2.33616,48.86055]]]}},{"type":"Feature","properties":{"ok":1},"geometry":{"type":"Polygon","coordinates":[[[2.33616,48.86234],[2.3389,48.86234],[2.3389,48.86414],[2.33616,48.86414],[2.33616,48.86234]]]}},{"type":"Feature","properties":{"ok":1},"geometry":{"type":"Polygon","coordinates":[[[2.33616,48.86414],[2.3389,48.86414],[2.3389,48.86594],[2.33616,48.86594],[2.33616,48.86414]]]}},{"type":"Feature","properties":{"ok":1},"geometry":{"type":"Polygon","coordinates":[[[2.33616,48.86594],[2.3389,48.86594],[2.3389,48.86774],[2.33616,48.86774],[2.33616,48.86594]]]}},{"type":"Feature","properties":{"ok":1},"geometry":{"type":"Polygon","coordinates":[[[2.33616,48.86774],[2.3389,48.86774],[2.3389,48.86954],[2.33616,48.86954],[2.33616,48.86774]]]}},{"type":"Feature","properties":{"ok":1},"geometry":{"type":"Polygon","coordinates":[[[2.33616,48.86954],[2.3389,48.86954],[2.3389,48.87134],[2.33616,48.87134],[2.33616,48.86954]]]}},{"type":"Feature","properties":{"ok":1},"geometry":{"type":"Polygon","coordinates":[[[2.33616,48.87134],[2.3389,48.87134],[2.3389,48.87314],[2.33616,48.87314],[2.33616,48.87134]]]}},{"type":"Feature","properties":{"ok":1},"geometry":{"type":"Polygon","coordinates":[[[2.33616,48.87314],[2.3389,48.87314],[2.3389,48.87494],[2.33616,48.87494],[2.33616,48.87314]]]}},{"type":"Feature","properties":{"ok":1},"geometry":{"type":"Polygon","coordinates":[[[2.33616,48.87494],[2.3389,48.87494],[2.3389,48.87673],[2.33616,48.87673],[2.33616,48.87494]]]}},{"type":"Feature","properties":{"ok":1},"geometry":{"type":"Polygon","coordinates":[[[2.33616,48.87673],[2.3389,48.87673],[2.3389,48.87853],[2.33616,48.87853],[2.33616,48.87673]]]}},{"type":"Feature","properties":{"ok":1},"geometry":{"type":"Polygon","coordinates":[[[2.33616,48.87853],[2.3389,48.87853],[2.3389,48.88033],[2.33616,48.88033],[2.33616,48.87853]]]}},{"type":"Feature","properties":{"ok":1},"geometry":{"type":"Polygon","coordinates":[[[2.33616,48.88033],[2.3389,48.88033],[2.3389,48.88213],[2.33616,48.88213],[2.33616,48.88033]]]}},{"type":"Feature","properties":{"ok":1},"geometry":{"type":"Polygon","coordinates":[[[2.33616,48.88213],[2.3389,48.88213],[2.3389,48.88393],[2.33616,48.88393],[2.33616,48.88213]]]}},{"type":"Feature","properties":{"ok":1},"geometry":{"type":"Polygon","coordinates":[[[2.33616,48.88393],[2.3389,48.88393],[2.3389,48.88573],[2.33616,48.88573],[2.33616,48.88393]]]}},{"type":"Feature","properties":{"ok":1},"geometry":{"type":"Polygon","coordinates":[[[2.33616,48.88573],[2.3389,48.88573],[2.3389,48.88753],[2.33616,48.88753],[2.33616,48.88573]]]}},{"type":"Feature","properties":{"ok":1},"geometry":{"type":"Polygon","coordinates":[[[2.33616,48.88753],[2.3389,48.88753],[2.3389,48.88932],[2.33616,48.88932],[2.33616,48.88753]]]}},{"type":"Feature","properties":{"ok":1},"geometry":{"type":"Polygon","coordinates":[[[2.33616,48.88932],[2.3389,48.88932],[2.3389,48.89112],[2.33616,48.89112],[2.33616,48.88932]]]}},{"type":"Feature","properties":{"ok":1},"geometry":{"type":"Polygon","coordinates":[[[2.33616,48.89112],[2.3389,48.89112],[2.3389,48.89292],[2.33616,48.89292],[2.33616,48.89112]]]}},{"type":"Feature","properties":{"ok":1},"geometry":{"type":"Polygon","coordinates":[[[2.33616,48.89292],[2.3389,48.89292],[2.3389,48.89472],[2.33616,48.89472],[2.33616,48.89292]]]}},{"type":"Feature","properties":{"ok":1},"geometry":{"type":"Polygon","coordinates":[[[2.33616,48.89472],[2.3389,48.89472],[2.3389,48.89652],[2.33616,48.89652],[2.33616,48.89472]]]}},{"type":"Feature","properties":{"ok":1},"geometry":{"type":"Polygon","coordinates":[[[2.33616,48.89652],[2.3389,48.89652],[2.3389,48.89832],[2.33616,48.89832],[2.33616,48.89652]]]}},{"type":"Feature","properties":{"ok":1},"geometry":{"type":"Polygon","coordinates":[[[2.33616,48.89832],[2.3389,48.89832],[2.3389,48.90012],[2.33616,48.90012],[2.33616,48.89832]]]}},{"type":"Feature","properties":{"ok":1},"geometry":{"type":"Polygon","coordinates":[[[2.33616,48.90012],[2.3389,48.90012],[2.3389,48.90191],[2.33616,48.90191],[2.33616,48.90012]]]}},{"type":"Feature","properties":{"ok":0},"geometry":{"type":"Polygon","coordinates":[[[2.3389,48.81558],[2.34163,48.81558],[2.34163,48.81738],[2.3389,48.81738],[2.3389,48.81558]]]}},{"type":"Feature","properties":{"ok":1},"geometry":{"type":"Polygon","coordinates":[[[2.3389,48.81738],[2.34163,48.81738],[2.34163,48.81918],[2.3389,48.81918],[2.3389,48.81738]]]}},{"type":"Feature","properties":{"ok":1},"geometry":{"type":"Polygon","coordinates":[[[2.3389,48.81918],[2.34163,48.81918],[2.34163,48.82098],[2.3389,48.82098],[2.3389,48.81918]]]}},{"type":"Feature","properties":{"ok":1},"geometry":{"type":"Polygon","coordinates":[[[2.3389,48.82098],[2.34163,48.82098],[2.34163,48.82277],[2.3389,48.82277],[2.3389,48.82098]]]}},{"type":"Feature","properties":{"ok":1},"geometry":{"type":"Polygon","coordinates":[[[2.3389,48.82277],[2.34163,48.82277],[2.34163,48.82457],[2.3389,48.82457],[2.3389,48.82277]]]}},{"type":"Feature","properties":{"ok":1},"geometry":{"type":"Polygon","coordinates":[[[2.3389,48.82457],[2.34163,48.82457],[2.34163,48.82637],[2.3389,48.82637],[2.3389,48.82457]]]}},{"type":"Feature","properties":{"ok":1},"geometry":{"type":"Polygon","coordinates":[[[2.3389,48.82637],[2.34163,48.82637],[2.34163,48.82817],[2.3389,48.82817],[2.3389,48.82637]]]}},{"type":"Feature","properties":{"ok":1},"geometry":{"type":"Polygon","coordinates":[[[2.3389,48.82817],[2.34163,48.82817],[2.34163,48.82997],[2.3389,48.82997],[2.3389,48.82817]]]}},{"type":"Feature","properties":{"ok":1},"geometry":{"type":"Polygon","coordinates":[[[2.3389,48.82997],[2.34163,48.82997],[2.34163,48.83177],[2.3389,48.83177],[2.3389,48.82997]]]}},{"type":"Feature","properties":{"ok":1},"geometry":{"type":"Polygon","coordinates":[[[2.3389,48.83177],[2.34163,48.83177],[2.34163,48.83357],[2.3389,48.83357],[2.3389,48.83177]]]}},{"type":"Feature","properties":{"ok":1},"geometry":{"type":"Polygon","coordinates":[[[2.3389,48.83357],[2.34163,48.83357],[2.34163,48.83537],[2.3389,48.83537],[2.3389,48.83357]]]}},{"type":"Feature","properties":{"ok":1},"geometry":{"type":"Polygon","coordinates":[[[2.3389,48.83537],[2.34163,48.83537],[2.34163,48.83716],[2.3389,48.83716],[2.3389,48.83537]]]}},{"type":"Feature","properties":{"ok":1},"geometry":{"type":"Polygon","coordinates":[[[2.3389,48.83716],[2.34163,48.83716],[2.34163,48.83896],[2.3389,48.83896],[2.3389,48.83716]]]}},{"type":"Feature","properties":{"ok":1},"geometry":{"type":"Polygon","coordinates":[[[2.3389,48.83896],[2.34163,48.83896],[2.34163,48.84076],[2.3389,48.84076],[2.3389,48.83896]]]}},{"type":"Feature","properties":{"ok":1},"geometry":{"type":"Polygon","coordinates":[[[2.3389,48.84076],[2.34163,48.84076],[2.34163,48.84256],[2.3389,48.84256],[2.3389,48.84076]]]}},{"type":"Feature","properties":{"ok":1},"geometry":{"type":"Polygon","coordinates":[[[2.3389,48.84256],[2.34163,48.84256],[2.34163,48.84436],[2.3389,48.84436],[2.3389,48.84256]]]}},{"type":"Feature","properties":{"ok":1},"geometry":{"type":"Polygon","coordinates":[[[2.3389,48.84436],[2.34163,48.84436],[2.34163,48.84616],[2.3389,48.84616],[2.3389,48.84436]]]}},{"type":"Feature","properties":{"ok":1},"geometry":{"type":"Polygon","coordinates":[[[2.3389,48.84616],[2.34163,48.84616],[2.34163,48.84796],[2.3389,48.84796],[2.3389,48.84616]]]}},{"type":"Feature","properties":{"ok":1},"geometry":{"type":"Polygon","coordinates":[[[2.3389,48.84796],[2.34163,48.84796],[2.34163,48.84975],[2.3389,48.84975],[2.3389,48.84796]]]}},{"type":"Feature","properties":{"ok":1},"geometry":{"type":"Polygon","coordinates":[[[2.3389,48.84975],[2.34163,48.84975],[2.34163,48.85155],[2.3389,48.85155],[2.3389,48.84975]]]}},{"type":"Feature","properties":{"ok":1},"geometry":{"type":"Polygon","coordinates":[[[2.3389,48.85155],[2.34163,48.85155],[2.34163,48.85335],[2.3389,48.85335],[2.3389,48.85155]]]}},{"type":"Feature","properties":{"ok":1},"geometry":{"type":"Polygon","coordinates":[[[2.3389,48.85335],[2.34163,48.85335],[2.34163,48.85515],[2.3389,48.85515],[2.3389,48.85335]]]}},{"type":"Feature","properties":{"ok":1},"geometry":{"type":"Polygon","coordinates":[[[2.3389,48.85515],[2.34163,48.85515],[2.34163,48.85695],[2.3389,48.85695],[2.3389,48.85515]]]}},{"type":"Feature","properties":{"ok":1},"geometry":{"type":"Polygon","coordinates":[[[2.3389,48.85695],[2.34163,48.85695],[2.34163,48.85875],[2.3389,48.85875],[2.3389,48.85695]]]}},{"type":"Feature","properties":{"ok":1},"geometry":{"type":"Polygon","coordinates":[[[2.3389,48.85875],[2.34163,48.85875],[2.34163,48.86055],[2.3389,48.86055],[2.3389,48.85875]]]}},{"type":"Feature","properties":{"ok":1},"geometry":{"type":"Polygon","coordinates":[[[2.3389,48.86055],[2.34163,48.86055],[2.34163,48.86234],[2.3389,48.86234],[2.3389,48.86055]]]}},{"type":"Feature","properties":{"ok":1},"geometry":{"type":"Polygon","coordinates":[[[2.3389,48.86234],[2.34163,48.86234],[2.34163,48.86414],[2.3389,48.86414],[2.3389,48.86234]]]}},{"type":"Feature","properties":{"ok":1},"geometry":{"type":"Polygon","coordinates":[[[2.3389,48.86414],[2.34163,48.86414],[2.34163,48.86594],[2.3389,48.86594],[2.3389,48.86414]]]}},{"type":"Feature","properties":{"ok":1},"geometry":{"type":"Polygon","coordinates":[[[2.3389,48.86594],[2.34163,48.86594],[2.34163,48.86774],[2.3389,48.86774],[2.3389,48.86594]]]}},{"type":"Feature","properties":{"ok":1},"geometry":{"type":"Polygon","coordinates":[[[2.3389,48.86774],[2.34163,48.86774],[2.34163,48.86954],[2.3389,48.86954],[2.3389,48.86774]]]}},{"type":"Feature","properties":{"ok":1},"geometry":{"type":"Polygon","coordinates":[[[2.3389,48.86954],[2.34163,48.86954],[2.34163,48.87134],[2.3389,48.87134],[2.3389,48.86954]]]}},{"type":"Feature","properties":{"ok":1},"geometry":{"type":"Polygon","coordinates":[[[2.3389,48.87134],[2.34163,48.87134],[2.34163,48.87314],[2.3389,48.87314],[2.3389,48.87134]]]}},{"type":"Feature","properties":{"ok":1},"geometry":{"type":"Polygon","coordinates":[[[2.3389,48.87314],[2.34163,48.87314],[2.34163,48.87494],[2.3389,48.87494],[2.3389,48.87314]]]}},{"type":"Feature","properties":{"ok":1},"geometry":{"type":"Polygon","coordinates":[[[2.3389,48.87494],[2.34163,48.87494],[2.34163,48.87673],[2.3389,48.87673],[2.3389,48.87494]]]}},{"type":"Feature","properties":{"ok":1},"geometry":{"type":"Polygon","coordinates":[[[2.3389,48.87673],[2.34163,48.87673],[2.34163,48.87853],[2.3389,48.87853],[2.3389,48.87673]]]}},{"type":"Feature","properties":{"ok":1},"geometry":{"type":"Polygon","coordinates":[[[2.3389,48.87853],[2.34163,48.87853],[2.34163,48.88033],[2.3389,48.88033],[2.3389,48.87853]]]}},{"type":"Feature","properties":{"ok":1},"geometry":{"type":"Polygon","coordinates":[[[2.3389,48.88033],[2.34163,48.88033],[2.34163,48.88213],[2.3389,48.88213],[2.3389,48.88033]]]}},{"type":"Feature","properties":{"ok":1},"geometry":{"type":"Polygon","coordinates":[[[2.3389,48.88213],[2.34163,48.88213],[2.34163,48.88393],[2.3389,48.88393],[2.3389,48.88213]]]}},{"type":"Feature","properties":{"ok":1},"geometry":{"type":"Polygon","coordinates":[[[2.3389,48.88393],[2.34163,48.88393],[2.34163,48.88573],[2.3389,48.88573],[2.3389,48.88393]]]}},{"type":"Feature","properties":{"ok":1},"geometry":{"type":"Polygon","coordinates":[[[2.3389,48.88573],[2.34163,48.88573],[2.34163,48.88753],[2.3389,48.88753],[2.3389,48.88573]]]}},{"type":"Feature","properties":{"ok":1},"geometry":{"type":"Polygon","coordinates":[[[2.3389,48.88753],[2.34163,48.88753],[2.34163,48.88932],[2.3389,48.88932],[2.3389,48.88753]]]}},{"type":"Feature","properties":{"ok":1},"geometry":{"type":"Polygon","coordinates":[[[2.3389,48.88932],[2.34163,48.88932],[2.34163,48.89112],[2.3389,48.89112],[2.3389,48.88932]]]}},{"type":"Feature","properties":{"ok":1},"geometry":{"type":"Polygon","coordinates":[[[2.3389,48.89112],[2.34163,48.89112],[2.34163,48.89292],[2.3389,48.89292],[2.3389,48.89112]]]}},{"type":"Feature","properties":{"ok":1},"geometry":{"type":"Polygon","coordinates":[[[2.3389,48.89292],[2.34163,48.89292],[2.34163,48.89472],[2.3389,48.89472],[2.3389,48.89292]]]}},{"type":"Feature","properties":{"ok":1},"geometry":{"type":"Polygon","coordinates":[[[2.3389,48.89472],[2.34163,48.89472],[2.34163,48.89652],[2.3389,48.89652],[2.3389,48.89472]]]}},{"type":"Feature","properties":{"ok":1},"geometry":{"type":"Polygon","coordinates":[[[2.3389,48.89652],[2.34163,48.89652],[2.34163,48.89832],[2.3389,48.89832],[2.3389,48.89652]]]}},{"type":"Feature","properties":{"ok":1},"geometry":{"type":"Polygon","coordinates":[[[2.3389,48.89832],[2.34163,48.89832],[2.34163,48.90012],[2.3389,48.90012],[2.3389,48.89832]]]}},{"type":"Feature","properties":{"ok":1},"geometry":{"type":"Polygon","coordinates":[[[2.3389,48.90012],[2.34163,48.90012],[2.34163,48.90191],[2.3389,48.90191],[2.3389,48.90012]]]}},{"type":"Feature","properties":{"ok":1},"geometry":{"type":"Polygon","coordinates":[[[2.34163,48.81558],[2.34436,48.81558],[2.34436,48.81738],[2.34163,48.81738],[2.34163,48.81558]]]}},{"type":"Feature","properties":{"ok":1},"geometry":{"type":"Polygon","coordinates":[[[2.34163,48.81738],[2.34436,48.81738],[2.34436,48.81918],[2.34163,48.81918],[2.34163,48.81738]]]}},{"type":"Feature","properties":{"ok":1},"geometry":{"type":"Polygon","coordinates":[[[2.34163,48.81918],[2.34436,48.81918],[2.34436,48.82098],[2.34163,48.82098],[2.34163,48.81918]]]}},{"type":"Feature","properties":{"ok":1},"geometry":{"type":"Polygon","coordinates":[[[2.34163,48.82098],[2.34436,48.82098],[2.34436,48.82277],[2.34163,48.82277],[2.34163,48.82098]]]}},{"type":"Feature","properties":{"ok":1},"geometry":{"type":"Polygon","coordinates":[[[2.34163,48.82277],[2.34436,48.82277],[2.34436,48.82457],[2.34163,48.82457],[2.34163,48.82277]]]}},{"type":"Feature","properties":{"ok":1},"geometry":{"type":"Polygon","coordinates":[[[2.34163,48.82457],[2.34436,48.82457],[2.34436,48.82637],[2.34163,48.82637],[2.34163,48.82457]]]}},{"type":"Feature","properties":{"ok":1},"geometry":{"type":"Polygon","coordinates":[[[2.34163,48.82637],[2.34436,48.82637],[2.34436,48.82817],[2.34163,48.82817],[2.34163,48.82637]]]}},{"type":"Feature","properties":{"ok":1},"geometry":{"type":"Polygon","coordinates":[[[2.34163,48.82817],[2.34436,48.82817],[2.34436,48.82997],[2.34163,48.82997],[2.34163,48.82817]]]}},{"type":"Feature","properties":{"ok":1},"geometry":{"type":"Polygon","coordinates":[[[2.34163,48.82997],[2.34436,48.82997],[2.34436,48.83177],[2.34163,48.83177],[2.34163,48.82997]]]}},{"type":"Feature","properties":{"ok":1},"geometry":{"type":"Polygon","coordinates":[[[2.34163,48.83177],[2.34436,48.83177],[2.34436,48.83357],[2.34163,48.83357],[2.34163,48.83177]]]}},{"type":"Feature","properties":{"ok":1},"geometry":{"type":"Polygon","coordinates":[[[2.34163,48.83357],[2.34436,48.83357],[2.34436,48.83537],[2.34163,48.83537],[2.34163,48.83357]]]}},{"type":"Feature","properties":{"ok":1},"geometry":{"type":"Polygon","coordinates":[[[2.34163,48.83537],[2.34436,48.83537],[2.34436,48.83716],[2.34163,48.83716],[2.34163,48.83537]]]}},{"type":"Feature","properties":{"ok":1},"geometry":{"type":"Polygon","coordinates":[[[2.34163,48.83716],[2.34436,48.83716],[2.34436,48.83896],[2.34163,48.83896],[2.34163,48.83716]]]}},{"type":"Feature","properties":{"ok":1},"geometry":{"type":"Polygon","coordinates":[[[2.34163,48.83896],[2.34436,48.83896],[2.34436,48.84076],[2.34163,48.84076],[2.34163,48.83896]]]}},{"type":"Feature","properties":{"ok":1},"geometry":{"type":"Polygon","coordinates":[[[2.34163,48.84076],[2.34436,48.84076],[2.34436,48.84256],[2.34163,48.84256],[2.34163,48.84076]]]}},{"type":"Feature","properties":{"ok":1},"geometry":{"type":"Polygon","coordinates":[[[2.34163,48.84256],[2.34436,48.84256],[2.34436,48.84436],[2.34163,48.84436],[2.34163,48.84256]]]}},{"type":"Feature","properties":{"ok":1},"geometry":{"type":"Polygon","coordinates":[[[2.34163,48.84436],[2.34436,48.84436],[2.34436,48.84616],[2.34163,48.84616],[2.34163,48.84436]]]}},{"type":"Feature","properties":{"ok":1},"geometry":{"type":"Polygon","coordinates":[[[2.34163,48.84616],[2.34436,48.84616],[2.34436,48.84796],[2.34163,48.84796],[2.34163,48.84616]]]}},{"type":"Feature","properties":{"ok":1},"geometry":{"type":"Polygon","coordinates":[[[2.34163,48.84796],[2.34436,48.84796],[2.34436,48.84975],[2.34163,48.84975],[2.34163,48.84796]]]}},{"type":"Feature","properties":{"ok":1},"geometry":{"type":"Polygon","coordinates":[[[2.34163,48.84975],[2.34436,48.84975],[2.34436,48.85155],[2.34163,48.85155],[2.34163,48.84975]]]}},{"type":"Feature","properties":{"ok":1},"geometry":{"type":"Polygon","coordinates":[[[2.34163,48.85155],[2.34436,48.85155],[2.34436,48.85335],[2.34163,48.85335],[2.34163,48.85155]]]}},{"type":"Feature","properties":{"ok":1},"geometry":{"type":"Polygon","coordinates":[[[2.34163,48.85335],[2.34436,48.85335],[2.34436,48.85515],[2.34163,48.85515],[2.34163,48.85335]]]}},{"type":"Feature","properties":{"ok":1},"geometry":{"type":"Polygon","coordinates":[[[2.34163,48.85515],[2.34436,48.85515],[2.34436,48.85695],[2.34163,48.85695],[2.34163,48.85515]]]}},{"type":"Feature","properties":{"ok":1},"geometry":{"type":"Polygon","coordinates":[[[2.34163,48.85695],[2.34436,48.85695],[2.34436,48.85875],[2.34163,48.85875],[2.34163,48.85695]]]}},{"type":"Feature","properties":{"ok":1},"geometry":{"type":"Polygon","coordinates":[[[2.34163,48.85875],[2.34436,48.85875],[2.34436,48.86055],[2.34163,48.86055],[2.34163,48.85875]]]}},{"type":"Feature","properties":{"ok":1},"geometry":{"type":"Polygon","coordinates":[[[2.34163,48.86055],[2.34436,48.86055],[2.34436,48.86234],[2.34163,48.86234],[2.34163,48.86055]]]}},{"type":"Feature","properties":{"ok":1},"geometry":{"type":"Polygon","coordinates":[[[2.34163,48.86234],[2.34436,48.86234],[2.34436,48.86414],[2.34163,48.86414],[2.34163,48.86234]]]}},{"type":"Feature","properties":{"ok":1},"geometry":{"type":"Polygon","coordinates":[[[2.34163,48.86414],[2.34436,48.86414],[2.34436,48.86594],[2.34163,48.86594],[2.34163,48.86414]]]}},{"type":"Feature","properties":{"ok":1},"geometry":{"type":"Polygon","coordinates":[[[2.34163,48.86594],[2.34436,48.86594],[2.34436,48.86774],[2.34163,48.86774],[2.34163,48.86594]]]}},{"type":"Feature","properties":{"ok":1},"geometry":{"type":"Polygon","coordinates":[[[2.34163,48.86774],[2.34436,48.86774],[2.34436,48.86954],[2.34163,48.86954],[2.34163,48.86774]]]}},{"type":"Feature","properties":{"ok":1},"geometry":{"type":"Polygon","coordinates":[[[2.34163,48.86954],[2.34436,48.86954],[2.34436,48.87134],[2.34163,48.87134],[2.34163,48.86954]]]}},{"type":"Feature","properties":{"ok":1},"geometry":{"type":"Polygon","coordinates":[[[2.34163,48.87134],[2.34436,48.87134],[2.34436,48.87314],[2.34163,48.87314],[2.34163,48.87134]]]}},{"type":"Feature","properties":{"ok":1},"geometry":{"type":"Polygon","coordinates":[[[2.34163,48.87314],[2.34436,48.87314],[2.34436,48.87494],[2.34163,48.87494],[2.34163,48.87314]]]}},{"type":"Feature","properties":{"ok":1},"geometry":{"type":"Polygon","coordinates":[[[2.34163,48.87494],[2.34436,48.87494],[2.34436,48.87673],[2.34163,48.87673],[2.34163,48.87494]]]}},{"type":"Feature","properties":{"ok":1},"geometry":{"type":"Polygon","coordinates":[[[2.34163,48.87673],[2.34436,48.87673],[2.34436,48.87853],[2.34163,48.87853],[2.34163,48.87673]]]}},{"type":"Feature","properties":{"ok":1},"geometry":{"type":"Polygon","coordinates":[[[2.34163,48.87853],[2.34436,48.87853],[2.34436,48.88033],[2.34163,48.88033],[2.34163,48.87853]]]}},{"type":"Feature","properties":{"ok":1},"geometry":{"type":"Polygon","coordinates":[[[2.34163,48.88033],[2.34436,48.88033],[2.34436,48.88213],[2.34163,48.88213],[2.34163,48.88033]]]}},{"type":"Feature","properties":{"ok":1},"geometry":{"type":"Polygon","coordinates":[[[2.34163,48.88213],[2.34436,48.88213],[2.34436,48.88393],[2.34163,48.88393],[2.34163,48.88213]]]}},{"type":"Feature","properties":{"ok":1},"geometry":{"type":"Polygon","coordinates":[[[2.34163,48.88393],[2.34436,48.88393],[2.34436,48.88573],[2.34163,48.88573],[2.34163,48.88393]]]}},{"type":"Feature","properties":{"ok":1},"geometry":{"type":"Polygon","coordinates":[[[2.34163,48.88573],[2.34436,48.88573],[2.34436,48.88753],[2.34163,48.88753],[2.34163,48.88573]]]}},{"type":"Feature","properties":{"ok":1},"geometry":{"type":"Polygon","coordinates":[[[2.34163,48.88753],[2.34436,48.88753],[2.34436,48.88932],[2.34163,48.88932],[2.34163,48.88753]]]}},{"type":"Feature","properties":{"ok":1},"geometry":{"type":"Polygon","coordinates":[[[2.34163,48.88932],[2.34436,48.88932],[2.34436,48.89112],[2.34163,48.89112],[2.34163,48.88932]]]}},{"type":"Feature","properties":{"ok":1},"geometry":{"type":"Polygon","coordinates":[[[2.34163,48.89112],[2.34436,48.89112],[2.34436,48.89292],[2.34163,48.89292],[2.34163,48.89112]]]}},{"type":"Feature","properties":{"ok":1},"geometry":{"type":"Polygon","coordinates":[[[2.34163,48.89292],[2.34436,48.89292],[2.34436,48.89472],[2.34163,48.89472],[2.34163,48.89292]]]}},{"type":"Feature","properties":{"ok":1},"geometry":{"type":"Polygon","coordinates":[[[2.34163,48.89472],[2.34436,48.89472],[2.34436,48.89652],[2.34163,48.89652],[2.34163,48.89472]]]}},{"type":"Feature","properties":{"ok":1},"geometry":{"type":"Polygon","coordinates":[[[2.34163,48.89652],[2.34436,48.89652],[2.34436,48.89832],[2.34163,48.89832],[2.34163,48.89652]]]}},{"type":"Feature","properties":{"ok":1},"geometry":{"type":"Polygon","coordinates":[[[2.34163,48.89832],[2.34436,48.89832],[2.34436,48.90012],[2.34163,48.90012],[2.34163,48.89832]]]}},{"type":"Feature","properties":{"ok":1},"geometry":{"type":"Polygon","coordinates":[[[2.34163,48.90012],[2.34436,48.90012],[2.34436,48.90191],[2.34163,48.90191],[2.34163,48.90012]]]}},{"type":"Feature","properties":{"ok":1},"geometry":{"type":"Polygon","coordinates":[[[2.34436,48.81558],[2.3471,48.81558],[2.3471,48.81738],[2.34436,48.81738],[2.34436,48.81558]]]}},{"type":"Feature","properties":{"ok":1},"geometry":{"type":"Polygon","coordinates":[[[2.34436,48.81738],[2.3471,48.81738],[2.3471,48.81918],[2.34436,48.81918],[2.34436,48.81738]]]}},{"type":"Feature","properties":{"ok":1},"geometry":{"type":"Polygon","coordinates":[[[2.34436,48.81918],[2.3471,48.81918],[2.3471,48.82098],[2.34436,48.82098],[2.34436,48.81918]]]}},{"type":"Feature","properties":{"ok":1},"geometry":{"type":"Polygon","coordinates":[[[2.34436,48.82098],[2.3471,48.82098],[2.3471,48.82277],[2.34436,48.82277],[2.34436,48.82098]]]}},{"type":"Feature","properties":{"ok":1},"geometry":{"type":"Polygon","coordinates":[[[2.34436,48.82277],[2.3471,48.82277],[2.3471,48.82457],[2.34436,48.82457],[2.34436,48.82277]]]}},{"type":"Feature","properties":{"ok":1},"geometry":{"type":"Polygon","coordinates":[[[2.34436,48.82457],[2.3471,48.82457],[2.3471,48.82637],[2.34436,48.82637],[2.34436,48.82457]]]}},{"type":"Feature","properties":{"ok":1},"geometry":{"type":"Polygon","coordinates":[[[2.34436,48.82637],[2.3471,48.82637],[2.3471,48.82817],[2.34436,48.82817],[2.34436,48.82637]]]}},{"type":"Feature","properties":{"ok":1},"geometry":{"type":"Polygon","coordinates":[[[2.34436,48.82817],[2.3471,48.82817],[2.3471,48.82997],[2.34436,48.82997],[2.34436,48.82817]]]}},{"type":"Feature","properties":{"ok":1},"geometry":{"type":"Polygon","coordinates":[[[2.34436,48.82997],[2.3471,48.82997],[2.3471,48.83177],[2.34436,48.83177],[2.34436,48.82997]]]}},{"type":"Feature","properties":{"ok":1},"geometry":{"type":"Polygon","coordinates":[[[2.34436,48.83177],[2.3471,48.83177],[2.3471,48.83357],[2.34436,48.83357],[2.34436,48.83177]]]}},{"type":"Feature","properties":{"ok":1},"geometry":{"type":"Polygon","coordinates":[[[2.34436,48.83357],[2.3471,48.83357],[2.3471,48.83537],[2.34436,48.83537],[2.34436,48.83357]]]}},{"type":"Feature","properties":{"ok":1},"geometry":{"type":"Polygon","coordinates":[[[2.34436,48.83537],[2.3471,48.83537],[2.3471,48.83716],[2.34436,48.83716],[2.34436,48.83537]]]}},{"type":"Feature","properties":{"ok":1},"geometry":{"type":"Polygon","coordinates":[[[2.34436,48.83716],[2.3471,48.83716],[2.3471,48.83896],[2.34436,48.83896],[2.34436,48.83716]]]}},{"type":"Feature","properties":{"ok":1},"geometry":{"type":"Polygon","coordinates":[[[2.34436,48.83896],[2.3471,48.83896],[2.3471,48.84076],[2.34436,48.84076],[2.34436,48.83896]]]}},{"type":"Feature","properties":{"ok":1},"geometry":{"type":"Polygon","coordinates":[[[2.34436,48.84076],[2.3471,48.84076],[2.3471,48.84256],[2.34436,48.84256],[2.34436,48.84076]]]}},{"type":"Feature","properties":{"ok":1},"geometry":{"type":"Polygon","coordinates":[[[2.34436,48.84256],[2.3471,48.84256],[2.3471,48.84436],[2.34436,48.84436],[2.34436,48.84256]]]}},{"type":"Feature","properties":{"ok":1},"geometry":{"type":"Polygon","coordinates":[[[2.34436,48.84436],[2.3471,48.84436],[2.3471,48.84616],[2.34436,48.84616],[2.34436,48.84436]]]}},{"type":"Feature","properties":{"ok":1},"geometry":{"type":"Polygon","coordinates":[[[2.34436,48.84616],[2.3471,48.84616],[2.3471,48.84796],[2.34436,48.84796],[2.34436,48.84616]]]}},{"type":"Feature","properties":{"ok":1},"geometry":{"type":"Polygon","coordinates":[[[2.34436,48.84796],[2.3471,48.84796],[2.3471,48.84975],[2.34436,48.84975],[2.34436,48.84796]]]}},{"type":"Feature","properties":{"ok":1},"geometry":{"type":"Polygon","coordinates":[[[2.34436,48.84975],[2.3471,48.84975],[2.3471,48.85155],[2.34436,48.85155],[2.34436,48.84975]]]}},{"type":"Feature","properties":{"ok":1},"geometry":{"type":"Polygon","coordinates":[[[2.34436,48.85155],[2.3471,48.85155],[2.3471,48.85335],[2.34436,48.85335],[2.34436,48.85155]]]}},{"type":"Feature","properties":{"ok":1},"geometry":{"type":"Polygon","coordinates":[[[2.34436,48.85335],[2.3471,48.85335],[2.3471,48.85515],[2.34436,48.85515],[2.34436,48.85335]]]}},{"type":"Feature","properties":{"ok":1},"geometry":{"type":"Polygon","coordinates":[[[2.34436,48.85515],[2.3471,48.85515],[2.3471,48.85695],[2.34436,48.85695],[2.34436,48.85515]]]}},{"type":"Feature","properties":{"ok":1},"geometry":{"type":"Polygon","coordinates":[[[2.34436,48.85695],[2.3471,48.85695],[2.3471,48.85875],[2.34436,48.85875],[2.34436,48.85695]]]}},{"type":"Feature","properties":{"ok":1},"geometry":{"type":"Polygon","coordinates":[[[2.34436,48.85875],[2.3471,48.85875],[2.3471,48.86055],[2.34436,48.86055],[2.34436,48.85875]]]}},{"type":"Feature","properties":{"ok":1},"geometry":{"type":"Polygon","coordinates":[[[2.34436,48.86055],[2.3471,48.86055],[2.3471,48.86234],[2.34436,48.86234],[2.34436,48.86055]]]}},{"type":"Feature","properties":{"ok":1},"geometry":{"type":"Polygon","coordinates":[[[2.34436,48.86234],[2.3471,48.86234],[2.3471,48.86414],[2.34436,48.86414],[2.34436,48.86234]]]}},{"type":"Feature","properties":{"ok":1},"geometry":{"type":"Polygon","coordinates":[[[2.34436,48.86414],[2.3471,48.86414],[2.3471,48.86594],[2.34436,48.86594],[2.34436,48.86414]]]}},{"type":"Feature","properties":{"ok":1},"geometry":{"type":"Polygon","coordinates":[[[2.34436,48.86594],[2.3471,48.86594],[2.3471,48.86774],[2.34436,48.86774],[2.34436,48.86594]]]}},{"type":"Feature","properties":{"ok":1},"geometry":{"type":"Polygon","coordinates":[[[2.34436,48.86774],[2.3471,48.86774],[2.3471,48.86954],[2.34436,48.86954],[2.34436,48.86774]]]}},{"type":"Feature","properties":{"ok":1},"geometry":{"type":"Polygon","coordinates":[[[2.34436,48.86954],[2.3471,48.86954],[2.3471,48.87134],[2.34436,48.87134],[2.34436,48.86954]]]}},{"type":"Feature","properties":{"ok":1},"geometry":{"type":"Polygon","coordinates":[[[2.34436,48.87134],[2.3471,48.87134],[2.3471,48.87314],[2.34436,48.87314],[2.34436,48.87134]]]}},{"type":"Feature","properties":{"ok":1},"geometry":{"type":"Polygon","coordinates":[[[2.34436,48.87314],[2.3471,48.87314],[2.3471,48.87494],[2.34436,48.87494],[2.34436,48.87314]]]}},{"type":"Feature","properties":{"ok":1},"geometry":{"type":"Polygon","coordinates":[[[2.34436,48.87494],[2.3471,48.87494],[2.3471,48.87673],[2.34436,48.87673],[2.34436,48.87494]]]}},{"type":"Feature","properties":{"ok":1},"geometry":{"type":"Polygon","coordinates":[[[2.34436,48.87673],[2.3471,48.87673],[2.3471,48.87853],[2.34436,48.87853],[2.34436,48.87673]]]}},{"type":"Feature","properties":{"ok":1},"geometry":{"type":"Polygon","coordinates":[[[2.34436,48.87853],[2.3471,48.87853],[2.3471,48.88033],[2.34436,48.88033],[2.34436,48.87853]]]}},{"type":"Feature","properties":{"ok":1},"geometry":{"type":"Polygon","coordinates":[[[2.34436,48.88033],[2.3471,48.88033],[2.3471,48.88213],[2.34436,48.88213],[2.34436,48.88033]]]}},{"type":"Feature","properties":{"ok":1},"geometry":{"type":"Polygon","coordinates":[[[2.34436,48.88213],[2.3471,48.88213],[2.3471,48.88393],[2.34436,48.88393],[2.34436,48.88213]]]}},{"type":"Feature","properties":{"ok":1},"geometry":{"type":"Polygon","coordinates":[[[2.34436,48.88393],[2.3471,48.88393],[2.3471,48.88573],[2.34436,48.88573],[2.34436,48.88393]]]}},{"type":"Feature","properties":{"ok":1},"geometry":{"type":"Polygon","coordinates":[[[2.34436,48.88573],[2.3471,48.88573],[2.3471,48.88753],[2.34436,48.88753],[2.34436,48.88573]]]}},{"type":"Feature","properties":{"ok":1},"geometry":{"type":"Polygon","coordinates":[[[2.34436,48.88753],[2.3471,48.88753],[2.3471,48.88932],[2.34436,48.88932],[2.34436,48.88753]]]}},{"type":"Feature","properties":{"ok":1},"geometry":{"type":"Polygon","coordinates":[[[2.34436,48.88932],[2.3471,48.88932],[2.3471,48.89112],[2.34436,48.89112],[2.34436,48.88932]]]}},{"type":"Feature","properties":{"ok":1},"geometry":{"type":"Polygon","coordinates":[[[2.34436,48.89112],[2.3471,48.89112],[2.3471,48.89292],[2.34436,48.89292],[2.34436,48.89112]]]}},{"type":"Feature","properties":{"ok":1},"geometry":{"type":"Polygon","coordinates":[[[2.34436,48.89292],[2.3471,48.89292],[2.3471,48.89472],[2.34436,48.89472],[2.34436,48.89292]]]}},{"type":"Feature","properties":{"ok":1},"geometry":{"type":"Polygon","coordinates":[[[2.34436,48.89472],[2.3471,48.89472],[2.3471,48.89652],[2.34436,48.89652],[2.34436,48.89472]]]}},{"type":"Feature","properties":{"ok":1},"geometry":{"type":"Polygon","coordinates":[[[2.34436,48.89652],[2.3471,48.89652],[2.3471,48.89832],[2.34436,48.89832],[2.34436,48.89652]]]}},{"type":"Feature","properties":{"ok":1},"geometry":{"type":"Polygon","coordinates":[[[2.34436,48.89832],[2.3471,48.89832],[2.3471,48.90012],[2.34436,48.90012],[2.34436,48.89832]]]}},{"type":"Feature","properties":{"ok":1},"geometry":{"type":"Polygon","coordinates":[[[2.34436,48.90012],[2.3471,48.90012],[2.3471,48.90191],[2.34436,48.90191],[2.34436,48.90012]]]}},{"type":"Feature","properties":{"ok":1},"geometry":{"type":"Polygon","coordinates":[[[2.3471,48.81738],[2.34983,48.81738],[2.34983,48.81918],[2.3471,48.81918],[2.3471,48.81738]]]}},{"type":"Feature","properties":{"ok":1},"geometry":{"type":"Polygon","coordinates":[[[2.3471,48.81918],[2.34983,48.81918],[2.34983,48.82098],[2.3471,48.82098],[2.3471,48.81918]]]}},{"type":"Feature","properties":{"ok":1},"geometry":{"type":"Polygon","coordinates":[[[2.3471,48.82098],[2.34983,48.82098],[2.34983,48.82277],[2.3471,48.82277],[2.3471,48.82098]]]}},{"type":"Feature","properties":{"ok":1},"geometry":{"type":"Polygon","coordinates":[[[2.3471,48.82277],[2.34983,48.82277],[2.34983,48.82457],[2.3471,48.82457],[2.3471,48.82277]]]}},{"type":"Feature","properties":{"ok":1},"geometry":{"type":"Polygon","coordinates":[[[2.3471,48.82457],[2.34983,48.82457],[2.34983,48.82637],[2.3471,48.82637],[2.3471,48.82457]]]}},{"type":"Feature","properties":{"ok":1},"geometry":{"type":"Polygon","coordinates":[[[2.3471,48.82637],[2.34983,48.82637],[2.34983,48.82817],[2.3471,48.82817],[2.3471,48.82637]]]}},{"type":"Feature","properties":{"ok":1},"geometry":{"type":"Polygon","coordinates":[[[2.3471,48.82817],[2.34983,48.82817],[2.34983,48.82997],[2.3471,48.82997],[2.3471,48.82817]]]}},{"type":"Feature","properties":{"ok":1},"geometry":{"type":"Polygon","coordinates":[[[2.3471,48.82997],[2.34983,48.82997],[2.34983,48.83177],[2.3471,48.83177],[2.3471,48.82997]]]}},{"type":"Feature","properties":{"ok":1},"geometry":{"type":"Polygon","coordinates":[[[2.3471,48.83177],[2.34983,48.83177],[2.34983,48.83357],[2.3471,48.83357],[2.3471,48.83177]]]}},{"type":"Feature","properties":{"ok":1},"geometry":{"type":"Polygon","coordinates":[[[2.3471,48.83357],[2.34983,48.83357],[2.34983,48.83537],[2.3471,48.83537],[2.3471,48.83357]]]}},{"type":"Feature","properties":{"ok":1},"geometry":{"type":"Polygon","coordinates":[[[2.3471,48.83537],[2.34983,48.83537],[2.34983,48.83716],[2.3471,48.83716],[2.3471,48.83537]]]}},{"type":"Feature","properties":{"ok":1},"geometry":{"type":"Polygon","coordinates":[[[2.3471,48.83716],[2.34983,48.83716],[2.34983,48.83896],[2.3471,48.83896],[2.3471,48.83716]]]}},{"type":"Feature","properties":{"ok":1},"geometry":{"type":"Polygon","coordinates":[[[2.3471,48.83896],[2.34983,48.83896],[2.34983,48.84076],[2.3471,48.84076],[2.3471,48.83896]]]}},{"type":"Feature","properties":{"ok":1},"geometry":{"type":"Polygon","coordinates":[[[2.3471,48.84076],[2.34983,48.84076],[2.34983,48.84256],[2.3471,48.84256],[2.3471,48.84076]]]}},{"type":"Feature","properties":{"ok":1},"geometry":{"type":"Polygon","coordinates":[[[2.3471,48.84256],[2.34983,48.84256],[2.34983,48.84436],[2.3471,48.84436],[2.3471,48.84256]]]}},{"type":"Feature","properties":{"ok":1},"geometry":{"type":"Polygon","coordinates":[[[2.3471,48.84436],[2.34983,48.84436],[2.34983,48.84616],[2.3471,48.84616],[2.3471,48.84436]]]}},{"type":"Feature","properties":{"ok":1},"geometry":{"type":"Polygon","coordinates":[[[2.3471,48.84616],[2.34983,48.84616],[2.34983,48.84796],[2.3471,48.84796],[2.3471,48.84616]]]}},{"type":"Feature","properties":{"ok":1},"geometry":{"type":"Polygon","coordinates":[[[2.3471,48.84796],[2.34983,48.84796],[2.34983,48.84975],[2.3471,48.84975],[2.3471,48.84796]]]}},{"type":"Feature","properties":{"ok":1},"geometry":{"type":"Polygon","coordinates":[[[2.3471,48.84975],[2.34983,48.84975],[2.34983,48.85155],[2.3471,48.85155],[2.3471,48.84975]]]}},{"type":"Feature","properties":{"ok":1},"geometry":{"type":"Polygon","coordinates":[[[2.3471,48.85155],[2.34983,48.85155],[2.34983,48.85335],[2.3471,48.85335],[2.3471,48.85155]]]}},{"type":"Feature","properties":{"ok":1},"geometry":{"type":"Polygon","coordinates":[[[2.3471,48.85335],[2.34983,48.85335],[2.34983,48.85515],[2.3471,48.85515],[2.3471,48.85335]]]}},{"type":"Feature","properties":{"ok":1},"geometry":{"type":"Polygon","coordinates":[[[2.3471,48.85515],[2.34983,48.85515],[2.34983,48.85695],[2.3471,48.85695],[2.3471,48.85515]]]}},{"type":"Feature","properties":{"ok":1},"geometry":{"type":"Polygon","coordinates":[[[2.3471,48.85695],[2.34983,48.85695],[2.34983,48.85875],[2.3471,48.85875],[2.3471,48.85695]]]}},{"type":"Feature","properties":{"ok":1},"geometry":{"type":"Polygon","coordinates":[[[2.3471,48.85875],[2.34983,48.85875],[2.34983,48.86055],[2.3471,48.86055],[2.3471,48.85875]]]}},{"type":"Feature","properties":{"ok":1},"geometry":{"type":"Polygon","coordinates":[[[2.3471,48.86055],[2.34983,48.86055],[2.34983,48.86234],[2.3471,48.86234],[2.3471,48.86055]]]}},{"type":"Feature","properties":{"ok":1},"geometry":{"type":"Polygon","coordinates":[[[2.3471,48.86234],[2.34983,48.86234],[2.34983,48.86414],[2.3471,48.86414],[2.3471,48.86234]]]}},{"type":"Feature","properties":{"ok":1},"geometry":{"type":"Polygon","coordinates":[[[2.3471,48.86414],[2.34983,48.86414],[2.34983,48.86594],[2.3471,48.86594],[2.3471,48.86414]]]}},{"type":"Feature","properties":{"ok":1},"geometry":{"type":"Polygon","coordinates":[[[2.3471,48.86594],[2.34983,48.86594],[2.34983,48.86774],[2.3471,48.86774],[2.3471,48.86594]]]}},{"type":"Feature","properties":{"ok":1},"geometry":{"type":"Polygon","coordinates":[[[2.3471,48.86774],[2.34983,48.86774],[2.34983,48.86954],[2.3471,48.86954],[2.3471,48.86774]]]}},{"type":"Feature","properties":{"ok":1},"geometry":{"type":"Polygon","coordinates":[[[2.3471,48.86954],[2.34983,48.86954],[2.34983,48.87134],[2.3471,48.87134],[2.3471,48.86954]]]}},{"type":"Feature","properties":{"ok":1},"geometry":{"type":"Polygon","coordinates":[[[2.3471,48.87134],[2.34983,48.87134],[2.34983,48.87314],[2.3471,48.87314],[2.3471,48.87134]]]}},{"type":"Feature","properties":{"ok":1},"geometry":{"type":"Polygon","coordinates":[[[2.3471,48.87314],[2.34983,48.87314],[2.34983,48.87494],[2.3471,48.87494],[2.3471,48.87314]]]}},{"type":"Feature","properties":{"ok":1},"geometry":{"type":"Polygon","coordinates":[[[2.3471,48.87494],[2.34983,48.87494],[2.34983,48.87673],[2.3471,48.87673],[2.3471,48.87494]]]}},{"type":"Feature","properties":{"ok":1},"geometry":{"type":"Polygon","coordinates":[[[2.3471,48.87673],[2.34983,48.87673],[2.34983,48.87853],[2.3471,48.87853],[2.3471,48.87673]]]}},{"type":"Feature","properties":{"ok":1},"geometry":{"type":"Polygon","coordinates":[[[2.3471,48.87853],[2.34983,48.87853],[2.34983,48.88033],[2.3471,48.88033],[2.3471,48.87853]]]}},{"type":"Feature","properties":{"ok":1},"geometry":{"type":"Polygon","coordinates":[[[2.3471,48.88033],[2.34983,48.88033],[2.34983,48.88213],[2.3471,48.88213],[2.3471,48.88033]]]}},{"type":"Feature","properties":{"ok":1},"geometry":{"type":"Polygon","coordinates":[[[2.3471,48.88213],[2.34983,48.88213],[2.34983,48.88393],[2.3471,48.88393],[2.3471,48.88213]]]}},{"type":"Feature","properties":{"ok":1},"geometry":{"type":"Polygon","coordinates":[[[2.3471,48.88393],[2.34983,48.88393],[2.34983,48.88573],[2.3471,48.88573],[2.3471,48.88393]]]}},{"type":"Feature","properties":{"ok":1},"geometry":{"type":"Polygon","coordinates":[[[2.3471,48.88573],[2.34983,48.88573],[2.34983,48.88753],[2.3471,48.88753],[2.3471,48.88573]]]}},{"type":"Feature","properties":{"ok":1},"geometry":{"type":"Polygon","coordinates":[[[2.3471,48.88753],[2.34983,48.88753],[2.34983,48.88932],[2.3471,48.88932],[2.3471,48.88753]]]}},{"type":"Feature","properties":{"ok":1},"geometry":{"type":"Polygon","coordinates":[[[2.3471,48.88932],[2.34983,48.88932],[2.34983,48.89112],[2.3471,48.89112],[2.3471,48.88932]]]}},{"type":"Feature","properties":{"ok":1},"geometry":{"type":"Polygon","coordinates":[[[2.3471,48.89112],[2.34983,48.89112],[2.34983,48.89292],[2.3471,48.89292],[2.3471,48.89112]]]}},{"type":"Feature","properties":{"ok":1},"geometry":{"type":"Polygon","coordinates":[[[2.3471,48.89292],[2.34983,48.89292],[2.34983,48.89472],[2.3471,48.89472],[2.3471,48.89292]]]}},{"type":"Feature","properties":{"ok":1},"geometry":{"type":"Polygon","coordinates":[[[2.3471,48.89472],[2.34983,48.89472],[2.34983,48.89652],[2.3471,48.89652],[2.3471,48.89472]]]}},{"type":"Feature","properties":{"ok":1},"geometry":{"type":"Polygon","coordinates":[[[2.3471,48.89652],[2.34983,48.89652],[2.34983,48.89832],[2.3471,48.89832],[2.3471,48.89652]]]}},{"type":"Feature","properties":{"ok":1},"geometry":{"type":"Polygon","coordinates":[[[2.3471,48.89832],[2.34983,48.89832],[2.34983,48.90012],[2.3471,48.90012],[2.3471,48.89832]]]}},{"type":"Feature","properties":{"ok":1},"geometry":{"type":"Polygon","coordinates":[[[2.3471,48.90012],[2.34983,48.90012],[2.34983,48.90191],[2.3471,48.90191],[2.3471,48.90012]]]}},{"type":"Feature","properties":{"ok":1},"geometry":{"type":"Polygon","coordinates":[[[2.34983,48.81738],[2.35256,48.81738],[2.35256,48.81918],[2.34983,48.81918],[2.34983,48.81738]]]}},{"type":"Feature","properties":{"ok":1},"geometry":{"type":"Polygon","coordinates":[[[2.34983,48.81918],[2.35256,48.81918],[2.35256,48.82098],[2.34983,48.82098],[2.34983,48.81918]]]}},{"type":"Feature","properties":{"ok":1},"geometry":{"type":"Polygon","coordinates":[[[2.34983,48.82098],[2.35256,48.82098],[2.35256,48.82277],[2.34983,48.82277],[2.34983,48.82098]]]}},{"type":"Feature","properties":{"ok":1},"geometry":{"type":"Polygon","coordinates":[[[2.34983,48.82277],[2.35256,48.82277],[2.35256,48.82457],[2.34983,48.82457],[2.34983,48.82277]]]}},{"type":"Feature","properties":{"ok":1},"geometry":{"type":"Polygon","coordinates":[[[2.34983,48.82457],[2.35256,48.82457],[2.35256,48.82637],[2.34983,48.82637],[2.34983,48.82457]]]}},{"type":"Feature","properties":{"ok":1},"geometry":{"type":"Polygon","coordinates":[[[2.34983,48.82637],[2.35256,48.82637],[2.35256,48.82817],[2.34983,48.82817],[2.34983,48.82637]]]}},{"type":"Feature","properties":{"ok":1},"geometry":{"type":"Polygon","coordinates":[[[2.34983,48.82817],[2.35256,48.82817],[2.35256,48.82997],[2.34983,48.82997],[2.34983,48.82817]]]}},{"type":"Feature","properties":{"ok":1},"geometry":{"type":"Polygon","coordinates":[[[2.34983,48.82997],[2.35256,48.82997],[2.35256,48.83177],[2.34983,48.83177],[2.34983,48.82997]]]}},{"type":"Feature","properties":{"ok":1},"geometry":{"type":"Polygon","coordinates":[[[2.34983,48.83177],[2.35256,48.83177],[2.35256,48.83357],[2.34983,48.83357],[2.34983,48.83177]]]}},{"type":"Feature","properties":{"ok":1},"geometry":{"type":"Polygon","coordinates":[[[2.34983,48.83357],[2.35256,48.83357],[2.35256,48.83537],[2.34983,48.83537],[2.34983,48.83357]]]}},{"type":"Feature","properties":{"ok":1},"geometry":{"type":"Polygon","coordinates":[[[2.34983,48.83537],[2.35256,48.83537],[2.35256,48.83716],[2.34983,48.83716],[2.34983,48.83537]]]}},{"type":"Feature","properties":{"ok":1},"geometry":{"type":"Polygon","coordinates":[[[2.34983,48.83716],[2.35256,48.83716],[2.35256,48.83896],[2.34983,48.83896],[2.34983,48.83716]]]}},{"type":"Feature","properties":{"ok":1},"geometry":{"type":"Polygon","coordinates":[[[2.34983,48.83896],[2.35256,48.83896],[2.35256,48.84076],[2.34983,48.84076],[2.34983,48.83896]]]}},{"type":"Feature","properties":{"ok":1},"geometry":{"type":"Polygon","coordinates":[[[2.34983,48.84076],[2.35256,48.84076],[2.35256,48.84256],[2.34983,48.84256],[2.34983,48.84076]]]}},{"type":"Feature","properties":{"ok":1},"geometry":{"type":"Polygon","coordinates":[[[2.34983,48.84256],[2.35256,48.84256],[2.35256,48.84436],[2.34983,48.84436],[2.34983,48.84256]]]}},{"type":"Feature","properties":{"ok":1},"geometry":{"type":"Polygon","coordinates":[[[2.34983,48.84436],[2.35256,48.84436],[2.35256,48.84616],[2.34983,48.84616],[2.34983,48.84436]]]}},{"type":"Feature","properties":{"ok":1},"geometry":{"type":"Polygon","coordinates":[[[2.34983,48.84616],[2.35256,48.84616],[2.35256,48.84796],[2.34983,48.84796],[2.34983,48.84616]]]}},{"type":"Feature","properties":{"ok":1},"geometry":{"type":"Polygon","coordinates":[[[2.34983,48.84796],[2.35256,48.84796],[2.35256,48.84975],[2.34983,48.84975],[2.34983,48.84796]]]}},{"type":"Feature","properties":{"ok":1},"geometry":{"type":"Polygon","coordinates":[[[2.34983,48.84975],[2.35256,48.84975],[2.35256,48.85155],[2.34983,48.85155],[2.34983,48.84975]]]}},{"type":"Feature","properties":{"ok":1},"geometry":{"type":"Polygon","coordinates":[[[2.34983,48.85155],[2.35256,48.85155],[2.35256,48.85335],[2.34983,48.85335],[2.34983,48.85155]]]}},{"type":"Feature","properties":{"ok":1},"geometry":{"type":"Polygon","coordinates":[[[2.34983,48.85335],[2.35256,48.85335],[2.35256,48.85515],[2.34983,48.85515],[2.34983,48.85335]]]}},{"type":"Feature","properties":{"ok":1},"geometry":{"type":"Polygon","coordinates":[[[2.34983,48.85515],[2.35256,48.85515],[2.35256,48.85695],[2.34983,48.85695],[2.34983,48.85515]]]}},{"type":"Feature","properties":{"ok":1},"geometry":{"type":"Polygon","coordinates":[[[2.34983,48.85695],[2.35256,48.85695],[2.35256,48.85875],[2.34983,48.85875],[2.34983,48.85695]]]}},{"type":"Feature","properties":{"ok":1},"geometry":{"type":"Polygon","coordinates":[[[2.34983,48.85875],[2.35256,48.85875],[2.35256,48.86055],[2.34983,48.86055],[2.34983,48.85875]]]}},{"type":"Feature","properties":{"ok":1},"geometry":{"type":"Polygon","coordinates":[[[2.34983,48.86055],[2.35256,48.86055],[2.35256,48.86234],[2.34983,48.86234],[2.34983,48.86055]]]}},{"type":"Feature","properties":{"ok":1},"geometry":{"type":"Polygon","coordinates":[[[2.34983,48.86234],[2.35256,48.86234],[2.35256,48.86414],[2.34983,48.86414],[2.34983,48.86234]]]}},{"type":"Feature","properties":{"ok":1},"geometry":{"type":"Polygon","coordinates":[[[2.34983,48.86414],[2.35256,48.86414],[2.35256,48.86594],[2.34983,48.86594],[2.34983,48.86414]]]}},{"type":"Feature","properties":{"ok":1},"geometry":{"type":"Polygon","coordinates":[[[2.34983,48.86594],[2.35256,48.86594],[2.35256,48.86774],[2.34983,48.86774],[2.34983,48.86594]]]}},{"type":"Feature","properties":{"ok":1},"geometry":{"type":"Polygon","coordinates":[[[2.34983,48.86774],[2.35256,48.86774],[2.35256,48.86954],[2.34983,48.86954],[2.34983,48.86774]]]}},{"type":"Feature","properties":{"ok":1},"geometry":{"type":"Polygon","coordinates":[[[2.34983,48.86954],[2.35256,48.86954],[2.35256,48.87134],[2.34983,48.87134],[2.34983,48.86954]]]}},{"type":"Feature","properties":{"ok":1},"geometry":{"type":"Polygon","coordinates":[[[2.34983,48.87134],[2.35256,48.87134],[2.35256,48.87314],[2.34983,48.87314],[2.34983,48.87134]]]}},{"type":"Feature","properties":{"ok":1},"geometry":{"type":"Polygon","coordinates":[[[2.34983,48.87314],[2.35256,48.87314],[2.35256,48.87494],[2.34983,48.87494],[2.34983,48.87314]]]}},{"type":"Feature","properties":{"ok":1},"geometry":{"type":"Polygon","coordinates":[[[2.34983,48.87494],[2.35256,48.87494],[2.35256,48.87673],[2.34983,48.87673],[2.34983,48.87494]]]}},{"type":"Feature","properties":{"ok":1},"geometry":{"type":"Polygon","coordinates":[[[2.34983,48.87673],[2.35256,48.87673],[2.35256,48.87853],[2.34983,48.87853],[2.34983,48.87673]]]}},{"type":"Feature","properties":{"ok":1},"geometry":{"type":"Polygon","coordinates":[[[2.34983,48.87853],[2.35256,48.87853],[2.35256,48.88033],[2.34983,48.88033],[2.34983,48.87853]]]}},{"type":"Feature","properties":{"ok":1},"geometry":{"type":"Polygon","coordinates":[[[2.34983,48.88033],[2.35256,48.88033],[2.35256,48.88213],[2.34983,48.88213],[2.34983,48.88033]]]}},{"type":"Feature","properties":{"ok":1},"geometry":{"type":"Polygon","coordinates":[[[2.34983,48.88213],[2.35256,48.88213],[2.35256,48.88393],[2.34983,48.88393],[2.34983,48.88213]]]}},{"type":"Feature","properties":{"ok":1},"geometry":{"type":"Polygon","coordinates":[[[2.34983,48.88393],[2.35256,48.88393],[2.35256,48.88573],[2.34983,48.88573],[2.34983,48.88393]]]}},{"type":"Feature","properties":{"ok":1},"geometry":{"type":"Polygon","coordinates":[[[2.34983,48.88573],[2.35256,48.88573],[2.35256,48.88753],[2.34983,48.88753],[2.34983,48.88573]]]}},{"type":"Feature","properties":{"ok":1},"geometry":{"type":"Polygon","coordinates":[[[2.34983,48.88753],[2.35256,48.88753],[2.35256,48.88932],[2.34983,48.88932],[2.34983,48.88753]]]}},{"type":"Feature","properties":{"ok":1},"geometry":{"type":"Polygon","coordinates":[[[2.34983,48.88932],[2.35256,48.88932],[2.35256,48.89112],[2.34983,48.89112],[2.34983,48.88932]]]}},{"type":"Feature","properties":{"ok":1},"geometry":{"type":"Polygon","coordinates":[[[2.34983,48.89112],[2.35256,48.89112],[2.35256,48.89292],[2.34983,48.89292],[2.34983,48.89112]]]}},{"type":"Feature","properties":{"ok":1},"geometry":{"type":"Polygon","coordinates":[[[2.34983,48.89292],[2.35256,48.89292],[2.35256,48.89472],[2.34983,48.89472],[2.34983,48.89292]]]}},{"type":"Feature","properties":{"ok":1},"geometry":{"type":"Polygon","coordinates":[[[2.34983,48.89472],[2.35256,48.89472],[2.35256,48.89652],[2.34983,48.89652],[2.34983,48.89472]]]}},{"type":"Feature","properties":{"ok":1},"geometry":{"type":"Polygon","coordinates":[[[2.34983,48.89652],[2.35256,48.89652],[2.35256,48.89832],[2.34983,48.89832],[2.34983,48.89652]]]}},{"type":"Feature","properties":{"ok":1},"geometry":{"type":"Polygon","coordinates":[[[2.34983,48.89832],[2.35256,48.89832],[2.35256,48.90012],[2.34983,48.90012],[2.34983,48.89832]]]}},{"type":"Feature","properties":{"ok":1},"geometry":{"type":"Polygon","coordinates":[[[2.34983,48.90012],[2.35256,48.90012],[2.35256,48.90191],[2.34983,48.90191],[2.34983,48.90012]]]}},{"type":"Feature","properties":{"ok":1},"geometry":{"type":"Polygon","coordinates":[[[2.35256,48.81738],[2.3553,48.81738],[2.3553,48.81918],[2.35256,48.81918],[2.35256,48.81738]]]}},{"type":"Feature","properties":{"ok":1},"geometry":{"type":"Polygon","coordinates":[[[2.35256,48.81918],[2.3553,48.81918],[2.3553,48.82098],[2.35256,48.82098],[2.35256,48.81918]]]}},{"type":"Feature","properties":{"ok":1},"geometry":{"type":"Polygon","coordinates":[[[2.35256,48.82098],[2.3553,48.82098],[2.3553,48.82277],[2.35256,48.82277],[2.35256,48.82098]]]}},{"type":"Feature","properties":{"ok":1},"geometry":{"type":"Polygon","coordinates":[[[2.35256,48.82277],[2.3553,48.82277],[2.3553,48.82457],[2.35256,48.82457],[2.35256,48.82277]]]}},{"type":"Feature","properties":{"ok":1},"geometry":{"type":"Polygon","coordinates":[[[2.35256,48.82457],[2.3553,48.82457],[2.3553,48.82637],[2.35256,48.82637],[2.35256,48.82457]]]}},{"type":"Feature","properties":{"ok":1},"geometry":{"type":"Polygon","coordinates":[[[2.35256,48.82637],[2.3553,48.82637],[2.3553,48.82817],[2.35256,48.82817],[2.35256,48.82637]]]}},{"type":"Feature","properties":{"ok":1},"geometry":{"type":"Polygon","coordinates":[[[2.35256,48.82817],[2.3553,48.82817],[2.3553,48.82997],[2.35256,48.82997],[2.35256,48.82817]]]}},{"type":"Feature","properties":{"ok":1},"geometry":{"type":"Polygon","coordinates":[[[2.35256,48.82997],[2.3553,48.82997],[2.3553,48.83177],[2.35256,48.83177],[2.35256,48.82997]]]}},{"type":"Feature","properties":{"ok":1},"geometry":{"type":"Polygon","coordinates":[[[2.35256,48.83177],[2.3553,48.83177],[2.3553,48.83357],[2.35256,48.83357],[2.35256,48.83177]]]}},{"type":"Feature","properties":{"ok":1},"geometry":{"type":"Polygon","coordinates":[[[2.35256,48.83357],[2.3553,48.83357],[2.3553,48.83537],[2.35256,48.83537],[2.35256,48.83357]]]}},{"type":"Feature","properties":{"ok":1},"geometry":{"type":"Polygon","coordinates":[[[2.35256,48.83537],[2.3553,48.83537],[2.3553,48.83716],[2.35256,48.83716],[2.35256,48.83537]]]}},{"type":"Feature","properties":{"ok":1},"geometry":{"type":"Polygon","coordinates":[[[2.35256,48.83716],[2.3553,48.83716],[2.3553,48.83896],[2.35256,48.83896],[2.35256,48.83716]]]}},{"type":"Feature","properties":{"ok":1},"geometry":{"type":"Polygon","coordinates":[[[2.35256,48.83896],[2.3553,48.83896],[2.3553,48.84076],[2.35256,48.84076],[2.35256,48.83896]]]}},{"type":"Feature","properties":{"ok":1},"geometry":{"type":"Polygon","coordinates":[[[2.35256,48.84076],[2.3553,48.84076],[2.3553,48.84256],[2.35256,48.84256],[2.35256,48.84076]]]}},{"type":"Feature","properties":{"ok":1},"geometry":{"type":"Polygon","coordinates":[[[2.35256,48.84256],[2.3553,48.84256],[2.3553,48.84436],[2.35256,48.84436],[2.35256,48.84256]]]}},{"type":"Feature","properties":{"ok":1},"geometry":{"type":"Polygon","coordinates":[[[2.35256,48.84436],[2.3553,48.84436],[2.3553,48.84616],[2.35256,48.84616],[2.35256,48.84436]]]}},{"type":"Feature","properties":{"ok":1},"geometry":{"type":"Polygon","coordinates":[[[2.35256,48.84616],[2.3553,48.84616],[2.3553,48.84796],[2.35256,48.84796],[2.35256,48.84616]]]}},{"type":"Feature","properties":{"ok":1},"geometry":{"type":"Polygon","coordinates":[[[2.35256,48.84796],[2.3553,48.84796],[2.3553,48.84975],[2.35256,48.84975],[2.35256,48.84796]]]}},{"type":"Feature","properties":{"ok":1},"geometry":{"type":"Polygon","coordinates":[[[2.35256,48.84975],[2.3553,48.84975],[2.3553,48.85155],[2.35256,48.85155],[2.35256,48.84975]]]}},{"type":"Feature","properties":{"ok":1},"geometry":{"type":"Polygon","coordinates":[[[2.35256,48.85155],[2.3553,48.85155],[2.3553,48.85335],[2.35256,48.85335],[2.35256,48.85155]]]}},{"type":"Feature","properties":{"ok":1},"geometry":{"type":"Polygon","coordinates":[[[2.35256,48.85335],[2.3553,48.85335],[2.3553,48.85515],[2.35256,48.85515],[2.35256,48.85335]]]}},{"type":"Feature","properties":{"ok":1},"geometry":{"type":"Polygon","coordinates":[[[2.35256,48.85515],[2.3553,48.85515],[2.3553,48.85695],[2.35256,48.85695],[2.35256,48.85515]]]}},{"type":"Feature","properties":{"ok":1},"geometry":{"type":"Polygon","coordinates":[[[2.35256,48.85695],[2.3553,48.85695],[2.3553,48.85875],[2.35256,48.85875],[2.35256,48.85695]]]}},{"type":"Feature","properties":{"ok":1},"geometry":{"type":"Polygon","coordinates":[[[2.35256,48.85875],[2.3553,48.85875],[2.3553,48.86055],[2.35256,48.86055],[2.35256,48.85875]]]}},{"type":"Feature","properties":{"ok":1},"geometry":{"type":"Polygon","coordinates":[[[2.35256,48.86055],[2.3553,48.86055],[2.3553,48.86234],[2.35256,48.86234],[2.35256,48.86055]]]}},{"type":"Feature","properties":{"ok":1},"geometry":{"type":"Polygon","coordinates":[[[2.35256,48.86234],[2.3553,48.86234],[2.3553,48.86414],[2.35256,48.86414],[2.35256,48.86234]]]}},{"type":"Feature","properties":{"ok":1},"geometry":{"type":"Polygon","coordinates":[[[2.35256,48.86414],[2.3553,48.86414],[2.3553,48.86594],[2.35256,48.86594],[2.35256,48.86414]]]}},{"type":"Feature","properties":{"ok":1},"geometry":{"type":"Polygon","coordinates":[[[2.35256,48.86594],[2.3553,48.86594],[2.3553,48.86774],[2.35256,48.86774],[2.35256,48.86594]]]}},{"type":"Feature","properties":{"ok":1},"geometry":{"type":"Polygon","coordinates":[[[2.35256,48.86774],[2.3553,48.86774],[2.3553,48.86954],[2.35256,48.86954],[2.35256,48.86774]]]}},{"type":"Feature","properties":{"ok":1},"geometry":{"type":"Polygon","coordinates":[[[2.35256,48.86954],[2.3553,48.86954],[2.3553,48.87134],[2.35256,48.87134],[2.35256,48.86954]]]}},{"type":"Feature","properties":{"ok":1},"geometry":{"type":"Polygon","coordinates":[[[2.35256,48.87134],[2.3553,48.87134],[2.3553,48.87314],[2.35256,48.87314],[2.35256,48.87134]]]}},{"type":"Feature","properties":{"ok":1},"geometry":{"type":"Polygon","coordinates":[[[2.35256,48.87314],[2.3553,48.87314],[2.3553,48.87494],[2.35256,48.87494],[2.35256,48.87314]]]}},{"type":"Feature","properties":{"ok":1},"geometry":{"type":"Polygon","coordinates":[[[2.35256,48.87494],[2.3553,48.87494],[2.3553,48.87673],[2.35256,48.87673],[2.35256,48.87494]]]}},{"type":"Feature","properties":{"ok":1},"geometry":{"type":"Polygon","coordinates":[[[2.35256,48.87673],[2.3553,48.87673],[2.3553,48.87853],[2.35256,48.87853],[2.35256,48.87673]]]}},{"type":"Feature","properties":{"ok":1},"geometry":{"type":"Polygon","coordinates":[[[2.35256,48.87853],[2.3553,48.87853],[2.3553,48.88033],[2.35256,48.88033],[2.35256,48.87853]]]}},{"type":"Feature","properties":{"ok":1},"geometry":{"type":"Polygon","coordinates":[[[2.35256,48.88033],[2.3553,48.88033],[2.3553,48.88213],[2.35256,48.88213],[2.35256,48.88033]]]}},{"type":"Feature","properties":{"ok":1},"geometry":{"type":"Polygon","coordinates":[[[2.35256,48.88213],[2.3553,48.88213],[2.3553,48.88393],[2.35256,48.88393],[2.35256,48.88213]]]}},{"type":"Feature","properties":{"ok":1},"geometry":{"type":"Polygon","coordinates":[[[2.35256,48.88393],[2.3553,48.88393],[2.3553,48.88573],[2.35256,48.88573],[2.35256,48.88393]]]}},{"type":"Feature","properties":{"ok":1},"geometry":{"type":"Polygon","coordinates":[[[2.35256,48.88573],[2.3553,48.88573],[2.3553,48.88753],[2.35256,48.88753],[2.35256,48.88573]]]}},{"type":"Feature","properties":{"ok":1},"geometry":{"type":"Polygon","coordinates":[[[2.35256,48.88753],[2.3553,48.88753],[2.3553,48.88932],[2.35256,48.88932],[2.35256,48.88753]]]}},{"type":"Feature","properties":{"ok":1},"geometry":{"type":"Polygon","coordinates":[[[2.35256,48.88932],[2.3553,48.88932],[2.3553,48.89112],[2.35256,48.89112],[2.35256,48.88932]]]}},{"type":"Feature","properties":{"ok":1},"geometry":{"type":"Polygon","coordinates":[[[2.35256,48.89112],[2.3553,48.89112],[2.3553,48.89292],[2.35256,48.89292],[2.35256,48.89112]]]}},{"type":"Feature","properties":{"ok":1},"geometry":{"type":"Polygon","coordinates":[[[2.35256,48.89292],[2.3553,48.89292],[2.3553,48.89472],[2.35256,48.89472],[2.35256,48.89292]]]}},{"type":"Feature","properties":{"ok":1},"geometry":{"type":"Polygon","coordinates":[[[2.35256,48.89472],[2.3553,48.89472],[2.3553,48.89652],[2.35256,48.89652],[2.35256,48.89472]]]}},{"type":"Feature","properties":{"ok":1},"geometry":{"type":"Polygon","coordinates":[[[2.35256,48.89652],[2.3553,48.89652],[2.3553,48.89832],[2.35256,48.89832],[2.35256,48.89652]]]}},{"type":"Feature","properties":{"ok":1},"geometry":{"type":"Polygon","coordinates":[[[2.35256,48.89832],[2.3553,48.89832],[2.3553,48.90012],[2.35256,48.90012],[2.35256,48.89832]]]}},{"type":"Feature","properties":{"ok":1},"geometry":{"type":"Polygon","coordinates":[[[2.35256,48.90012],[2.3553,48.90012],[2.3553,48.90191],[2.35256,48.90191],[2.35256,48.90012]]]}},{"type":"Feature","properties":{"ok":1},"geometry":{"type":"Polygon","coordinates":[[[2.3553,48.81558],[2.35803,48.81558],[2.35803,48.81738],[2.3553,48.81738],[2.3553,48.81558]]]}},{"type":"Feature","properties":{"ok":1},"geometry":{"type":"Polygon","coordinates":[[[2.3553,48.81738],[2.35803,48.81738],[2.35803,48.81918],[2.3553,48.81918],[2.3553,48.81738]]]}},{"type":"Feature","properties":{"ok":1},"geometry":{"type":"Polygon","coordinates":[[[2.3553,48.81918],[2.35803,48.81918],[2.35803,48.82098],[2.3553,48.82098],[2.3553,48.81918]]]}},{"type":"Feature","properties":{"ok":1},"geometry":{"type":"Polygon","coordinates":[[[2.3553,48.82098],[2.35803,48.82098],[2.35803,48.82277],[2.3553,48.82277],[2.3553,48.82098]]]}},{"type":"Feature","properties":{"ok":1},"geometry":{"type":"Polygon","coordinates":[[[2.3553,48.82277],[2.35803,48.82277],[2.35803,48.82457],[2.3553,48.82457],[2.3553,48.82277]]]}},{"type":"Feature","properties":{"ok":1},"geometry":{"type":"Polygon","coordinates":[[[2.3553,48.82457],[2.35803,48.82457],[2.35803,48.82637],[2.3553,48.82637],[2.3553,48.82457]]]}},{"type":"Feature","properties":{"ok":1},"geometry":{"type":"Polygon","coordinates":[[[2.3553,48.82637],[2.35803,48.82637],[2.35803,48.82817],[2.3553,48.82817],[2.3553,48.82637]]]}},{"type":"Feature","properties":{"ok":1},"geometry":{"type":"Polygon","coordinates":[[[2.3553,48.82817],[2.35803,48.82817],[2.35803,48.82997],[2.3553,48.82997],[2.3553,48.82817]]]}},{"type":"Feature","properties":{"ok":1},"geometry":{"type":"Polygon","coordinates":[[[2.3553,48.82997],[2.35803,48.82997],[2.35803,48.83177],[2.3553,48.83177],[2.3553,48.82997]]]}},{"type":"Feature","properties":{"ok":1},"geometry":{"type":"Polygon","coordinates":[[[2.3553,48.83177],[2.35803,48.83177],[2.35803,48.83357],[2.3553,48.83357],[2.3553,48.83177]]]}},{"type":"Feature","properties":{"ok":1},"geometry":{"type":"Polygon","coordinates":[[[2.3553,48.83357],[2.35803,48.83357],[2.35803,48.83537],[2.3553,48.83537],[2.3553,48.83357]]]}},{"type":"Feature","properties":{"ok":1},"geometry":{"type":"Polygon","coordinates":[[[2.3553,48.83537],[2.35803,48.83537],[2.35803,48.83716],[2.3553,48.83716],[2.3553,48.83537]]]}},{"type":"Feature","properties":{"ok":1},"geometry":{"type":"Polygon","coordinates":[[[2.3553,48.83716],[2.35803,48.83716],[2.35803,48.83896],[2.3553,48.83896],[2.3553,48.83716]]]}},{"type":"Feature","properties":{"ok":1},"geometry":{"type":"Polygon","coordinates":[[[2.3553,48.83896],[2.35803,48.83896],[2.35803,48.84076],[2.3553,48.84076],[2.3553,48.83896]]]}},{"type":"Feature","properties":{"ok":1},"geometry":{"type":"Polygon","coordinates":[[[2.3553,48.84076],[2.35803,48.84076],[2.35803,48.84256],[2.3553,48.84256],[2.3553,48.84076]]]}},{"type":"Feature","properties":{"ok":1},"geometry":{"type":"Polygon","coordinates":[[[2.3553,48.84256],[2.35803,48.84256],[2.35803,48.84436],[2.3553,48.84436],[2.3553,48.84256]]]}},{"type":"Feature","properties":{"ok":1},"geometry":{"type":"Polygon","coordinates":[[[2.3553,48.84436],[2.35803,48.84436],[2.35803,48.84616],[2.3553,48.84616],[2.3553,48.84436]]]}},{"type":"Feature","properties":{"ok":1},"geometry":{"type":"Polygon","coordinates":[[[2.3553,48.84616],[2.35803,48.84616],[2.35803,48.84796],[2.3553,48.84796],[2.3553,48.84616]]]}},{"type":"Feature","properties":{"ok":1},"geometry":{"type":"Polygon","coordinates":[[[2.3553,48.84796],[2.35803,48.84796],[2.35803,48.84975],[2.3553,48.84975],[2.3553,48.84796]]]}},{"type":"Feature","properties":{"ok":1},"geometry":{"type":"Polygon","coordinates":[[[2.3553,48.84975],[2.35803,48.84975],[2.35803,48.85155],[2.3553,48.85155],[2.3553,48.84975]]]}},{"type":"Feature","properties":{"ok":1},"geometry":{"type":"Polygon","coordinates":[[[2.3553,48.85155],[2.35803,48.85155],[2.35803,48.85335],[2.3553,48.85335],[2.3553,48.85155]]]}},{"type":"Feature","properties":{"ok":1},"geometry":{"type":"Polygon","coordinates":[[[2.3553,48.85335],[2.35803,48.85335],[2.35803,48.85515],[2.3553,48.85515],[2.3553,48.85335]]]}},{"type":"Feature","properties":{"ok":1},"geometry":{"type":"Polygon","coordinates":[[[2.3553,48.85515],[2.35803,48.85515],[2.35803,48.85695],[2.3553,48.85695],[2.3553,48.85515]]]}},{"type":"Feature","properties":{"ok":1},"geometry":{"type":"Polygon","coordinates":[[[2.3553,48.85695],[2.35803,48.85695],[2.35803,48.85875],[2.3553,48.85875],[2.3553,48.85695]]]}},{"type":"Feature","properties":{"ok":1},"geometry":{"type":"Polygon","coordinates":[[[2.3553,48.85875],[2.35803,48.85875],[2.35803,48.86055],[2.3553,48.86055],[2.3553,48.85875]]]}},{"type":"Feature","properties":{"ok":1},"geometry":{"type":"Polygon","coordinates":[[[2.3553,48.86055],[2.35803,48.86055],[2.35803,48.86234],[2.3553,48.86234],[2.3553,48.86055]]]}},{"type":"Feature","properties":{"ok":1},"geometry":{"type":"Polygon","coordinates":[[[2.3553,48.86234],[2.35803,48.86234],[2.35803,48.86414],[2.3553,48.86414],[2.3553,48.86234]]]}},{"type":"Feature","properties":{"ok":1},"geometry":{"type":"Polygon","coordinates":[[[2.3553,48.86414],[2.35803,48.86414],[2.35803,48.86594],[2.3553,48.86594],[2.3553,48.86414]]]}},{"type":"Feature","properties":{"ok":1},"geometry":{"type":"Polygon","coordinates":[[[2.3553,48.86594],[2.35803,48.86594],[2.35803,48.86774],[2.3553,48.86774],[2.3553,48.86594]]]}},{"type":"Feature","properties":{"ok":1},"geometry":{"type":"Polygon","coordinates":[[[2.3553,48.86774],[2.35803,48.86774],[2.35803,48.86954],[2.3553,48.86954],[2.3553,48.86774]]]}},{"type":"Feature","properties":{"ok":1},"geometry":{"type":"Polygon","coordinates":[[[2.3553,48.86954],[2.35803,48.86954],[2.35803,48.87134],[2.3553,48.87134],[2.3553,48.86954]]]}},{"type":"Feature","properties":{"ok":1},"geometry":{"type":"Polygon","coordinates":[[[2.3553,48.87134],[2.35803,48.87134],[2.35803,48.87314],[2.3553,48.87314],[2.3553,48.87134]]]}},{"type":"Feature","properties":{"ok":1},"geometry":{"type":"Polygon","coordinates":[[[2.3553,48.87314],[2.35803,48.87314],[2.35803,48.87494],[2.3553,48.87494],[2.3553,48.87314]]]}},{"type":"Feature","properties":{"ok":1},"geometry":{"type":"Polygon","coordinates":[[[2.3553,48.87494],[2.35803,48.87494],[2.35803,48.87673],[2.3553,48.87673],[2.3553,48.87494]]]}},{"type":"Feature","properties":{"ok":1},"geometry":{"type":"Polygon","coordinates":[[[2.3553,48.87673],[2.35803,48.87673],[2.35803,48.87853],[2.3553,48.87853],[2.3553,48.87673]]]}},{"type":"Feature","properties":{"ok":1},"geometry":{"type":"Polygon","coordinates":[[[2.3553,48.87853],[2.35803,48.87853],[2.35803,48.88033],[2.3553,48.88033],[2.3553,48.87853]]]}},{"type":"Feature","properties":{"ok":1},"geometry":{"type":"Polygon","coordinates":[[[2.3553,48.88033],[2.35803,48.88033],[2.35803,48.88213],[2.3553,48.88213],[2.3553,48.88033]]]}},{"type":"Feature","properties":{"ok":1},"geometry":{"type":"Polygon","coordinates":[[[2.3553,48.88213],[2.35803,48.88213],[2.35803,48.88393],[2.3553,48.88393],[2.3553,48.88213]]]}},{"type":"Feature","properties":{"ok":1},"geometry":{"type":"Polygon","coordinates":[[[2.3553,48.88393],[2.35803,48.88393],[2.35803,48.88573],[2.3553,48.88573],[2.3553,48.88393]]]}},{"type":"Feature","properties":{"ok":1},"geometry":{"type":"Polygon","coordinates":[[[2.3553,48.88573],[2.35803,48.88573],[2.35803,48.88753],[2.3553,48.88753],[2.3553,48.88573]]]}},{"type":"Feature","properties":{"ok":1},"geometry":{"type":"Polygon","coordinates":[[[2.3553,48.88753],[2.35803,48.88753],[2.35803,48.88932],[2.3553,48.88932],[2.3553,48.88753]]]}},{"type":"Feature","properties":{"ok":1},"geometry":{"type":"Polygon","coordinates":[[[2.3553,48.88932],[2.35803,48.88932],[2.35803,48.89112],[2.3553,48.89112],[2.3553,48.88932]]]}},{"type":"Feature","properties":{"ok":1},"geometry":{"type":"Polygon","coordinates":[[[2.3553,48.89112],[2.35803,48.89112],[2.35803,48.89292],[2.3553,48.89292],[2.3553,48.89112]]]}},{"type":"Feature","properties":{"ok":1},"geometry":{"type":"Polygon","coordinates":[[[2.3553,48.89292],[2.35803,48.89292],[2.35803,48.89472],[2.3553,48.89472],[2.3553,48.89292]]]}},{"type":"Feature","properties":{"ok":1},"geometry":{"type":"Polygon","coordinates":[[[2.3553,48.89472],[2.35803,48.89472],[2.35803,48.89652],[2.3553,48.89652],[2.3553,48.89472]]]}},{"type":"Feature","properties":{"ok":1},"geometry":{"type":"Polygon","coordinates":[[[2.3553,48.89652],[2.35803,48.89652],[2.35803,48.89832],[2.3553,48.89832],[2.3553,48.89652]]]}},{"type":"Feature","properties":{"ok":1},"geometry":{"type":"Polygon","coordinates":[[[2.3553,48.89832],[2.35803,48.89832],[2.35803,48.90012],[2.3553,48.90012],[2.3553,48.89832]]]}},{"type":"Feature","properties":{"ok":0},"geometry":{"type":"Polygon","coordinates":[[[2.3553,48.90012],[2.35803,48.90012],[2.35803,48.90191],[2.3553,48.90191],[2.3553,48.90012]]]}},{"type":"Feature","properties":{"ok":1},"geometry":{"type":"Polygon","coordinates":[[[2.35803,48.81558],[2.36077,48.81558],[2.36077,48.81738],[2.35803,48.81738],[2.35803,48.81558]]]}},{"type":"Feature","properties":{"ok":1},"geometry":{"type":"Polygon","coordinates":[[[2.35803,48.81738],[2.36077,48.81738],[2.36077,48.81918],[2.35803,48.81918],[2.35803,48.81738]]]}},{"type":"Feature","properties":{"ok":1},"geometry":{"type":"Polygon","coordinates":[[[2.35803,48.81918],[2.36077,48.81918],[2.36077,48.82098],[2.35803,48.82098],[2.35803,48.81918]]]}},{"type":"Feature","properties":{"ok":1},"geometry":{"type":"Polygon","coordinates":[[[2.35803,48.82098],[2.36077,48.82098],[2.36077,48.82277],[2.35803,48.82277],[2.35803,48.82098]]]}},{"type":"Feature","properties":{"ok":1},"geometry":{"type":"Polygon","coordinates":[[[2.35803,48.82277],[2.36077,48.82277],[2.36077,48.82457],[2.35803,48.82457],[2.35803,48.82277]]]}},{"type":"Feature","properties":{"ok":1},"geometry":{"type":"Polygon","coordinates":[[[2.35803,48.82457],[2.36077,48.82457],[2.36077,48.82637],[2.35803,48.82637],[2.35803,48.82457]]]}},{"type":"Feature","properties":{"ok":1},"geometry":{"type":"Polygon","coordinates":[[[2.35803,48.82637],[2.36077,48.82637],[2.36077,48.82817],[2.35803,48.82817],[2.35803,48.82637]]]}},{"type":"Feature","properties":{"ok":1},"geometry":{"type":"Polygon","coordinates":[[[2.35803,48.82817],[2.36077,48.82817],[2.36077,48.82997],[2.35803,48.82997],[2.35803,48.82817]]]}},{"type":"Feature","properties":{"ok":1},"geometry":{"type":"Polygon","coordinates":[[[2.35803,48.82997],[2.36077,48.82997],[2.36077,48.83177],[2.35803,48.83177],[2.35803,48.82997]]]}},{"type":"Feature","properties":{"ok":1},"geometry":{"type":"Polygon","coordinates":[[[2.35803,48.83177],[2.36077,48.83177],[2.36077,48.83357],[2.35803,48.83357],[2.35803,48.83177]]]}},{"type":"Feature","properties":{"ok":1},"geometry":{"type":"Polygon","coordinates":[[[2.35803,48.83357],[2.36077,48.83357],[2.36077,48.83537],[2.35803,48.83537],[2.35803,48.83357]]]}},{"type":"Feature","properties":{"ok":1},"geometry":{"type":"Polygon","coordinates":[[[2.35803,48.83537],[2.36077,48.83537],[2.36077,48.83716],[2.35803,48.83716],[2.35803,48.83537]]]}},{"type":"Feature","properties":{"ok":1},"geometry":{"type":"Polygon","coordinates":[[[2.35803,48.83716],[2.36077,48.83716],[2.36077,48.83896],[2.35803,48.83896],[2.35803,48.83716]]]}},{"type":"Feature","properties":{"ok":1},"geometry":{"type":"Polygon","coordinates":[[[2.35803,48.83896],[2.36077,48.83896],[2.36077,48.84076],[2.35803,48.84076],[2.35803,48.83896]]]}},{"type":"Feature","properties":{"ok":1},"geometry":{"type":"Polygon","coordinates":[[[2.35803,48.84076],[2.36077,48.84076],[2.36077,48.84256],[2.35803,48.84256],[2.35803,48.84076]]]}},{"type":"Feature","properties":{"ok":1},"geometry":{"type":"Polygon","coordinates":[[[2.35803,48.84256],[2.36077,48.84256],[2.36077,48.84436],[2.35803,48.84436],[2.35803,48.84256]]]}},{"type":"Feature","properties":{"ok":1},"geometry":{"type":"Polygon","coordinates":[[[2.35803,48.84436],[2.36077,48.84436],[2.36077,48.84616],[2.35803,48.84616],[2.35803,48.84436]]]}},{"type":"Feature","properties":{"ok":1},"geometry":{"type":"Polygon","coordinates":[[[2.35803,48.84616],[2.36077,48.84616],[2.36077,48.84796],[2.35803,48.84796],[2.35803,48.84616]]]}},{"type":"Feature","properties":{"ok":1},"geometry":{"type":"Polygon","coordinates":[[[2.35803,48.84796],[2.36077,48.84796],[2.36077,48.84975],[2.35803,48.84975],[2.35803,48.84796]]]}},{"type":"Feature","properties":{"ok":1},"geometry":{"type":"Polygon","coordinates":[[[2.35803,48.84975],[2.36077,48.84975],[2.36077,48.85155],[2.35803,48.85155],[2.35803,48.84975]]]}},{"type":"Feature","properties":{"ok":1},"geometry":{"type":"Polygon","coordinates":[[[2.35803,48.85155],[2.36077,48.85155],[2.36077,48.85335],[2.35803,48.85335],[2.35803,48.85155]]]}},{"type":"Feature","properties":{"ok":1},"geometry":{"type":"Polygon","coordinates":[[[2.35803,48.85335],[2.36077,48.85335],[2.36077,48.85515],[2.35803,48.85515],[2.35803,48.85335]]]}},{"type":"Feature","properties":{"ok":1},"geometry":{"type":"Polygon","coordinates":[[[2.35803,48.85515],[2.36077,48.85515],[2.36077,48.85695],[2.35803,48.85695],[2.35803,48.85515]]]}},{"type":"Feature","properties":{"ok":1},"geometry":{"type":"Polygon","coordinates":[[[2.35803,48.85695],[2.36077,48.85695],[2.36077,48.85875],[2.35803,48.85875],[2.35803,48.85695]]]}},{"type":"Feature","properties":{"ok":1},"geometry":{"type":"Polygon","coordinates":[[[2.35803,48.85875],[2.36077,48.85875],[2.36077,48.86055],[2.35803,48.86055],[2.35803,48.85875]]]}},{"type":"Feature","properties":{"ok":1},"geometry":{"type":"Polygon","coordinates":[[[2.35803,48.86055],[2.36077,48.86055],[2.36077,48.86234],[2.35803,48.86234],[2.35803,48.86055]]]}},{"type":"Feature","properties":{"ok":1},"geometry":{"type":"Polygon","coordinates":[[[2.35803,48.86234],[2.36077,48.86234],[2.36077,48.86414],[2.35803,48.86414],[2.35803,48.86234]]]}},{"type":"Feature","properties":{"ok":1},"geometry":{"type":"Polygon","coordinates":[[[2.35803,48.86414],[2.36077,48.86414],[2.36077,48.86594],[2.35803,48.86594],[2.35803,48.86414]]]}},{"type":"Feature","properties":{"ok":1},"geometry":{"type":"Polygon","coordinates":[[[2.35803,48.86594],[2.36077,48.86594],[2.36077,48.86774],[2.35803,48.86774],[2.35803,48.86594]]]}},{"type":"Feature","properties":{"ok":1},"geometry":{"type":"Polygon","coordinates":[[[2.35803,48.86774],[2.36077,48.86774],[2.36077,48.86954],[2.35803,48.86954],[2.35803,48.86774]]]}},{"type":"Feature","properties":{"ok":1},"geometry":{"type":"Polygon","coordinates":[[[2.35803,48.86954],[2.36077,48.86954],[2.36077,48.87134],[2.35803,48.87134],[2.35803,48.86954]]]}},{"type":"Feature","properties":{"ok":1},"geometry":{"type":"Polygon","coordinates":[[[2.35803,48.87134],[2.36077,48.87134],[2.36077,48.87314],[2.35803,48.87314],[2.35803,48.87134]]]}},{"type":"Feature","properties":{"ok":1},"geometry":{"type":"Polygon","coordinates":[[[2.35803,48.87314],[2.36077,48.87314],[2.36077,48.87494],[2.35803,48.87494],[2.35803,48.87314]]]}},{"type":"Feature","properties":{"ok":1},"geometry":{"type":"Polygon","coordinates":[[[2.35803,48.87494],[2.36077,48.87494],[2.36077,48.87673],[2.35803,48.87673],[2.35803,48.87494]]]}},{"type":"Feature","properties":{"ok":1},"geometry":{"type":"Polygon","coordinates":[[[2.35803,48.87673],[2.36077,48.87673],[2.36077,48.87853],[2.35803,48.87853],[2.35803,48.87673]]]}},{"type":"Feature","properties":{"ok":1},"geometry":{"type":"Polygon","coordinates":[[[2.35803,48.87853],[2.36077,48.87853],[2.36077,48.88033],[2.35803,48.88033],[2.35803,48.87853]]]}},{"type":"Feature","properties":{"ok":1},"geometry":{"type":"Polygon","coordinates":[[[2.35803,48.88033],[2.36077,48.88033],[2.36077,48.88213],[2.35803,48.88213],[2.35803,48.88033]]]}},{"type":"Feature","properties":{"ok":1},"geometry":{"type":"Polygon","coordinates":[[[2.35803,48.88213],[2.36077,48.88213],[2.36077,48.88393],[2.35803,48.88393],[2.35803,48.88213]]]}},{"type":"Feature","properties":{"ok":1},"geometry":{"type":"Polygon","coordinates":[[[2.35803,48.88393],[2.36077,48.88393],[2.36077,48.88573],[2.35803,48.88573],[2.35803,48.88393]]]}},{"type":"Feature","properties":{"ok":1},"geometry":{"type":"Polygon","coordinates":[[[2.35803,48.88573],[2.36077,48.88573],[2.36077,48.88753],[2.35803,48.88753],[2.35803,48.88573]]]}},{"type":"Feature","properties":{"ok":1},"geometry":{"type":"Polygon","coordinates":[[[2.35803,48.88753],[2.36077,48.88753],[2.36077,48.88932],[2.35803,48.88932],[2.35803,48.88753]]]}},{"type":"Feature","properties":{"ok":1},"geometry":{"type":"Polygon","coordinates":[[[2.35803,48.88932],[2.36077,48.88932],[2.36077,48.89112],[2.35803,48.89112],[2.35803,48.88932]]]}},{"type":"Feature","properties":{"ok":1},"geometry":{"type":"Polygon","coordinates":[[[2.35803,48.89112],[2.36077,48.89112],[2.36077,48.89292],[2.35803,48.89292],[2.35803,48.89112]]]}},{"type":"Feature","properties":{"ok":1},"geometry":{"type":"Polygon","coordinates":[[[2.35803,48.89292],[2.36077,48.89292],[2.36077,48.89472],[2.35803,48.89472],[2.35803,48.89292]]]}},{"type":"Feature","properties":{"ok":1},"geometry":{"type":"Polygon","coordinates":[[[2.35803,48.89472],[2.36077,48.89472],[2.36077,48.89652],[2.35803,48.89652],[2.35803,48.89472]]]}},{"type":"Feature","properties":{"ok":1},"geometry":{"type":"Polygon","coordinates":[[[2.35803,48.89652],[2.36077,48.89652],[2.36077,48.89832],[2.35803,48.89832],[2.35803,48.89652]]]}},{"type":"Feature","properties":{"ok":1},"geometry":{"type":"Polygon","coordinates":[[[2.35803,48.89832],[2.36077,48.89832],[2.36077,48.90012],[2.35803,48.90012],[2.35803,48.89832]]]}},{"type":"Feature","properties":{"ok":1},"geometry":{"type":"Polygon","coordinates":[[[2.35803,48.90012],[2.36077,48.90012],[2.36077,48.90191],[2.35803,48.90191],[2.35803,48.90012]]]}},{"type":"Feature","properties":{"ok":1},"geometry":{"type":"Polygon","coordinates":[[[2.36077,48.81558],[2.3635,48.81558],[2.3635,48.81738],[2.36077,48.81738],[2.36077,48.81558]]]}},{"type":"Feature","properties":{"ok":1},"geometry":{"type":"Polygon","coordinates":[[[2.36077,48.81738],[2.3635,48.81738],[2.3635,48.81918],[2.36077,48.81918],[2.36077,48.81738]]]}},{"type":"Feature","properties":{"ok":1},"geometry":{"type":"Polygon","coordinates":[[[2.36077,48.81918],[2.3635,48.81918],[2.3635,48.82098],[2.36077,48.82098],[2.36077,48.81918]]]}},{"type":"Feature","properties":{"ok":1},"geometry":{"type":"Polygon","coordinates":[[[2.36077,48.82098],[2.3635,48.82098],[2.3635,48.82277],[2.36077,48.82277],[2.36077,48.82098]]]}},{"type":"Feature","properties":{"ok":1},"geometry":{"type":"Polygon","coordinates":[[[2.36077,48.82277],[2.3635,48.82277],[2.3635,48.82457],[2.36077,48.82457],[2.36077,48.82277]]]}},{"type":"Feature","properties":{"ok":1},"geometry":{"type":"Polygon","coordinates":[[[2.36077,48.82457],[2.3635,48.82457],[2.3635,48.82637],[2.36077,48.82637],[2.36077,48.82457]]]}},{"type":"Feature","properties":{"ok":1},"geometry":{"type":"Polygon","coordinates":[[[2.36077,48.82637],[2.3635,48.82637],[2.3635,48.82817],[2.36077,48.82817],[2.36077,48.82637]]]}},{"type":"Feature","properties":{"ok":1},"geometry":{"type":"Polygon","coordinates":[[[2.36077,48.82817],[2.3635,48.82817],[2.3635,48.82997],[2.36077,48.82997],[2.36077,48.82817]]]}},{"type":"Feature","properties":{"ok":1},"geometry":{"type":"Polygon","coordinates":[[[2.36077,48.82997],[2.3635,48.82997],[2.3635,48.83177],[2.36077,48.83177],[2.36077,48.82997]]]}},{"type":"Feature","properties":{"ok":1},"geometry":{"type":"Polygon","coordinates":[[[2.36077,48.83177],[2.3635,48.83177],[2.3635,48.83357],[2.36077,48.83357],[2.36077,48.83177]]]}},{"type":"Feature","properties":{"ok":1},"geometry":{"type":"Polygon","coordinates":[[[2.36077,48.83357],[2.3635,48.83357],[2.3635,48.83537],[2.36077,48.83537],[2.36077,48.83357]]]}},{"type":"Feature","properties":{"ok":1},"geometry":{"type":"Polygon","coordinates":[[[2.36077,48.83537],[2.3635,48.83537],[2.3635,48.83716],[2.36077,48.83716],[2.36077,48.83537]]]}},{"type":"Feature","properties":{"ok":1},"geometry":{"type":"Polygon","coordinates":[[[2.36077,48.83716],[2.3635,48.83716],[2.3635,48.83896],[2.36077,48.83896],[2.36077,48.83716]]]}},{"type":"Feature","properties":{"ok":1},"geometry":{"type":"Polygon","coordinates":[[[2.36077,48.83896],[2.3635,48.83896],[2.3635,48.84076],[2.36077,48.84076],[2.36077,48.83896]]]}},{"type":"Feature","properties":{"ok":1},"geometry":{"type":"Polygon","coordinates":[[[2.36077,48.84076],[2.3635,48.84076],[2.3635,48.84256],[2.36077,48.84256],[2.36077,48.84076]]]}},{"type":"Feature","properties":{"ok":1},"geometry":{"type":"Polygon","coordinates":[[[2.36077,48.84256],[2.3635,48.84256],[2.3635,48.84436],[2.36077,48.84436],[2.36077,48.84256]]]}},{"type":"Feature","properties":{"ok":1},"geometry":{"type":"Polygon","coordinates":[[[2.36077,48.84436],[2.3635,48.84436],[2.3635,48.84616],[2.36077,48.84616],[2.36077,48.84436]]]}},{"type":"Feature","properties":{"ok":1},"geometry":{"type":"Polygon","coordinates":[[[2.36077,48.84616],[2.3635,48.84616],[2.3635,48.84796],[2.36077,48.84796],[2.36077,48.84616]]]}},{"type":"Feature","properties":{"ok":1},"geometry":{"type":"Polygon","coordinates":[[[2.36077,48.84796],[2.3635,48.84796],[2.3635,48.84975],[2.36077,48.84975],[2.36077,48.84796]]]}},{"type":"Feature","properties":{"ok":1},"geometry":{"type":"Polygon","coordinates":[[[2.36077,48.84975],[2.3635,48.84975],[2.3635,48.85155],[2.36077,48.85155],[2.36077,48.84975]]]}},{"type":"Feature","properties":{"ok":1},"geometry":{"type":"Polygon","coordinates":[[[2.36077,48.85155],[2.3635,48.85155],[2.3635,48.85335],[2.36077,48.85335],[2.36077,48.85155]]]}},{"type":"Feature","properties":{"ok":1},"geometry":{"type":"Polygon","coordinates":[[[2.36077,48.85335],[2.3635,48.85335],[2.3635,48.85515],[2.36077,48.85515],[2.36077,48.85335]]]}},{"type":"Feature","properties":{"ok":1},"geometry":{"type":"Polygon","coordinates":[[[2.36077,48.85515],[2.3635,48.85515],[2.3635,48.85695],[2.36077,48.85695],[2.36077,48.85515]]]}},{"type":"Feature","properties":{"ok":1},"geometry":{"type":"Polygon","coordinates":[[[2.36077,48.85695],[2.3635,48.85695],[2.3635,48.85875],[2.36077,48.85875],[2.36077,48.85695]]]}},{"type":"Feature","properties":{"ok":1},"geometry":{"type":"Polygon","coordinates":[[[2.36077,48.85875],[2.3635,48.85875],[2.3635,48.86055],[2.36077,48.86055],[2.36077,48.85875]]]}},{"type":"Feature","properties":{"ok":1},"geometry":{"type":"Polygon","coordinates":[[[2.36077,48.86055],[2.3635,48.86055],[2.3635,48.86234],[2.36077,48.86234],[2.36077,48.86055]]]}},{"type":"Feature","properties":{"ok":1},"geometry":{"type":"Polygon","coordinates":[[[2.36077,48.86234],[2.3635,48.86234],[2.3635,48.86414],[2.36077,48.86414],[2.36077,48.86234]]]}},{"type":"Feature","properties":{"ok":1},"geometry":{"type":"Polygon","coordinates":[[[2.36077,48.86414],[2.3635,48.86414],[2.3635,48.86594],[2.36077,48.86594],[2.36077,48.86414]]]}},{"type":"Feature","properties":{"ok":1},"geometry":{"type":"Polygon","coordinates":[[[2.36077,48.86594],[2.3635,48.86594],[2.3635,48.86774],[2.36077,48.86774],[2.36077,48.86594]]]}},{"type":"Feature","properties":{"ok":1},"geometry":{"type":"Polygon","coordinates":[[[2.36077,48.86774],[2.3635,48.86774],[2.3635,48.86954],[2.36077,48.86954],[2.36077,48.86774]]]}},{"type":"Feature","properties":{"ok":1},"geometry":{"type":"Polygon","coordinates":[[[2.36077,48.86954],[2.3635,48.86954],[2.3635,48.87134],[2.36077,48.87134],[2.36077,48.86954]]]}},{"type":"Feature","properties":{"ok":1},"geometry":{"type":"Polygon","coordinates":[[[2.36077,48.87134],[2.3635,48.87134],[2.3635,48.87314],[2.36077,48.87314],[2.36077,48.87134]]]}},{"type":"Feature","properties":{"ok":1},"geometry":{"type":"Polygon","coordinates":[[[2.36077,48.87314],[2.3635,48.87314],[2.3635,48.87494],[2.36077,48.87494],[2.36077,48.87314]]]}},{"type":"Feature","properties":{"ok":1},"geometry":{"type":"Polygon","coordinates":[[[2.36077,48.87494],[2.3635,48.87494],[2.3635,48.87673],[2.36077,48.87673],[2.36077,48.87494]]]}},{"type":"Feature","properties":{"ok":1},"geometry":{"type":"Polygon","coordinates":[[[2.36077,48.87673],[2.3635,48.87673],[2.3635,48.87853],[2.36077,48.87853],[2.36077,48.87673]]]}},{"type":"Feature","properties":{"ok":1},"geometry":{"type":"Polygon","coordinates":[[[2.36077,48.87853],[2.3635,48.87853],[2.3635,48.88033],[2.36077,48.88033],[2.36077,48.87853]]]}},{"type":"Feature","properties":{"ok":1},"geometry":{"type":"Polygon","coordinates":[[[2.36077,48.88033],[2.3635,48.88033],[2.3635,48.88213],[2.36077,48.88213],[2.36077,48.88033]]]}},{"type":"Feature","properties":{"ok":1},"geometry":{"type":"Polygon","coordinates":[[[2.36077,48.88213],[2.3635,48.88213],[2.3635,48.88393],[2.36077,48.88393],[2.36077,48.88213]]]}},{"type":"Feature","properties":{"ok":1},"geometry":{"type":"Polygon","coordinates":[[[2.36077,48.88393],[2.3635,48.88393],[2.3635,48.88573],[2.36077,48.88573],[2.36077,48.88393]]]}},{"type":"Feature","properties":{"ok":1},"geometry":{"type":"Polygon","coordinates":[[[2.36077,48.88573],[2.3635,48.88573],[2.3635,48.88753],[2.36077,48.88753],[2.36077,48.88573]]]}},{"type":"Feature","properties":{"ok":1},"geometry":{"type":"Polygon","coordinates":[[[2.36077,48.88753],[2.3635,48.88753],[2.3635,48.88932],[2.36077,48.88932],[2.36077,48.88753]]]}},{"type":"Feature","properties":{"ok":1},"geometry":{"type":"Polygon","coordinates":[[[2.36077,48.88932],[2.3635,48.88932],[2.3635,48.89112],[2.36077,48.89112],[2.36077,48.88932]]]}},{"type":"Feature","properties":{"ok":1},"geometry":{"type":"Polygon","coordinates":[[[2.36077,48.89112],[2.3635,48.89112],[2.3635,48.89292],[2.36077,48.89292],[2.36077,48.89112]]]}},{"type":"Feature","properties":{"ok":1},"geometry":{"type":"Polygon","coordinates":[[[2.36077,48.89292],[2.3635,48.89292],[2.3635,48.89472],[2.36077,48.89472],[2.36077,48.89292]]]}},{"type":"Feature","properties":{"ok":1},"geometry":{"type":"Polygon","coordinates":[[[2.36077,48.89472],[2.3635,48.89472],[2.3635,48.89652],[2.36077,48.89652],[2.36077,48.89472]]]}},{"type":"Feature","properties":{"ok":1},"geometry":{"type":"Polygon","coordinates":[[[2.36077,48.89652],[2.3635,48.89652],[2.3635,48.89832],[2.36077,48.89832],[2.36077,48.89652]]]}},{"type":"Feature","properties":{"ok":1},"geometry":{"type":"Polygon","coordinates":[[[2.36077,48.89832],[2.3635,48.89832],[2.3635,48.90012],[2.36077,48.90012],[2.36077,48.89832]]]}},{"type":"Feature","properties":{"ok":1},"geometry":{"type":"Polygon","coordinates":[[[2.36077,48.90012],[2.3635,48.90012],[2.3635,48.90191],[2.36077,48.90191],[2.36077,48.90012]]]}},{"type":"Feature","properties":{"ok":1},"geometry":{"type":"Polygon","coordinates":[[[2.3635,48.81738],[2.36623,48.81738],[2.36623,48.81918],[2.3635,48.81918],[2.3635,48.81738]]]}},{"type":"Feature","properties":{"ok":1},"geometry":{"type":"Polygon","coordinates":[[[2.3635,48.81918],[2.36623,48.81918],[2.36623,48.82098],[2.3635,48.82098],[2.3635,48.81918]]]}},{"type":"Feature","properties":{"ok":1},"geometry":{"type":"Polygon","coordinates":[[[2.3635,48.82098],[2.36623,48.82098],[2.36623,48.82277],[2.3635,48.82277],[2.3635,48.82098]]]}},{"type":"Feature","properties":{"ok":1},"geometry":{"type":"Polygon","coordinates":[[[2.3635,48.82277],[2.36623,48.82277],[2.36623,48.82457],[2.3635,48.82457],[2.3635,48.82277]]]}},{"type":"Feature","properties":{"ok":1},"geometry":{"type":"Polygon","coordinates":[[[2.3635,48.82457],[2.36623,48.82457],[2.36623,48.82637],[2.3635,48.82637],[2.3635,48.82457]]]}},{"type":"Feature","properties":{"ok":1},"geometry":{"type":"Polygon","coordinates":[[[2.3635,48.82637],[2.36623,48.82637],[2.36623,48.82817],[2.3635,48.82817],[2.3635,48.82637]]]}},{"type":"Feature","properties":{"ok":1},"geometry":{"type":"Polygon","coordinates":[[[2.3635,48.82817],[2.36623,48.82817],[2.36623,48.82997],[2.3635,48.82997],[2.3635,48.82817]]]}},{"type":"Feature","properties":{"ok":1},"geometry":{"type":"Polygon","coordinates":[[[2.3635,48.82997],[2.36623,48.82997],[2.36623,48.83177],[2.3635,48.83177],[2.3635,48.82997]]]}},{"type":"Feature","properties":{"ok":1},"geometry":{"type":"Polygon","coordinates":[[[2.3635,48.83177],[2.36623,48.83177],[2.36623,48.83357],[2.3635,48.83357],[2.3635,48.83177]]]}},{"type":"Feature","properties":{"ok":1},"geometry":{"type":"Polygon","coordinates":[[[2.3635,48.83357],[2.36623,48.83357],[2.36623,48.83537],[2.3635,48.83537],[2.3635,48.83357]]]}},{"type":"Feature","properties":{"ok":1},"geometry":{"type":"Polygon","coordinates":[[[2.3635,48.83537],[2.36623,48.83537],[2.36623,48.83716],[2.3635,48.83716],[2.3635,48.83537]]]}},{"type":"Feature","properties":{"ok":0},"geometry":{"type":"Polygon","coordinates":[[[2.3635,48.83716],[2.36623,48.83716],[2.36623,48.83896],[2.3635,48.83896],[2.3635,48.83716]]]}},{"type":"Feature","properties":{"ok":1},"geometry":{"type":"Polygon","coordinates":[[[2.3635,48.83896],[2.36623,48.83896],[2.36623,48.84076],[2.3635,48.84076],[2.3635,48.83896]]]}},{"type":"Feature","properties":{"ok":1},"geometry":{"type":"Polygon","coordinates":[[[2.3635,48.84076],[2.36623,48.84076],[2.36623,48.84256],[2.3635,48.84256],[2.3635,48.84076]]]}},{"type":"Feature","properties":{"ok":1},"geometry":{"type":"Polygon","coordinates":[[[2.3635,48.84256],[2.36623,48.84256],[2.36623,48.84436],[2.3635,48.84436],[2.3635,48.84256]]]}},{"type":"Feature","properties":{"ok":1},"geometry":{"type":"Polygon","coordinates":[[[2.3635,48.84436],[2.36623,48.84436],[2.36623,48.84616],[2.3635,48.84616],[2.3635,48.84436]]]}},{"type":"Feature","properties":{"ok":1},"geometry":{"type":"Polygon","coordinates":[[[2.3635,48.84616],[2.36623,48.84616],[2.36623,48.84796],[2.3635,48.84796],[2.3635,48.84616]]]}},{"type":"Feature","properties":{"ok":1},"geometry":{"type":"Polygon","coordinates":[[[2.3635,48.84796],[2.36623,48.84796],[2.36623,48.84975],[2.3635,48.84975],[2.3635,48.84796]]]}},{"type":"Feature","properties":{"ok":1},"geometry":{"type":"Polygon","coordinates":[[[2.3635,48.84975],[2.36623,48.84975],[2.36623,48.85155],[2.3635,48.85155],[2.3635,48.84975]]]}},{"type":"Feature","properties":{"ok":1},"geometry":{"type":"Polygon","coordinates":[[[2.3635,48.85155],[2.36623,48.85155],[2.36623,48.85335],[2.3635,48.85335],[2.3635,48.85155]]]}},{"type":"Feature","properties":{"ok":1},"geometry":{"type":"Polygon","coordinates":[[[2.3635,48.85335],[2.36623,48.85335],[2.36623,48.85515],[2.3635,48.85515],[2.3635,48.85335]]]}},{"type":"Feature","properties":{"ok":1},"geometry":{"type":"Polygon","coordinates":[[[2.3635,48.85515],[2.36623,48.85515],[2.36623,48.85695],[2.3635,48.85695],[2.3635,48.85515]]]}},{"type":"Feature","properties":{"ok":1},"geometry":{"type":"Polygon","coordinates":[[[2.3635,48.85695],[2.36623,48.85695],[2.36623,48.85875],[2.3635,48.85875],[2.3635,48.85695]]]}},{"type":"Feature","properties":{"ok":1},"geometry":{"type":"Polygon","coordinates":[[[2.3635,48.85875],[2.36623,48.85875],[2.36623,48.86055],[2.3635,48.86055],[2.3635,48.85875]]]}},{"type":"Feature","properties":{"ok":1},"geometry":{"type":"Polygon","coordinates":[[[2.3635,48.86055],[2.36623,48.86055],[2.36623,48.86234],[2.3635,48.86234],[2.3635,48.86055]]]}},{"type":"Feature","properties":{"ok":1},"geometry":{"type":"Polygon","coordinates":[[[2.3635,48.86234],[2.36623,48.86234],[2.36623,48.86414],[2.3635,48.86414],[2.3635,48.86234]]]}},{"type":"Feature","properties":{"ok":1},"geometry":{"type":"Polygon","coordinates":[[[2.3635,48.86414],[2.36623,48.86414],[2.36623,48.86594],[2.3635,48.86594],[2.3635,48.86414]]]}},{"type":"Feature","properties":{"ok":1},"geometry":{"type":"Polygon","coordinates":[[[2.3635,48.86594],[2.36623,48.86594],[2.36623,48.86774],[2.3635,48.86774],[2.3635,48.86594]]]}},{"type":"Feature","properties":{"ok":1},"geometry":{"type":"Polygon","coordinates":[[[2.3635,48.86774],[2.36623,48.86774],[2.36623,48.86954],[2.3635,48.86954],[2.3635,48.86774]]]}},{"type":"Feature","properties":{"ok":1},"geometry":{"type":"Polygon","coordinates":[[[2.3635,48.86954],[2.36623,48.86954],[2.36623,48.87134],[2.3635,48.87134],[2.3635,48.86954]]]}},{"type":"Feature","properties":{"ok":1},"geometry":{"type":"Polygon","coordinates":[[[2.3635,48.87134],[2.36623,48.87134],[2.36623,48.87314],[2.3635,48.87314],[2.3635,48.87134]]]}},{"type":"Feature","properties":{"ok":1},"geometry":{"type":"Polygon","coordinates":[[[2.3635,48.87314],[2.36623,48.87314],[2.36623,48.87494],[2.3635,48.87494],[2.3635,48.87314]]]}},{"type":"Feature","properties":{"ok":1},"geometry":{"type":"Polygon","coordinates":[[[2.3635,48.87494],[2.36623,48.87494],[2.36623,48.87673],[2.3635,48.87673],[2.3635,48.87494]]]}},{"type":"Feature","properties":{"ok":1},"geometry":{"type":"Polygon","coordinates":[[[2.3635,48.87673],[2.36623,48.87673],[2.36623,48.87853],[2.3635,48.87853],[2.3635,48.87673]]]}},{"type":"Feature","properties":{"ok":1},"geometry":{"type":"Polygon","coordinates":[[[2.3635,48.87853],[2.36623,48.87853],[2.36623,48.88033],[2.3635,48.88033],[2.3635,48.87853]]]}},{"type":"Feature","properties":{"ok":1},"geometry":{"type":"Polygon","coordinates":[[[2.3635,48.88033],[2.36623,48.88033],[2.36623,48.88213],[2.3635,48.88213],[2.3635,48.88033]]]}},{"type":"Feature","properties":{"ok":1},"geometry":{"type":"Polygon","coordinates":[[[2.3635,48.88213],[2.36623,48.88213],[2.36623,48.88393],[2.3635,48.88393],[2.3635,48.88213]]]}},{"type":"Feature","properties":{"ok":1},"geometry":{"type":"Polygon","coordinates":[[[2.3635,48.88393],[2.36623,48.88393],[2.36623,48.88573],[2.3635,48.88573],[2.3635,48.88393]]]}},{"type":"Feature","properties":{"ok":1},"geometry":{"type":"Polygon","coordinates":[[[2.3635,48.88573],[2.36623,48.88573],[2.36623,48.88753],[2.3635,48.88753],[2.3635,48.88573]]]}},{"type":"Feature","properties":{"ok":1},"geometry":{"type":"Polygon","coordinates":[[[2.3635,48.88753],[2.36623,48.88753],[2.36623,48.88932],[2.3635,48.88932],[2.3635,48.88753]]]}},{"type":"Feature","properties":{"ok":1},"geometry":{"type":"Polygon","coordinates":[[[2.3635,48.88932],[2.36623,48.88932],[2.36623,48.89112],[2.3635,48.89112],[2.3635,48.88932]]]}},{"type":"Feature","properties":{"ok":1},"geometry":{"type":"Polygon","coordinates":[[[2.3635,48.89112],[2.36623,48.89112],[2.36623,48.89292],[2.3635,48.89292],[2.3635,48.89112]]]}},{"type":"Feature","properties":{"ok":1},"geometry":{"type":"Polygon","coordinates":[[[2.3635,48.89292],[2.36623,48.89292],[2.36623,48.89472],[2.3635,48.89472],[2.3635,48.89292]]]}},{"type":"Feature","properties":{"ok":1},"geometry":{"type":"Polygon","coordinates":[[[2.3635,48.89472],[2.36623,48.89472],[2.36623,48.89652],[2.3635,48.89652],[2.3635,48.89472]]]}},{"type":"Feature","properties":{"ok":1},"geometry":{"type":"Polygon","coordinates":[[[2.3635,48.89652],[2.36623,48.89652],[2.36623,48.89832],[2.3635,48.89832],[2.3635,48.89652]]]}},{"type":"Feature","properties":{"ok":1},"geometry":{"type":"Polygon","coordinates":[[[2.3635,48.89832],[2.36623,48.89832],[2.36623,48.90012],[2.3635,48.90012],[2.3635,48.89832]]]}},{"type":"Feature","properties":{"ok":1},"geometry":{"type":"Polygon","coordinates":[[[2.3635,48.90012],[2.36623,48.90012],[2.36623,48.90191],[2.3635,48.90191],[2.3635,48.90012]]]}},{"type":"Feature","properties":{"ok":1},"geometry":{"type":"Polygon","coordinates":[[[2.36623,48.81738],[2.36897,48.81738],[2.36897,48.81918],[2.36623,48.81918],[2.36623,48.81738]]]}},{"type":"Feature","properties":{"ok":1},"geometry":{"type":"Polygon","coordinates":[[[2.36623,48.81918],[2.36897,48.81918],[2.36897,48.82098],[2.36623,48.82098],[2.36623,48.81918]]]}},{"type":"Feature","properties":{"ok":1},"geometry":{"type":"Polygon","coordinates":[[[2.36623,48.82098],[2.36897,48.82098],[2.36897,48.82277],[2.36623,48.82277],[2.36623,48.82098]]]}},{"type":"Feature","properties":{"ok":1},"geometry":{"type":"Polygon","coordinates":[[[2.36623,48.82277],[2.36897,48.82277],[2.36897,48.82457],[2.36623,48.82457],[2.36623,48.82277]]]}},{"type":"Feature","properties":{"ok":1},"geometry":{"type":"Polygon","coordinates":[[[2.36623,48.82457],[2.36897,48.82457],[2.36897,48.82637],[2.36623,48.82637],[2.36623,48.82457]]]}},{"type":"Feature","properties":{"ok":1},"geometry":{"type":"Polygon","coordinates":[[[2.36623,48.82637],[2.36897,48.82637],[2.36897,48.82817],[2.36623,48.82817],[2.36623,48.82637]]]}},{"type":"Feature","properties":{"ok":1},"geometry":{"type":"Polygon","coordinates":[[[2.36623,48.82817],[2.36897,48.82817],[2.36897,48.82997],[2.36623,48.82997],[2.36623,48.82817]]]}},{"type":"Feature","properties":{"ok":1},"geometry":{"type":"Polygon","coordinates":[[[2.36623,48.82997],[2.36897,48.82997],[2.36897,48.83177],[2.36623,48.83177],[2.36623,48.82997]]]}},{"type":"Feature","properties":{"ok":1},"geometry":{"type":"Polygon","coordinates":[[[2.36623,48.83177],[2.36897,48.83177],[2.36897,48.83357],[2.36623,48.83357],[2.36623,48.83177]]]}},{"type":"Feature","properties":{"ok":1},"geometry":{"type":"Polygon","coordinates":[[[2.36623,48.83357],[2.36897,48.83357],[2.36897,48.83537],[2.36623,48.83537],[2.36623,48.83357]]]}},{"type":"Feature","properties":{"ok":1},"geometry":{"type":"Polygon","coordinates":[[[2.36623,48.83537],[2.36897,48.83537],[2.36897,48.83716],[2.36623,48.83716],[2.36623,48.83537]]]}},{"type":"Feature","properties":{"ok":1},"geometry":{"type":"Polygon","coordinates":[[[2.36623,48.83716],[2.36897,48.83716],[2.36897,48.83896],[2.36623,48.83896],[2.36623,48.83716]]]}},{"type":"Feature","properties":{"ok":1},"geometry":{"type":"Polygon","coordinates":[[[2.36623,48.83896],[2.36897,48.83896],[2.36897,48.84076],[2.36623,48.84076],[2.36623,48.83896]]]}},{"type":"Feature","properties":{"ok":1},"geometry":{"type":"Polygon","coordinates":[[[2.36623,48.84076],[2.36897,48.84076],[2.36897,48.84256],[2.36623,48.84256],[2.36623,48.84076]]]}},{"type":"Feature","properties":{"ok":1},"geometry":{"type":"Polygon","coordinates":[[[2.36623,48.84256],[2.36897,48.84256],[2.36897,48.84436],[2.36623,48.84436],[2.36623,48.84256]]]}},{"type":"Feature","properties":{"ok":1},"geometry":{"type":"Polygon","coordinates":[[[2.36623,48.84436],[2.36897,48.84436],[2.36897,48.84616],[2.36623,48.84616],[2.36623,48.84436]]]}},{"type":"Feature","properties":{"ok":1},"geometry":{"type":"Polygon","coordinates":[[[2.36623,48.84616],[2.36897,48.84616],[2.36897,48.84796],[2.36623,48.84796],[2.36623,48.84616]]]}},{"type":"Feature","properties":{"ok":1},"geometry":{"type":"Polygon","coordinates":[[[2.36623,48.84796],[2.36897,48.84796],[2.36897,48.84975],[2.36623,48.84975],[2.36623,48.84796]]]}},{"type":"Feature","properties":{"ok":1},"geometry":{"type":"Polygon","coordinates":[[[2.36623,48.84975],[2.36897,48.84975],[2.36897,48.85155],[2.36623,48.85155],[2.36623,48.84975]]]}},{"type":"Feature","properties":{"ok":1},"geometry":{"type":"Polygon","coordinates":[[[2.36623,48.85155],[2.36897,48.85155],[2.36897,48.85335],[2.36623,48.85335],[2.36623,48.85155]]]}},{"type":"Feature","properties":{"ok":1},"geometry":{"type":"Polygon","coordinates":[[[2.36623,48.85335],[2.36897,48.85335],[2.36897,48.85515],[2.36623,48.85515],[2.36623,48.85335]]]}},{"type":"Feature","properties":{"ok":1},"geometry":{"type":"Polygon","coordinates":[[[2.36623,48.85515],[2.36897,48.85515],[2.36897,48.85695],[2.36623,48.85695],[2.36623,48.85515]]]}},{"type":"Feature","properties":{"ok":1},"geometry":{"type":"Polygon","coordinates":[[[2.36623,48.85695],[2.36897,48.85695],[2.36897,48.85875],[2.36623,48.85875],[2.36623,48.85695]]]}},{"type":"Feature","properties":{"ok":1},"geometry":{"type":"Polygon","coordinates":[[[2.36623,48.85875],[2.36897,48.85875],[2.36897,48.86055],[2.36623,48.86055],[2.36623,48.85875]]]}},{"type":"Feature","properties":{"ok":1},"geometry":{"type":"Polygon","coordinates":[[[2.36623,48.86055],[2.36897,48.86055],[2.36897,48.86234],[2.36623,48.86234],[2.36623,48.86055]]]}},{"type":"Feature","properties":{"ok":1},"geometry":{"type":"Polygon","coordinates":[[[2.36623,48.86234],[2.36897,48.86234],[2.36897,48.86414],[2.36623,48.86414],[2.36623,48.86234]]]}},{"type":"Feature","properties":{"ok":1},"geometry":{"type":"Polygon","coordinates":[[[2.36623,48.86414],[2.36897,48.86414],[2.36897,48.86594],[2.36623,48.86594],[2.36623,48.86414]]]}},{"type":"Feature","properties":{"ok":1},"geometry":{"type":"Polygon","coordinates":[[[2.36623,48.86594],[2.36897,48.86594],[2.36897,48.86774],[2.36623,48.86774],[2.36623,48.86594]]]}},{"type":"Feature","properties":{"ok":1},"geometry":{"type":"Polygon","coordinates":[[[2.36623,48.86774],[2.36897,48.86774],[2.36897,48.86954],[2.36623,48.86954],[2.36623,48.86774]]]}},{"type":"Feature","properties":{"ok":1},"geometry":{"type":"Polygon","coordinates":[[[2.36623,48.86954],[2.36897,48.86954],[2.36897,48.87134],[2.36623,48.87134],[2.36623,48.86954]]]}},{"type":"Feature","properties":{"ok":1},"geometry":{"type":"Polygon","coordinates":[[[2.36623,48.87134],[2.36897,48.87134],[2.36897,48.87314],[2.36623,48.87314],[2.36623,48.87134]]]}},{"type":"Feature","properties":{"ok":1},"geometry":{"type":"Polygon","coordinates":[[[2.36623,48.87314],[2.36897,48.87314],[2.36897,48.87494],[2.36623,48.87494],[2.36623,48.87314]]]}},{"type":"Feature","properties":{"ok":1},"geometry":{"type":"Polygon","coordinates":[[[2.36623,48.87494],[2.36897,48.87494],[2.36897,48.87673],[2.36623,48.87673],[2.36623,48.87494]]]}},{"type":"Feature","properties":{"ok":1},"geometry":{"type":"Polygon","coordinates":[[[2.36623,48.87673],[2.36897,48.87673],[2.36897,48.87853],[2.36623,48.87853],[2.36623,48.87673]]]}},{"type":"Feature","properties":{"ok":1},"geometry":{"type":"Polygon","coordinates":[[[2.36623,48.87853],[2.36897,48.87853],[2.36897,48.88033],[2.36623,48.88033],[2.36623,48.87853]]]}},{"type":"Feature","properties":{"ok":1},"geometry":{"type":"Polygon","coordinates":[[[2.36623,48.88033],[2.36897,48.88033],[2.36897,48.88213],[2.36623,48.88213],[2.36623,48.88033]]]}},{"type":"Feature","properties":{"ok":1},"geometry":{"type":"Polygon","coordinates":[[[2.36623,48.88213],[2.36897,48.88213],[2.36897,48.88393],[2.36623,48.88393],[2.36623,48.88213]]]}},{"type":"Feature","properties":{"ok":1},"geometry":{"type":"Polygon","coordinates":[[[2.36623,48.88393],[2.36897,48.88393],[2.36897,48.88573],[2.36623,48.88573],[2.36623,48.88393]]]}},{"type":"Feature","properties":{"ok":1},"geometry":{"type":"Polygon","coordinates":[[[2.36623,48.88573],[2.36897,48.88573],[2.36897,48.88753],[2.36623,48.88753],[2.36623,48.88573]]]}},{"type":"Feature","properties":{"ok":1},"geometry":{"type":"Polygon","coordinates":[[[2.36623,48.88753],[2.36897,48.88753],[2.36897,48.88932],[2.36623,48.88932],[2.36623,48.88753]]]}},{"type":"Feature","properties":{"ok":1},"geometry":{"type":"Polygon","coordinates":[[[2.36623,48.88932],[2.36897,48.88932],[2.36897,48.89112],[2.36623,48.89112],[2.36623,48.88932]]]}},{"type":"Feature","properties":{"ok":1},"geometry":{"type":"Polygon","coordinates":[[[2.36623,48.89112],[2.36897,48.89112],[2.36897,48.89292],[2.36623,48.89292],[2.36623,48.89112]]]}},{"type":"Feature","properties":{"ok":1},"geometry":{"type":"Polygon","coordinates":[[[2.36623,48.89292],[2.36897,48.89292],[2.36897,48.89472],[2.36623,48.89472],[2.36623,48.89292]]]}},{"type":"Feature","properties":{"ok":1},"geometry":{"type":"Polygon","coordinates":[[[2.36623,48.89472],[2.36897,48.89472],[2.36897,48.89652],[2.36623,48.89652],[2.36623,48.89472]]]}},{"type":"Feature","properties":{"ok":1},"geometry":{"type":"Polygon","coordinates":[[[2.36623,48.89652],[2.36897,48.89652],[2.36897,48.89832],[2.36623,48.89832],[2.36623,48.89652]]]}},{"type":"Feature","properties":{"ok":1},"geometry":{"type":"Polygon","coordinates":[[[2.36623,48.89832],[2.36897,48.89832],[2.36897,48.90012],[2.36623,48.90012],[2.36623,48.89832]]]}},{"type":"Feature","properties":{"ok":1},"geometry":{"type":"Polygon","coordinates":[[[2.36623,48.90012],[2.36897,48.90012],[2.36897,48.90191],[2.36623,48.90191],[2.36623,48.90012]]]}},{"type":"Feature","properties":{"ok":1},"geometry":{"type":"Polygon","coordinates":[[[2.36897,48.81738],[2.3717,48.81738],[2.3717,48.81918],[2.36897,48.81918],[2.36897,48.81738]]]}},{"type":"Feature","properties":{"ok":1},"geometry":{"type":"Polygon","coordinates":[[[2.36897,48.81918],[2.3717,48.81918],[2.3717,48.82098],[2.36897,48.82098],[2.36897,48.81918]]]}},{"type":"Feature","properties":{"ok":1},"geometry":{"type":"Polygon","coordinates":[[[2.36897,48.82098],[2.3717,48.82098],[2.3717,48.82277],[2.36897,48.82277],[2.36897,48.82098]]]}},{"type":"Feature","properties":{"ok":1},"geometry":{"type":"Polygon","coordinates":[[[2.36897,48.82277],[2.3717,48.82277],[2.3717,48.82457],[2.36897,48.82457],[2.36897,48.82277]]]}},{"type":"Feature","properties":{"ok":1},"geometry":{"type":"Polygon","coordinates":[[[2.36897,48.82457],[2.3717,48.82457],[2.3717,48.82637],[2.36897,48.82637],[2.36897,48.82457]]]}},{"type":"Feature","properties":{"ok":1},"geometry":{"type":"Polygon","coordinates":[[[2.36897,48.82637],[2.3717,48.82637],[2.3717,48.82817],[2.36897,48.82817],[2.36897,48.82637]]]}},{"type":"Feature","properties":{"ok":1},"geometry":{"type":"Polygon","coordinates":[[[2.36897,48.82817],[2.3717,48.82817],[2.3717,48.82997],[2.36897,48.82997],[2.36897,48.82817]]]}},{"type":"Feature","properties":{"ok":1},"geometry":{"type":"Polygon","coordinates":[[[2.36897,48.82997],[2.3717,48.82997],[2.3717,48.83177],[2.36897,48.83177],[2.36897,48.82997]]]}},{"type":"Feature","properties":{"ok":1},"geometry":{"type":"Polygon","coordinates":[[[2.36897,48.83177],[2.3717,48.83177],[2.3717,48.83357],[2.36897,48.83357],[2.36897,48.83177]]]}},{"type":"Feature","properties":{"ok":1},"geometry":{"type":"Polygon","coordinates":[[[2.36897,48.83357],[2.3717,48.83357],[2.3717,48.83537],[2.36897,48.83537],[2.36897,48.83357]]]}},{"type":"Feature","properties":{"ok":1},"geometry":{"type":"Polygon","coordinates":[[[2.36897,48.83537],[2.3717,48.83537],[2.3717,48.83716],[2.36897,48.83716],[2.36897,48.83537]]]}},{"type":"Feature","properties":{"ok":1},"geometry":{"type":"Polygon","coordinates":[[[2.36897,48.83716],[2.3717,48.83716],[2.3717,48.83896],[2.36897,48.83896],[2.36897,48.83716]]]}},{"type":"Feature","properties":{"ok":1},"geometry":{"type":"Polygon","coordinates":[[[2.36897,48.83896],[2.3717,48.83896],[2.3717,48.84076],[2.36897,48.84076],[2.36897,48.83896]]]}},{"type":"Feature","properties":{"ok":1},"geometry":{"type":"Polygon","coordinates":[[[2.36897,48.84076],[2.3717,48.84076],[2.3717,48.84256],[2.36897,48.84256],[2.36897,48.84076]]]}},{"type":"Feature","properties":{"ok":1},"geometry":{"type":"Polygon","coordinates":[[[2.36897,48.84256],[2.3717,48.84256],[2.3717,48.84436],[2.36897,48.84436],[2.36897,48.84256]]]}},{"type":"Feature","properties":{"ok":1},"geometry":{"type":"Polygon","coordinates":[[[2.36897,48.84436],[2.3717,48.84436],[2.3717,48.84616],[2.36897,48.84616],[2.36897,48.84436]]]}},{"type":"Feature","properties":{"ok":1},"geometry":{"type":"Polygon","coordinates":[[[2.36897,48.84616],[2.3717,48.84616],[2.3717,48.84796],[2.36897,48.84796],[2.36897,48.84616]]]}},{"type":"Feature","properties":{"ok":1},"geometry":{"type":"Polygon","coordinates":[[[2.36897,48.84796],[2.3717,48.84796],[2.3717,48.84975],[2.36897,48.84975],[2.36897,48.84796]]]}},{"type":"Feature","properties":{"ok":1},"geometry":{"type":"Polygon","coordinates":[[[2.36897,48.84975],[2.3717,48.84975],[2.3717,48.85155],[2.36897,48.85155],[2.36897,48.84975]]]}},{"type":"Feature","properties":{"ok":1},"geometry":{"type":"Polygon","coordinates":[[[2.36897,48.85155],[2.3717,48.85155],[2.3717,48.85335],[2.36897,48.85335],[2.36897,48.85155]]]}},{"type":"Feature","properties":{"ok":1},"geometry":{"type":"Polygon","coordinates":[[[2.36897,48.85335],[2.3717,48.85335],[2.3717,48.85515],[2.36897,48.85515],[2.36897,48.85335]]]}},{"type":"Feature","properties":{"ok":1},"geometry":{"type":"Polygon","coordinates":[[[2.36897,48.85515],[2.3717,48.85515],[2.3717,48.85695],[2.36897,48.85695],[2.36897,48.85515]]]}},{"type":"Feature","properties":{"ok":1},"geometry":{"type":"Polygon","coordinates":[[[2.36897,48.85695],[2.3717,48.85695],[2.3717,48.85875],[2.36897,48.85875],[2.36897,48.85695]]]}},{"type":"Feature","properties":{"ok":1},"geometry":{"type":"Polygon","coordinates":[[[2.36897,48.85875],[2.3717,48.85875],[2.3717,48.86055],[2.36897,48.86055],[2.36897,48.85875]]]}},{"type":"Feature","properties":{"ok":1},"geometry":{"type":"Polygon","coordinates":[[[2.36897,48.86055],[2.3717,48.86055],[2.3717,48.86234],[2.36897,48.86234],[2.36897,48.86055]]]}},{"type":"Feature","properties":{"ok":1},"geometry":{"type":"Polygon","coordinates":[[[2.36897,48.86234],[2.3717,48.86234],[2.3717,48.86414],[2.36897,48.86414],[2.36897,48.86234]]]}},{"type":"Feature","properties":{"ok":1},"geometry":{"type":"Polygon","coordinates":[[[2.36897,48.86414],[2.3717,48.86414],[2.3717,48.86594],[2.36897,48.86594],[2.36897,48.86414]]]}},{"type":"Feature","properties":{"ok":1},"geometry":{"type":"Polygon","coordinates":[[[2.36897,48.86594],[2.3717,48.86594],[2.3717,48.86774],[2.36897,48.86774],[2.36897,48.86594]]]}},{"type":"Feature","properties":{"ok":1},"geometry":{"type":"Polygon","coordinates":[[[2.36897,48.86774],[2.3717,48.86774],[2.3717,48.86954],[2.36897,48.86954],[2.36897,48.86774]]]}},{"type":"Feature","properties":{"ok":1},"geometry":{"type":"Polygon","coordinates":[[[2.36897,48.86954],[2.3717,48.86954],[2.3717,48.87134],[2.36897,48.87134],[2.36897,48.86954]]]}},{"type":"Feature","properties":{"ok":1},"geometry":{"type":"Polygon","coordinates":[[[2.36897,48.87134],[2.3717,48.87134],[2.3717,48.87314],[2.36897,48.87314],[2.36897,48.87134]]]}},{"type":"Feature","properties":{"ok":1},"geometry":{"type":"Polygon","coordinates":[[[2.36897,48.87314],[2.3717,48.87314],[2.3717,48.87494],[2.36897,48.87494],[2.36897,48.87314]]]}},{"type":"Feature","properties":{"ok":1},"geometry":{"type":"Polygon","coordinates":[[[2.36897,48.87494],[2.3717,48.87494],[2.3717,48.87673],[2.36897,48.87673],[2.36897,48.87494]]]}},{"type":"Feature","properties":{"ok":1},"geometry":{"type":"Polygon","coordinates":[[[2.36897,48.87673],[2.3717,48.87673],[2.3717,48.87853],[2.36897,48.87853],[2.36897,48.87673]]]}},{"type":"Feature","properties":{"ok":1},"geometry":{"type":"Polygon","coordinates":[[[2.36897,48.87853],[2.3717,48.87853],[2.3717,48.88033],[2.36897,48.88033],[2.36897,48.87853]]]}},{"type":"Feature","properties":{"ok":1},"geometry":{"type":"Polygon","coordinates":[[[2.36897,48.88033],[2.3717,48.88033],[2.3717,48.88213],[2.36897,48.88213],[2.36897,48.88033]]]}},{"type":"Feature","properties":{"ok":1},"geometry":{"type":"Polygon","coordinates":[[[2.36897,48.88213],[2.3717,48.88213],[2.3717,48.88393],[2.36897,48.88393],[2.36897,48.88213]]]}},{"type":"Feature","properties":{"ok":1},"geometry":{"type":"Polygon","coordinates":[[[2.36897,48.88393],[2.3717,48.88393],[2.3717,48.88573],[2.36897,48.88573],[2.36897,48.88393]]]}},{"type":"Feature","properties":{"ok":1},"geometry":{"type":"Polygon","coordinates":[[[2.36897,48.88573],[2.3717,48.88573],[2.3717,48.88753],[2.36897,48.88753],[2.36897,48.88573]]]}},{"type":"Feature","properties":{"ok":1},"geometry":{"type":"Polygon","coordinates":[[[2.36897,48.88753],[2.3717,48.88753],[2.3717,48.88932],[2.36897,48.88932],[2.36897,48.88753]]]}},{"type":"Feature","properties":{"ok":1},"geometry":{"type":"Polygon","coordinates":[[[2.36897,48.88932],[2.3717,48.88932],[2.3717,48.89112],[2.36897,48.89112],[2.36897,48.88932]]]}},{"type":"Feature","properties":{"ok":1},"geometry":{"type":"Polygon","coordinates":[[[2.36897,48.89112],[2.3717,48.89112],[2.3717,48.89292],[2.36897,48.89292],[2.36897,48.89112]]]}},{"type":"Feature","properties":{"ok":1},"geometry":{"type":"Polygon","coordinates":[[[2.36897,48.89292],[2.3717,48.89292],[2.3717,48.89472],[2.36897,48.89472],[2.36897,48.89292]]]}},{"type":"Feature","properties":{"ok":1},"geometry":{"type":"Polygon","coordinates":[[[2.36897,48.89472],[2.3717,48.89472],[2.3717,48.89652],[2.36897,48.89652],[2.36897,48.89472]]]}},{"type":"Feature","properties":{"ok":1},"geometry":{"type":"Polygon","coordinates":[[[2.36897,48.89652],[2.3717,48.89652],[2.3717,48.89832],[2.36897,48.89832],[2.36897,48.89652]]]}},{"type":"Feature","properties":{"ok":1},"geometry":{"type":"Polygon","coordinates":[[[2.36897,48.89832],[2.3717,48.89832],[2.3717,48.90012],[2.36897,48.90012],[2.36897,48.89832]]]}},{"type":"Feature","properties":{"ok":1},"geometry":{"type":"Polygon","coordinates":[[[2.36897,48.90012],[2.3717,48.90012],[2.3717,48.90191],[2.36897,48.90191],[2.36897,48.90012]]]}},{"type":"Feature","properties":{"ok":1},"geometry":{"type":"Polygon","coordinates":[[[2.3717,48.81918],[2.37443,48.81918],[2.37443,48.82098],[2.3717,48.82098],[2.3717,48.81918]]]}},{"type":"Feature","properties":{"ok":1},"geometry":{"type":"Polygon","coordinates":[[[2.3717,48.82098],[2.37443,48.82098],[2.37443,48.82277],[2.3717,48.82277],[2.3717,48.82098]]]}},{"type":"Feature","properties":{"ok":1},"geometry":{"type":"Polygon","coordinates":[[[2.3717,48.82277],[2.37443,48.82277],[2.37443,48.82457],[2.3717,48.82457],[2.3717,48.82277]]]}},{"type":"Feature","properties":{"ok":1},"geometry":{"type":"Polygon","coordinates":[[[2.3717,48.82457],[2.37443,48.82457],[2.37443,48.82637],[2.3717,48.82637],[2.3717,48.82457]]]}},{"type":"Feature","properties":{"ok":1},"geometry":{"type":"Polygon","coordinates":[[[2.3717,48.82637],[2.37443,48.82637],[2.37443,48.82817],[2.3717,48.82817],[2.3717,48.82637]]]}},{"type":"Feature","properties":{"ok":1},"geometry":{"type":"Polygon","coordinates":[[[2.3717,48.82817],[2.37443,48.82817],[2.37443,48.82997],[2.3717,48.82997],[2.3717,48.82817]]]}},{"type":"Feature","properties":{"ok":1},"geometry":{"type":"Polygon","coordinates":[[[2.3717,48.82997],[2.37443,48.82997],[2.37443,48.83177],[2.3717,48.83177],[2.3717,48.82997]]]}},{"type":"Feature","properties":{"ok":1},"geometry":{"type":"Polygon","coordinates":[[[2.3717,48.83177],[2.37443,48.83177],[2.37443,48.83357],[2.3717,48.83357],[2.3717,48.83177]]]}},{"type":"Feature","properties":{"ok":1},"geometry":{"type":"Polygon","coordinates":[[[2.3717,48.83357],[2.37443,48.83357],[2.37443,48.83537],[2.3717,48.83537],[2.3717,48.83357]]]}},{"type":"Feature","properties":{"ok":1},"geometry":{"type":"Polygon","coordinates":[[[2.3717,48.83537],[2.37443,48.83537],[2.37443,48.83716],[2.3717,48.83716],[2.3717,48.83537]]]}},{"type":"Feature","properties":{"ok":1},"geometry":{"type":"Polygon","coordinates":[[[2.3717,48.83716],[2.37443,48.83716],[2.37443,48.83896],[2.3717,48.83896],[2.3717,48.83716]]]}},{"type":"Feature","properties":{"ok":1},"geometry":{"type":"Polygon","coordinates":[[[2.3717,48.83896],[2.37443,48.83896],[2.37443,48.84076],[2.3717,48.84076],[2.3717,48.83896]]]}},{"type":"Feature","properties":{"ok":1},"geometry":{"type":"Polygon","coordinates":[[[2.3717,48.84076],[2.37443,48.84076],[2.37443,48.84256],[2.3717,48.84256],[2.3717,48.84076]]]}},{"type":"Feature","properties":{"ok":1},"geometry":{"type":"Polygon","coordinates":[[[2.3717,48.84256],[2.37443,48.84256],[2.37443,48.84436],[2.3717,48.84436],[2.3717,48.84256]]]}},{"type":"Feature","properties":{"ok":1},"geometry":{"type":"Polygon","coordinates":[[[2.3717,48.84436],[2.37443,48.84436],[2.37443,48.84616],[2.3717,48.84616],[2.3717,48.84436]]]}},{"type":"Feature","properties":{"ok":1},"geometry":{"type":"Polygon","coordinates":[[[2.3717,48.84616],[2.37443,48.84616],[2.37443,48.84796],[2.3717,48.84796],[2.3717,48.84616]]]}},{"type":"Feature","properties":{"ok":1},"geometry":{"type":"Polygon","coordinates":[[[2.3717,48.84796],[2.37443,48.84796],[2.37443,48.84975],[2.3717,48.84975],[2.3717,48.84796]]]}},{"type":"Feature","properties":{"ok":1},"geometry":{"type":"Polygon","coordinates":[[[2.3717,48.84975],[2.37443,48.84975],[2.37443,48.85155],[2.3717,48.85155],[2.3717,48.84975]]]}},{"type":"Feature","properties":{"ok":1},"geometry":{"type":"Polygon","coordinates":[[[2.3717,48.85155],[2.37443,48.85155],[2.37443,48.85335],[2.3717,48.85335],[2.3717,48.85155]]]}},{"type":"Feature","properties":{"ok":1},"geometry":{"type":"Polygon","coordinates":[[[2.3717,48.85335],[2.37443,48.85335],[2.37443,48.85515],[2.3717,48.85515],[2.3717,48.85335]]]}},{"type":"Feature","properties":{"ok":1},"geometry":{"type":"Polygon","coordinates":[[[2.3717,48.85515],[2.37443,48.85515],[2.37443,48.85695],[2.3717,48.85695],[2.3717,48.85515]]]}},{"type":"Feature","properties":{"ok":1},"geometry":{"type":"Polygon","coordinates":[[[2.3717,48.85695],[2.37443,48.85695],[2.37443,48.85875],[2.3717,48.85875],[2.3717,48.85695]]]}},{"type":"Feature","properties":{"ok":1},"geometry":{"type":"Polygon","coordinates":[[[2.3717,48.85875],[2.37443,48.85875],[2.37443,48.86055],[2.3717,48.86055],[2.3717,48.85875]]]}},{"type":"Feature","properties":{"ok":1},"geometry":{"type":"Polygon","coordinates":[[[2.3717,48.86055],[2.37443,48.86055],[2.37443,48.86234],[2.3717,48.86234],[2.3717,48.86055]]]}},{"type":"Feature","properties":{"ok":1},"geometry":{"type":"Polygon","coordinates":[[[2.3717,48.86234],[2.37443,48.86234],[2.37443,48.86414],[2.3717,48.86414],[2.3717,48.86234]]]}},{"type":"Feature","properties":{"ok":1},"geometry":{"type":"Polygon","coordinates":[[[2.3717,48.86414],[2.37443,48.86414],[2.37443,48.86594],[2.3717,48.86594],[2.3717,48.86414]]]}},{"type":"Feature","properties":{"ok":1},"geometry":{"type":"Polygon","coordinates":[[[2.3717,48.86594],[2.37443,48.86594],[2.37443,48.86774],[2.3717,48.86774],[2.3717,48.86594]]]}},{"type":"Feature","properties":{"ok":1},"geometry":{"type":"Polygon","coordinates":[[[2.3717,48.86774],[2.37443,48.86774],[2.37443,48.86954],[2.3717,48.86954],[2.3717,48.86774]]]}},{"type":"Feature","properties":{"ok":1},"geometry":{"type":"Polygon","coordinates":[[[2.3717,48.86954],[2.37443,48.86954],[2.37443,48.87134],[2.3717,48.87134],[2.3717,48.86954]]]}},{"type":"Feature","properties":{"ok":1},"geometry":{"type":"Polygon","coordinates":[[[2.3717,48.87134],[2.37443,48.87134],[2.37443,48.87314],[2.3717,48.87314],[2.3717,48.87134]]]}},{"type":"Feature","properties":{"ok":1},"geometry":{"type":"Polygon","coordinates":[[[2.3717,48.87314],[2.37443,48.87314],[2.37443,48.87494],[2.3717,48.87494],[2.3717,48.87314]]]}},{"type":"Feature","properties":{"ok":1},"geometry":{"type":"Polygon","coordinates":[[[2.3717,48.87494],[2.37443,48.87494],[2.37443,48.87673],[2.3717,48.87673],[2.3717,48.87494]]]}},{"type":"Feature","properties":{"ok":1},"geometry":{"type":"Polygon","coordinates":[[[2.3717,48.87673],[2.37443,48.87673],[2.37443,48.87853],[2.3717,48.87853],[2.3717,48.87673]]]}},{"type":"Feature","properties":{"ok":1},"geometry":{"type":"Polygon","coordinates":[[[2.3717,48.87853],[2.37443,48.87853],[2.37443,48.88033],[2.3717,48.88033],[2.3717,48.87853]]]}},{"type":"Feature","properties":{"ok":1},"geometry":{"type":"Polygon","coordinates":[[[2.3717,48.88033],[2.37443,48.88033],[2.37443,48.88213],[2.3717,48.88213],[2.3717,48.88033]]]}},{"type":"Feature","properties":{"ok":1},"geometry":{"type":"Polygon","coordinates":[[[2.3717,48.88213],[2.37443,48.88213],[2.37443,48.88393],[2.3717,48.88393],[2.3717,48.88213]]]}},{"type":"Feature","properties":{"ok":1},"geometry":{"type":"Polygon","coordinates":[[[2.3717,48.88393],[2.37443,48.88393],[2.37443,48.88573],[2.3717,48.88573],[2.3717,48.88393]]]}},{"type":"Feature","properties":{"ok":1},"geometry":{"type":"Polygon","coordinates":[[[2.3717,48.88573],[2.37443,48.88573],[2.37443,48.88753],[2.3717,48.88753],[2.3717,48.88573]]]}},{"type":"Feature","properties":{"ok":1},"geometry":{"type":"Polygon","coordinates":[[[2.3717,48.88753],[2.37443,48.88753],[2.37443,48.88932],[2.3717,48.88932],[2.3717,48.88753]]]}},{"type":"Feature","properties":{"ok":1},"geometry":{"type":"Polygon","coordinates":[[[2.3717,48.88932],[2.37443,48.88932],[2.37443,48.89112],[2.3717,48.89112],[2.3717,48.88932]]]}},{"type":"Feature","properties":{"ok":1},"geometry":{"type":"Polygon","coordinates":[[[2.3717,48.89112],[2.37443,48.89112],[2.37443,48.89292],[2.3717,48.89292],[2.3717,48.89112]]]}},{"type":"Feature","properties":{"ok":1},"geometry":{"type":"Polygon","coordinates":[[[2.3717,48.89292],[2.37443,48.89292],[2.37443,48.89472],[2.3717,48.89472],[2.3717,48.89292]]]}},{"type":"Feature","properties":{"ok":1},"geometry":{"type":"Polygon","coordinates":[[[2.3717,48.89472],[2.37443,48.89472],[2.37443,48.89652],[2.3717,48.89652],[2.3717,48.89472]]]}},{"type":"Feature","properties":{"ok":1},"geometry":{"type":"Polygon","coordinates":[[[2.3717,48.89652],[2.37443,48.89652],[2.37443,48.89832],[2.3717,48.89832],[2.3717,48.89652]]]}},{"type":"Feature","properties":{"ok":1},"geometry":{"type":"Polygon","coordinates":[[[2.3717,48.89832],[2.37443,48.89832],[2.37443,48.90012],[2.3717,48.90012],[2.3717,48.89832]]]}},{"type":"Feature","properties":{"ok":1},"geometry":{"type":"Polygon","coordinates":[[[2.3717,48.90012],[2.37443,48.90012],[2.37443,48.90191],[2.3717,48.90191],[2.3717,48.90012]]]}},{"type":"Feature","properties":{"ok":1},"geometry":{"type":"Polygon","coordinates":[[[2.37443,48.81918],[2.37717,48.81918],[2.37717,48.82098],[2.37443,48.82098],[2.37443,48.81918]]]}},{"type":"Feature","properties":{"ok":1},"geometry":{"type":"Polygon","coordinates":[[[2.37443,48.82098],[2.37717,48.82098],[2.37717,48.82277],[2.37443,48.82277],[2.37443,48.82098]]]}},{"type":"Feature","properties":{"ok":1},"geometry":{"type":"Polygon","coordinates":[[[2.37443,48.82277],[2.37717,48.82277],[2.37717,48.82457],[2.37443,48.82457],[2.37443,48.82277]]]}},{"type":"Feature","properties":{"ok":1},"geometry":{"type":"Polygon","coordinates":[[[2.37443,48.82457],[2.37717,48.82457],[2.37717,48.82637],[2.37443,48.82637],[2.37443,48.82457]]]}},{"type":"Feature","properties":{"ok":1},"geometry":{"type":"Polygon","coordinates":[[[2.37443,48.82637],[2.37717,48.82637],[2.37717,48.82817],[2.37443,48.82817],[2.37443,48.82637]]]}},{"type":"Feature","properties":{"ok":1},"geometry":{"type":"Polygon","coordinates":[[[2.37443,48.82817],[2.37717,48.82817],[2.37717,48.82997],[2.37443,48.82997],[2.37443,48.82817]]]}},{"type":"Feature","properties":{"ok":1},"geometry":{"type":"Polygon","coordinates":[[[2.37443,48.82997],[2.37717,48.82997],[2.37717,48.83177],[2.37443,48.83177],[2.37443,48.82997]]]}},{"type":"Feature","properties":{"ok":1},"geometry":{"type":"Polygon","coordinates":[[[2.37443,48.83177],[2.37717,48.83177],[2.37717,48.83357],[2.37443,48.83357],[2.37443,48.83177]]]}},{"type":"Feature","properties":{"ok":1},"geometry":{"type":"Polygon","coordinates":[[[2.37443,48.83357],[2.37717,48.83357],[2.37717,48.83537],[2.37443,48.83537],[2.37443,48.83357]]]}},{"type":"Feature","properties":{"ok":1},"geometry":{"type":"Polygon","coordinates":[[[2.37443,48.83537],[2.37717,48.83537],[2.37717,48.83716],[2.37443,48.83716],[2.37443,48.83537]]]}},{"type":"Feature","properties":{"ok":1},"geometry":{"type":"Polygon","coordinates":[[[2.37443,48.83716],[2.37717,48.83716],[2.37717,48.83896],[2.37443,48.83896],[2.37443,48.83716]]]}},{"type":"Feature","properties":{"ok":1},"geometry":{"type":"Polygon","coordinates":[[[2.37443,48.83896],[2.37717,48.83896],[2.37717,48.84076],[2.37443,48.84076],[2.37443,48.83896]]]}},{"type":"Feature","properties":{"ok":1},"geometry":{"type":"Polygon","coordinates":[[[2.37443,48.84076],[2.37717,48.84076],[2.37717,48.84256],[2.37443,48.84256],[2.37443,48.84076]]]}},{"type":"Feature","properties":{"ok":1},"geometry":{"type":"Polygon","coordinates":[[[2.37443,48.84256],[2.37717,48.84256],[2.37717,48.84436],[2.37443,48.84436],[2.37443,48.84256]]]}},{"type":"Feature","properties":{"ok":1},"geometry":{"type":"Polygon","coordinates":[[[2.37443,48.84436],[2.37717,48.84436],[2.37717,48.84616],[2.37443,48.84616],[2.37443,48.84436]]]}},{"type":"Feature","properties":{"ok":1},"geometry":{"type":"Polygon","coordinates":[[[2.37443,48.84616],[2.37717,48.84616],[2.37717,48.84796],[2.37443,48.84796],[2.37443,48.84616]]]}},{"type":"Feature","properties":{"ok":1},"geometry":{"type":"Polygon","coordinates":[[[2.37443,48.84796],[2.37717,48.84796],[2.37717,48.84975],[2.37443,48.84975],[2.37443,48.84796]]]}},{"type":"Feature","properties":{"ok":1},"geometry":{"type":"Polygon","coordinates":[[[2.37443,48.84975],[2.37717,48.84975],[2.37717,48.85155],[2.37443,48.85155],[2.37443,48.84975]]]}},{"type":"Feature","properties":{"ok":1},"geometry":{"type":"Polygon","coordinates":[[[2.37443,48.85155],[2.37717,48.85155],[2.37717,48.85335],[2.37443,48.85335],[2.37443,48.85155]]]}},{"type":"Feature","properties":{"ok":1},"geometry":{"type":"Polygon","coordinates":[[[2.37443,48.85335],[2.37717,48.85335],[2.37717,48.85515],[2.37443,48.85515],[2.37443,48.85335]]]}},{"type":"Feature","properties":{"ok":1},"geometry":{"type":"Polygon","coordinates":[[[2.37443,48.85515],[2.37717,48.85515],[2.37717,48.85695],[2.37443,48.85695],[2.37443,48.85515]]]}},{"type":"Feature","properties":{"ok":1},"geometry":{"type":"Polygon","coordinates":[[[2.37443,48.85695],[2.37717,48.85695],[2.37717,48.85875],[2.37443,48.85875],[2.37443,48.85695]]]}},{"type":"Feature","properties":{"ok":1},"geometry":{"type":"Polygon","coordinates":[[[2.37443,48.85875],[2.37717,48.85875],[2.37717,48.86055],[2.37443,48.86055],[2.37443,48.85875]]]}},{"type":"Feature","properties":{"ok":1},"geometry":{"type":"Polygon","coordinates":[[[2.37443,48.86055],[2.37717,48.86055],[2.37717,48.86234],[2.37443,48.86234],[2.37443,48.86055]]]}},{"type":"Feature","properties":{"ok":1},"geometry":{"type":"Polygon","coordinates":[[[2.37443,48.86234],[2.37717,48.86234],[2.37717,48.86414],[2.37443,48.86414],[2.37443,48.86234]]]}},{"type":"Feature","properties":{"ok":1},"geometry":{"type":"Polygon","coordinates":[[[2.37443,48.86414],[2.37717,48.86414],[2.37717,48.86594],[2.37443,48.86594],[2.37443,48.86414]]]}},{"type":"Feature","properties":{"ok":1},"geometry":{"type":"Polygon","coordinates":[[[2.37443,48.86594],[2.37717,48.86594],[2.37717,48.86774],[2.37443,48.86774],[2.37443,48.86594]]]}},{"type":"Feature","properties":{"ok":1},"geometry":{"type":"Polygon","coordinates":[[[2.37443,48.86774],[2.37717,48.86774],[2.37717,48.86954],[2.37443,48.86954],[2.37443,48.86774]]]}},{"type":"Feature","properties":{"ok":1},"geometry":{"type":"Polygon","coordinates":[[[2.37443,48.86954],[2.37717,48.86954],[2.37717,48.87134],[2.37443,48.87134],[2.37443,48.86954]]]}},{"type":"Feature","properties":{"ok":1},"geometry":{"type":"Polygon","coordinates":[[[2.37443,48.87134],[2.37717,48.87134],[2.37717,48.87314],[2.37443,48.87314],[2.37443,48.87134]]]}},{"type":"Feature","properties":{"ok":1},"geometry":{"type":"Polygon","coordinates":[[[2.37443,48.87314],[2.37717,48.87314],[2.37717,48.87494],[2.37443,48.87494],[2.37443,48.87314]]]}},{"type":"Feature","properties":{"ok":1},"geometry":{"type":"Polygon","coordinates":[[[2.37443,48.87494],[2.37717,48.87494],[2.37717,48.87673],[2.37443,48.87673],[2.37443,48.87494]]]}},{"type":"Feature","properties":{"ok":1},"geometry":{"type":"Polygon","coordinates":[[[2.37443,48.87673],[2.37717,48.87673],[2.37717,48.87853],[2.37443,48.87853],[2.37443,48.87673]]]}},{"type":"Feature","properties":{"ok":1},"geometry":{"type":"Polygon","coordinates":[[[2.37443,48.87853],[2.37717,48.87853],[2.37717,48.88033],[2.37443,48.88033],[2.37443,48.87853]]]}},{"type":"Feature","properties":{"ok":1},"geometry":{"type":"Polygon","coordinates":[[[2.37443,48.88033],[2.37717,48.88033],[2.37717,48.88213],[2.37443,48.88213],[2.37443,48.88033]]]}},{"type":"Feature","properties":{"ok":1},"geometry":{"type":"Polygon","coordinates":[[[2.37443,48.88213],[2.37717,48.88213],[2.37717,48.88393],[2.37443,48.88393],[2.37443,48.88213]]]}},{"type":"Feature","properties":{"ok":1},"geometry":{"type":"Polygon","coordinates":[[[2.37443,48.88393],[2.37717,48.88393],[2.37717,48.88573],[2.37443,48.88573],[2.37443,48.88393]]]}},{"type":"Feature","properties":{"ok":1},"geometry":{"type":"Polygon","coordinates":[[[2.37443,48.88573],[2.37717,48.88573],[2.37717,48.88753],[2.37443,48.88753],[2.37443,48.88573]]]}},{"type":"Feature","properties":{"ok":1},"geometry":{"type":"Polygon","coordinates":[[[2.37443,48.88753],[2.37717,48.88753],[2.37717,48.88932],[2.37443,48.88932],[2.37443,48.88753]]]}},{"type":"Feature","properties":{"ok":1},"geometry":{"type":"Polygon","coordinates":[[[2.37443,48.88932],[2.37717,48.88932],[2.37717,48.89112],[2.37443,48.89112],[2.37443,48.88932]]]}},{"type":"Feature","properties":{"ok":1},"geometry":{"type":"Polygon","coordinates":[[[2.37443,48.89112],[2.37717,48.89112],[2.37717,48.89292],[2.37443,48.89292],[2.37443,48.89112]]]}},{"type":"Feature","properties":{"ok":1},"geometry":{"type":"Polygon","coordinates":[[[2.37443,48.89292],[2.37717,48.89292],[2.37717,48.89472],[2.37443,48.89472],[2.37443,48.89292]]]}},{"type":"Feature","properties":{"ok":1},"geometry":{"type":"Polygon","coordinates":[[[2.37443,48.89472],[2.37717,48.89472],[2.37717,48.89652],[2.37443,48.89652],[2.37443,48.89472]]]}},{"type":"Feature","properties":{"ok":1},"geometry":{"type":"Polygon","coordinates":[[[2.37443,48.89652],[2.37717,48.89652],[2.37717,48.89832],[2.37443,48.89832],[2.37443,48.89652]]]}},{"type":"Feature","properties":{"ok":1},"geometry":{"type":"Polygon","coordinates":[[[2.37443,48.89832],[2.37717,48.89832],[2.37717,48.90012],[2.37443,48.90012],[2.37443,48.89832]]]}},{"type":"Feature","properties":{"ok":1},"geometry":{"type":"Polygon","coordinates":[[[2.37443,48.90012],[2.37717,48.90012],[2.37717,48.90191],[2.37443,48.90191],[2.37443,48.90012]]]}},{"type":"Feature","properties":{"ok":1},"geometry":{"type":"Polygon","coordinates":[[[2.37717,48.82098],[2.3799,48.82098],[2.3799,48.82277],[2.37717,48.82277],[2.37717,48.82098]]]}},{"type":"Feature","properties":{"ok":1},"geometry":{"type":"Polygon","coordinates":[[[2.37717,48.82277],[2.3799,48.82277],[2.3799,48.82457],[2.37717,48.82457],[2.37717,48.82277]]]}},{"type":"Feature","properties":{"ok":1},"geometry":{"type":"Polygon","coordinates":[[[2.37717,48.82457],[2.3799,48.82457],[2.3799,48.82637],[2.37717,48.82637],[2.37717,48.82457]]]}},{"type":"Feature","properties":{"ok":1},"geometry":{"type":"Polygon","coordinates":[[[2.37717,48.82637],[2.3799,48.82637],[2.3799,48.82817],[2.37717,48.82817],[2.37717,48.82637]]]}},{"type":"Feature","properties":{"ok":1},"geometry":{"type":"Polygon","coordinates":[[[2.37717,48.82817],[2.3799,48.82817],[2.3799,48.82997],[2.37717,48.82997],[2.37717,48.82817]]]}},{"type":"Feature","properties":{"ok":1},"geometry":{"type":"Polygon","coordinates":[[[2.37717,48.82997],[2.3799,48.82997],[2.3799,48.83177],[2.37717,48.83177],[2.37717,48.82997]]]}},{"type":"Feature","properties":{"ok":1},"geometry":{"type":"Polygon","coordinates":[[[2.37717,48.83177],[2.3799,48.83177],[2.3799,48.83357],[2.37717,48.83357],[2.37717,48.83177]]]}},{"type":"Feature","properties":{"ok":1},"geometry":{"type":"Polygon","coordinates":[[[2.37717,48.83357],[2.3799,48.83357],[2.3799,48.83537],[2.37717,48.83537],[2.37717,48.83357]]]}},{"type":"Feature","properties":{"ok":1},"geometry":{"type":"Polygon","coordinates":[[[2.37717,48.83537],[2.3799,48.83537],[2.3799,48.83716],[2.37717,48.83716],[2.37717,48.83537]]]}},{"type":"Feature","properties":{"ok":1},"geometry":{"type":"Polygon","coordinates":[[[2.37717,48.83716],[2.3799,48.83716],[2.3799,48.83896],[2.37717,48.83896],[2.37717,48.83716]]]}},{"type":"Feature","properties":{"ok":1},"geometry":{"type":"Polygon","coordinates":[[[2.37717,48.83896],[2.3799,48.83896],[2.3799,48.84076],[2.37717,48.84076],[2.37717,48.83896]]]}},{"type":"Feature","properties":{"ok":1},"geometry":{"type":"Polygon","coordinates":[[[2.37717,48.84076],[2.3799,48.84076],[2.3799,48.84256],[2.37717,48.84256],[2.37717,48.84076]]]}},{"type":"Feature","properties":{"ok":1},"geometry":{"type":"Polygon","coordinates":[[[2.37717,48.84256],[2.3799,48.84256],[2.3799,48.84436],[2.37717,48.84436],[2.37717,48.84256]]]}},{"type":"Feature","properties":{"ok":1},"geometry":{"type":"Polygon","coordinates":[[[2.37717,48.84436],[2.3799,48.84436],[2.3799,48.84616],[2.37717,48.84616],[2.37717,48.84436]]]}},{"type":"Feature","properties":{"ok":1},"geometry":{"type":"Polygon","coordinates":[[[2.37717,48.84616],[2.3799,48.84616],[2.3799,48.84796],[2.37717,48.84796],[2.37717,48.84616]]]}},{"type":"Feature","properties":{"ok":1},"geometry":{"type":"Polygon","coordinates":[[[2.37717,48.84796],[2.3799,48.84796],[2.3799,48.84975],[2.37717,48.84975],[2.37717,48.84796]]]}},{"type":"Feature","properties":{"ok":1},"geometry":{"type":"Polygon","coordinates":[[[2.37717,48.84975],[2.3799,48.84975],[2.3799,48.85155],[2.37717,48.85155],[2.37717,48.84975]]]}},{"type":"Feature","properties":{"ok":1},"geometry":{"type":"Polygon","coordinates":[[[2.37717,48.85155],[2.3799,48.85155],[2.3799,48.85335],[2.37717,48.85335],[2.37717,48.85155]]]}},{"type":"Feature","properties":{"ok":1},"geometry":{"type":"Polygon","coordinates":[[[2.37717,48.85335],[2.3799,48.85335],[2.3799,48.85515],[2.37717,48.85515],[2.37717,48.85335]]]}},{"type":"Feature","properties":{"ok":1},"geometry":{"type":"Polygon","coordinates":[[[2.37717,48.85515],[2.3799,48.85515],[2.3799,48.85695],[2.37717,48.85695],[2.37717,48.85515]]]}},{"type":"Feature","properties":{"ok":1},"geometry":{"type":"Polygon","coordinates":[[[2.37717,48.85695],[2.3799,48.85695],[2.3799,48.85875],[2.37717,48.85875],[2.37717,48.85695]]]}},{"type":"Feature","properties":{"ok":1},"geometry":{"type":"Polygon","coordinates":[[[2.37717,48.85875],[2.3799,48.85875],[2.3799,48.86055],[2.37717,48.86055],[2.37717,48.85875]]]}},{"type":"Feature","properties":{"ok":1},"geometry":{"type":"Polygon","coordinates":[[[2.37717,48.86055],[2.3799,48.86055],[2.3799,48.86234],[2.37717,48.86234],[2.37717,48.86055]]]}},{"type":"Feature","properties":{"ok":1},"geometry":{"type":"Polygon","coordinates":[[[2.37717,48.86234],[2.3799,48.86234],[2.3799,48.86414],[2.37717,48.86414],[2.37717,48.86234]]]}},{"type":"Feature","properties":{"ok":1},"geometry":{"type":"Polygon","coordinates":[[[2.37717,48.86414],[2.3799,48.86414],[2.3799,48.86594],[2.37717,48.86594],[2.37717,48.86414]]]}},{"type":"Feature","properties":{"ok":1},"geometry":{"type":"Polygon","coordinates":[[[2.37717,48.86594],[2.3799,48.86594],[2.3799,48.86774],[2.37717,48.86774],[2.37717,48.86594]]]}},{"type":"Feature","properties":{"ok":1},"geometry":{"type":"Polygon","coordinates":[[[2.37717,48.86774],[2.3799,48.86774],[2.3799,48.86954],[2.37717,48.86954],[2.37717,48.86774]]]}},{"type":"Feature","properties":{"ok":1},"geometry":{"type":"Polygon","coordinates":[[[2.37717,48.86954],[2.3799,48.86954],[2.3799,48.87134],[2.37717,48.87134],[2.37717,48.86954]]]}},{"type":"Feature","properties":{"ok":1},"geometry":{"type":"Polygon","coordinates":[[[2.37717,48.87134],[2.3799,48.87134],[2.3799,48.87314],[2.37717,48.87314],[2.37717,48.87134]]]}},{"type":"Feature","properties":{"ok":1},"geometry":{"type":"Polygon","coordinates":[[[2.37717,48.87314],[2.3799,48.87314],[2.3799,48.87494],[2.37717,48.87494],[2.37717,48.87314]]]}},{"type":"Feature","properties":{"ok":1},"geometry":{"type":"Polygon","coordinates":[[[2.37717,48.87494],[2.3799,48.87494],[2.3799,48.87673],[2.37717,48.87673],[2.37717,48.87494]]]}},{"type":"Feature","properties":{"ok":1},"geometry":{"type":"Polygon","coordinates":[[[2.37717,48.87673],[2.3799,48.87673],[2.3799,48.87853],[2.37717,48.87853],[2.37717,48.87673]]]}},{"type":"Feature","properties":{"ok":1},"geometry":{"type":"Polygon","coordinates":[[[2.37717,48.87853],[2.3799,48.87853],[2.3799,48.88033],[2.37717,48.88033],[2.37717,48.87853]]]}},{"type":"Feature","properties":{"ok":1},"geometry":{"type":"Polygon","coordinates":[[[2.37717,48.88033],[2.3799,48.88033],[2.3799,48.88213],[2.37717,48.88213],[2.37717,48.88033]]]}},{"type":"Feature","properties":{"ok":1},"geometry":{"type":"Polygon","coordinates":[[[2.37717,48.88213],[2.3799,48.88213],[2.3799,48.88393],[2.37717,48.88393],[2.37717,48.88213]]]}},{"type":"Feature","properties":{"ok":1},"geometry":{"type":"Polygon","coordinates":[[[2.37717,48.88393],[2.3799,48.88393],[2.3799,48.88573],[2.37717,48.88573],[2.37717,48.88393]]]}},{"type":"Feature","properties":{"ok":1},"geometry":{"type":"Polygon","coordinates":[[[2.37717,48.88573],[2.3799,48.88573],[2.3799,48.88753],[2.37717,48.88753],[2.37717,48.88573]]]}},{"type":"Feature","properties":{"ok":1},"geometry":{"type":"Polygon","coordinates":[[[2.37717,48.88753],[2.3799,48.88753],[2.3799,48.88932],[2.37717,48.88932],[2.37717,48.88753]]]}},{"type":"Feature","properties":{"ok":1},"geometry":{"type":"Polygon","coordinates":[[[2.37717,48.88932],[2.3799,48.88932],[2.3799,48.89112],[2.37717,48.89112],[2.37717,48.88932]]]}},{"type":"Feature","properties":{"ok":1},"geometry":{"type":"Polygon","coordinates":[[[2.37717,48.89112],[2.3799,48.89112],[2.3799,48.89292],[2.37717,48.89292],[2.37717,48.89112]]]}},{"type":"Feature","properties":{"ok":1},"geometry":{"type":"Polygon","coordinates":[[[2.37717,48.89292],[2.3799,48.89292],[2.3799,48.89472],[2.37717,48.89472],[2.37717,48.89292]]]}},{"type":"Feature","properties":{"ok":1},"geometry":{"type":"Polygon","coordinates":[[[2.37717,48.89472],[2.3799,48.89472],[2.3799,48.89652],[2.37717,48.89652],[2.37717,48.89472]]]}},{"type":"Feature","properties":{"ok":1},"geometry":{"type":"Polygon","coordinates":[[[2.37717,48.89652],[2.3799,48.89652],[2.3799,48.89832],[2.37717,48.89832],[2.37717,48.89652]]]}},{"type":"Feature","properties":{"ok":1},"geometry":{"type":"Polygon","coordinates":[[[2.37717,48.89832],[2.3799,48.89832],[2.3799,48.90012],[2.37717,48.90012],[2.37717,48.89832]]]}},{"type":"Feature","properties":{"ok":1},"geometry":{"type":"Polygon","coordinates":[[[2.37717,48.90012],[2.3799,48.90012],[2.3799,48.90191],[2.37717,48.90191],[2.37717,48.90012]]]}},{"type":"Feature","properties":{"ok":1},"geometry":{"type":"Polygon","coordinates":[[[2.3799,48.82277],[2.38264,48.82277],[2.38264,48.82457],[2.3799,48.82457],[2.3799,48.82277]]]}},{"type":"Feature","properties":{"ok":1},"geometry":{"type":"Polygon","coordinates":[[[2.3799,48.82457],[2.38264,48.82457],[2.38264,48.82637],[2.3799,48.82637],[2.3799,48.82457]]]}},{"type":"Feature","properties":{"ok":1},"geometry":{"type":"Polygon","coordinates":[[[2.3799,48.82637],[2.38264,48.82637],[2.38264,48.82817],[2.3799,48.82817],[2.3799,48.82637]]]}},{"type":"Feature","properties":{"ok":1},"geometry":{"type":"Polygon","coordinates":[[[2.3799,48.82817],[2.38264,48.82817],[2.38264,48.82997],[2.3799,48.82997],[2.3799,48.82817]]]}},{"type":"Feature","properties":{"ok":1},"geometry":{"type":"Polygon","coordinates":[[[2.3799,48.82997],[2.38264,48.82997],[2.38264,48.83177],[2.3799,48.83177],[2.3799,48.82997]]]}},{"type":"Feature","properties":{"ok":1},"geometry":{"type":"Polygon","coordinates":[[[2.3799,48.83177],[2.38264,48.83177],[2.38264,48.83357],[2.3799,48.83357],[2.3799,48.83177]]]}},{"type":"Feature","properties":{"ok":1},"geometry":{"type":"Polygon","coordinates":[[[2.3799,48.83357],[2.38264,48.83357],[2.38264,48.83537],[2.3799,48.83537],[2.3799,48.83357]]]}},{"type":"Feature","properties":{"ok":1},"geometry":{"type":"Polygon","coordinates":[[[2.3799,48.83537],[2.38264,48.83537],[2.38264,48.83716],[2.3799,48.83716],[2.3799,48.83537]]]}},{"type":"Feature","properties":{"ok":1},"geometry":{"type":"Polygon","coordinates":[[[2.3799,48.83716],[2.38264,48.83716],[2.38264,48.83896],[2.3799,48.83896],[2.3799,48.83716]]]}},{"type":"Feature","properties":{"ok":1},"geometry":{"type":"Polygon","coordinates":[[[2.3799,48.83896],[2.38264,48.83896],[2.38264,48.84076],[2.3799,48.84076],[2.3799,48.83896]]]}},{"type":"Feature","properties":{"ok":1},"geometry":{"type":"Polygon","coordinates":[[[2.3799,48.84076],[2.38264,48.84076],[2.38264,48.84256],[2.3799,48.84256],[2.3799,48.84076]]]}},{"type":"Feature","properties":{"ok":1},"geometry":{"type":"Polygon","coordinates":[[[2.3799,48.84256],[2.38264,48.84256],[2.38264,48.84436],[2.3799,48.84436],[2.3799,48.84256]]]}},{"type":"Feature","properties":{"ok":1},"geometry":{"type":"Polygon","coordinates":[[[2.3799,48.84436],[2.38264,48.84436],[2.38264,48.84616],[2.3799,48.84616],[2.3799,48.84436]]]}},{"type":"Feature","properties":{"ok":1},"geometry":{"type":"Polygon","coordinates":[[[2.3799,48.84616],[2.38264,48.84616],[2.38264,48.84796],[2.3799,48.84796],[2.3799,48.84616]]]}},{"type":"Feature","properties":{"ok":1},"geometry":{"type":"Polygon","coordinates":[[[2.3799,48.84796],[2.38264,48.84796],[2.38264,48.84975],[2.3799,48.84975],[2.3799,48.84796]]]}},{"type":"Feature","properties":{"ok":1},"geometry":{"type":"Polygon","coordinates":[[[2.3799,48.84975],[2.38264,48.84975],[2.38264,48.85155],[2.3799,48.85155],[2.3799,48.84975]]]}},{"type":"Feature","properties":{"ok":1},"geometry":{"type":"Polygon","coordinates":[[[2.3799,48.85155],[2.38264,48.85155],[2.38264,48.85335],[2.3799,48.85335],[2.3799,48.85155]]]}},{"type":"Feature","properties":{"ok":1},"geometry":{"type":"Polygon","coordinates":[[[2.3799,48.85335],[2.38264,48.85335],[2.38264,48.85515],[2.3799,48.85515],[2.3799,48.85335]]]}},{"type":"Feature","properties":{"ok":1},"geometry":{"type":"Polygon","coordinates":[[[2.3799,48.85515],[2.38264,48.85515],[2.38264,48.85695],[2.3799,48.85695],[2.3799,48.85515]]]}},{"type":"Feature","properties":{"ok":1},"geometry":{"type":"Polygon","coordinates":[[[2.3799,48.85695],[2.38264,48.85695],[2.38264,48.85875],[2.3799,48.85875],[2.3799,48.85695]]]}},{"type":"Feature","properties":{"ok":1},"geometry":{"type":"Polygon","coordinates":[[[2.3799,48.85875],[2.38264,48.85875],[2.38264,48.86055],[2.3799,48.86055],[2.3799,48.85875]]]}},{"type":"Feature","properties":{"ok":1},"geometry":{"type":"Polygon","coordinates":[[[2.3799,48.86055],[2.38264,48.86055],[2.38264,48.86234],[2.3799,48.86234],[2.3799,48.86055]]]}},{"type":"Feature","properties":{"ok":1},"geometry":{"type":"Polygon","coordinates":[[[2.3799,48.86234],[2.38264,48.86234],[2.38264,48.86414],[2.3799,48.86414],[2.3799,48.86234]]]}},{"type":"Feature","properties":{"ok":1},"geometry":{"type":"Polygon","coordinates":[[[2.3799,48.86414],[2.38264,48.86414],[2.38264,48.86594],[2.3799,48.86594],[2.3799,48.86414]]]}},{"type":"Feature","properties":{"ok":1},"geometry":{"type":"Polygon","coordinates":[[[2.3799,48.86594],[2.38264,48.86594],[2.38264,48.86774],[2.3799,48.86774],[2.3799,48.86594]]]}},{"type":"Feature","properties":{"ok":1},"geometry":{"type":"Polygon","coordinates":[[[2.3799,48.86774],[2.38264,48.86774],[2.38264,48.86954],[2.3799,48.86954],[2.3799,48.86774]]]}},{"type":"Feature","properties":{"ok":1},"geometry":{"type":"Polygon","coordinates":[[[2.3799,48.86954],[2.38264,48.86954],[2.38264,48.87134],[2.3799,48.87134],[2.3799,48.86954]]]}},{"type":"Feature","properties":{"ok":1},"geometry":{"type":"Polygon","coordinates":[[[2.3799,48.87134],[2.38264,48.87134],[2.38264,48.87314],[2.3799,48.87314],[2.3799,48.87134]]]}},{"type":"Feature","properties":{"ok":1},"geometry":{"type":"Polygon","coordinates":[[[2.3799,48.87314],[2.38264,48.87314],[2.38264,48.87494],[2.3799,48.87494],[2.3799,48.87314]]]}},{"type":"Feature","properties":{"ok":1},"geometry":{"type":"Polygon","coordinates":[[[2.3799,48.87494],[2.38264,48.87494],[2.38264,48.87673],[2.3799,48.87673],[2.3799,48.87494]]]}},{"type":"Feature","properties":{"ok":1},"geometry":{"type":"Polygon","coordinates":[[[2.3799,48.87673],[2.38264,48.87673],[2.38264,48.87853],[2.3799,48.87853],[2.3799,48.87673]]]}},{"type":"Feature","properties":{"ok":1},"geometry":{"type":"Polygon","coordinates":[[[2.3799,48.87853],[2.38264,48.87853],[2.38264,48.88033],[2.3799,48.88033],[2.3799,48.87853]]]}},{"type":"Feature","properties":{"ok":1},"geometry":{"type":"Polygon","coordinates":[[[2.3799,48.88033],[2.38264,48.88033],[2.38264,48.88213],[2.3799,48.88213],[2.3799,48.88033]]]}},{"type":"Feature","properties":{"ok":1},"geometry":{"type":"Polygon","coordinates":[[[2.3799,48.88213],[2.38264,48.88213],[2.38264,48.88393],[2.3799,48.88393],[2.3799,48.88213]]]}},{"type":"Feature","properties":{"ok":1},"geometry":{"type":"Polygon","coordinates":[[[2.3799,48.88393],[2.38264,48.88393],[2.38264,48.88573],[2.3799,48.88573],[2.3799,48.88393]]]}},{"type":"Feature","properties":{"ok":1},"geometry":{"type":"Polygon","coordinates":[[[2.3799,48.88573],[2.38264,48.88573],[2.38264,48.88753],[2.3799,48.88753],[2.3799,48.88573]]]}},{"type":"Feature","properties":{"ok":1},"geometry":{"type":"Polygon","coordinates":[[[2.3799,48.88753],[2.38264,48.88753],[2.38264,48.88932],[2.3799,48.88932],[2.3799,48.88753]]]}},{"type":"Feature","properties":{"ok":1},"geometry":{"type":"Polygon","coordinates":[[[2.3799,48.88932],[2.38264,48.88932],[2.38264,48.89112],[2.3799,48.89112],[2.3799,48.88932]]]}},{"type":"Feature","properties":{"ok":1},"geometry":{"type":"Polygon","coordinates":[[[2.3799,48.89112],[2.38264,48.89112],[2.38264,48.89292],[2.3799,48.89292],[2.3799,48.89112]]]}},{"type":"Feature","properties":{"ok":1},"geometry":{"type":"Polygon","coordinates":[[[2.3799,48.89292],[2.38264,48.89292],[2.38264,48.89472],[2.3799,48.89472],[2.3799,48.89292]]]}},{"type":"Feature","properties":{"ok":1},"geometry":{"type":"Polygon","coordinates":[[[2.3799,48.89472],[2.38264,48.89472],[2.38264,48.89652],[2.3799,48.89652],[2.3799,48.89472]]]}},{"type":"Feature","properties":{"ok":1},"geometry":{"type":"Polygon","coordinates":[[[2.3799,48.89652],[2.38264,48.89652],[2.38264,48.89832],[2.3799,48.89832],[2.3799,48.89652]]]}},{"type":"Feature","properties":{"ok":1},"geometry":{"type":"Polygon","coordinates":[[[2.3799,48.89832],[2.38264,48.89832],[2.38264,48.90012],[2.3799,48.90012],[2.3799,48.89832]]]}},{"type":"Feature","properties":{"ok":1},"geometry":{"type":"Polygon","coordinates":[[[2.3799,48.90012],[2.38264,48.90012],[2.38264,48.90191],[2.3799,48.90191],[2.3799,48.90012]]]}},{"type":"Feature","properties":{"ok":1},"geometry":{"type":"Polygon","coordinates":[[[2.38264,48.82277],[2.38537,48.82277],[2.38537,48.82457],[2.38264,48.82457],[2.38264,48.82277]]]}},{"type":"Feature","properties":{"ok":1},"geometry":{"type":"Polygon","coordinates":[[[2.38264,48.82457],[2.38537,48.82457],[2.38537,48.82637],[2.38264,48.82637],[2.38264,48.82457]]]}},{"type":"Feature","properties":{"ok":1},"geometry":{"type":"Polygon","coordinates":[[[2.38264,48.82637],[2.38537,48.82637],[2.38537,48.82817],[2.38264,48.82817],[2.38264,48.82637]]]}},{"type":"Feature","properties":{"ok":1},"geometry":{"type":"Polygon","coordinates":[[[2.38264,48.82817],[2.38537,48.82817],[2.38537,48.82997],[2.38264,48.82997],[2.38264,48.82817]]]}},{"type":"Feature","properties":{"ok":1},"geometry":{"type":"Polygon","coordinates":[[[2.38264,48.82997],[2.38537,48.82997],[2.38537,48.83177],[2.38264,48.83177],[2.38264,48.82997]]]}},{"type":"Feature","properties":{"ok":1},"geometry":{"type":"Polygon","coordinates":[[[2.38264,48.83177],[2.38537,48.83177],[2.38537,48.83357],[2.38264,48.83357],[2.38264,48.83177]]]}},{"type":"Feature","properties":{"ok":1},"geometry":{"type":"Polygon","coordinates":[[[2.38264,48.83357],[2.38537,48.83357],[2.38537,48.83537],[2.38264,48.83537],[2.38264,48.83357]]]}},{"type":"Feature","properties":{"ok":1},"geometry":{"type":"Polygon","coordinates":[[[2.38264,48.83537],[2.38537,48.83537],[2.38537,48.83716],[2.38264,48.83716],[2.38264,48.83537]]]}},{"type":"Feature","properties":{"ok":1},"geometry":{"type":"Polygon","coordinates":[[[2.38264,48.83716],[2.38537,48.83716],[2.38537,48.83896],[2.38264,48.83896],[2.38264,48.83716]]]}},{"type":"Feature","properties":{"ok":1},"geometry":{"type":"Polygon","coordinates":[[[2.38264,48.83896],[2.38537,48.83896],[2.38537,48.84076],[2.38264,48.84076],[2.38264,48.83896]]]}},{"type":"Feature","properties":{"ok":1},"geometry":{"type":"Polygon","coordinates":[[[2.38264,48.84076],[2.38537,48.84076],[2.38537,48.84256],[2.38264,48.84256],[2.38264,48.84076]]]}},{"type":"Feature","properties":{"ok":1},"geometry":{"type":"Polygon","coordinates":[[[2.38264,48.84256],[2.38537,48.84256],[2.38537,48.84436],[2.38264,48.84436],[2.38264,48.84256]]]}},{"type":"Feature","properties":{"ok":1},"geometry":{"type":"Polygon","coordinates":[[[2.38264,48.84436],[2.38537,48.84436],[2.38537,48.84616],[2.38264,48.84616],[2.38264,48.84436]]]}},{"type":"Feature","properties":{"ok":1},"geometry":{"type":"Polygon","coordinates":[[[2.38264,48.84616],[2.38537,48.84616],[2.38537,48.84796],[2.38264,48.84796],[2.38264,48.84616]]]}},{"type":"Feature","properties":{"ok":1},"geometry":{"type":"Polygon","coordinates":[[[2.38264,48.84796],[2.38537,48.84796],[2.38537,48.84975],[2.38264,48.84975],[2.38264,48.84796]]]}},{"type":"Feature","properties":{"ok":1},"geometry":{"type":"Polygon","coordinates":[[[2.38264,48.84975],[2.38537,48.84975],[2.38537,48.85155],[2.38264,48.85155],[2.38264,48.84975]]]}},{"type":"Feature","properties":{"ok":1},"geometry":{"type":"Polygon","coordinates":[[[2.38264,48.85155],[2.38537,48.85155],[2.38537,48.85335],[2.38264,48.85335],[2.38264,48.85155]]]}},{"type":"Feature","properties":{"ok":1},"geometry":{"type":"Polygon","coordinates":[[[2.38264,48.85335],[2.38537,48.85335],[2.38537,48.85515],[2.38264,48.85515],[2.38264,48.85335]]]}},{"type":"Feature","properties":{"ok":1},"geometry":{"type":"Polygon","coordinates":[[[2.38264,48.85515],[2.38537,48.85515],[2.38537,48.85695],[2.38264,48.85695],[2.38264,48.85515]]]}},{"type":"Feature","properties":{"ok":1},"geometry":{"type":"Polygon","coordinates":[[[2.38264,48.85695],[2.38537,48.85695],[2.38537,48.85875],[2.38264,48.85875],[2.38264,48.85695]]]}},{"type":"Feature","properties":{"ok":1},"geometry":{"type":"Polygon","coordinates":[[[2.38264,48.85875],[2.38537,48.85875],[2.38537,48.86055],[2.38264,48.86055],[2.38264,48.85875]]]}},{"type":"Feature","properties":{"ok":1},"geometry":{"type":"Polygon","coordinates":[[[2.38264,48.86055],[2.38537,48.86055],[2.38537,48.86234],[2.38264,48.86234],[2.38264,48.86055]]]}},{"type":"Feature","properties":{"ok":1},"geometry":{"type":"Polygon","coordinates":[[[2.38264,48.86234],[2.38537,48.86234],[2.38537,48.86414],[2.38264,48.86414],[2.38264,48.86234]]]}},{"type":"Feature","properties":{"ok":1},"geometry":{"type":"Polygon","coordinates":[[[2.38264,48.86414],[2.38537,48.86414],[2.38537,48.86594],[2.38264,48.86594],[2.38264,48.86414]]]}},{"type":"Feature","properties":{"ok":1},"geometry":{"type":"Polygon","coordinates":[[[2.38264,48.86594],[2.38537,48.86594],[2.38537,48.86774],[2.38264,48.86774],[2.38264,48.86594]]]}},{"type":"Feature","properties":{"ok":1},"geometry":{"type":"Polygon","coordinates":[[[2.38264,48.86774],[2.38537,48.86774],[2.38537,48.86954],[2.38264,48.86954],[2.38264,48.86774]]]}},{"type":"Feature","properties":{"ok":1},"geometry":{"type":"Polygon","coordinates":[[[2.38264,48.86954],[2.38537,48.86954],[2.38537,48.87134],[2.38264,48.87134],[2.38264,48.86954]]]}},{"type":"Feature","properties":{"ok":1},"geometry":{"type":"Polygon","coordinates":[[[2.38264,48.87134],[2.38537,48.87134],[2.38537,48.87314],[2.38264,48.87314],[2.38264,48.87134]]]}},{"type":"Feature","properties":{"ok":1},"geometry":{"type":"Polygon","coordinates":[[[2.38264,48.87314],[2.38537,48.87314],[2.38537,48.87494],[2.38264,48.87494],[2.38264,48.87314]]]}},{"type":"Feature","properties":{"ok":1},"geometry":{"type":"Polygon","coordinates":[[[2.38264,48.87494],[2.38537,48.87494],[2.38537,48.87673],[2.38264,48.87673],[2.38264,48.87494]]]}},{"type":"Feature","properties":{"ok":1},"geometry":{"type":"Polygon","coordinates":[[[2.38264,48.87673],[2.38537,48.87673],[2.38537,48.87853],[2.38264,48.87853],[2.38264,48.87673]]]}},{"type":"Feature","properties":{"ok":1},"geometry":{"type":"Polygon","coordinates":[[[2.38264,48.87853],[2.38537,48.87853],[2.38537,48.88033],[2.38264,48.88033],[2.38264,48.87853]]]}},{"type":"Feature","properties":{"ok":1},"geometry":{"type":"Polygon","coordinates":[[[2.38264,48.88033],[2.38537,48.88033],[2.38537,48.88213],[2.38264,48.88213],[2.38264,48.88033]]]}},{"type":"Feature","properties":{"ok":1},"geometry":{"type":"Polygon","coordinates":[[[2.38264,48.88213],[2.38537,48.88213],[2.38537,48.88393],[2.38264,48.88393],[2.38264,48.88213]]]}},{"type":"Feature","properties":{"ok":1},"geometry":{"type":"Polygon","coordinates":[[[2.38264,48.88393],[2.38537,48.88393],[2.38537,48.88573],[2.38264,48.88573],[2.38264,48.88393]]]}},{"type":"Feature","properties":{"ok":1},"geometry":{"type":"Polygon","coordinates":[[[2.38264,48.88573],[2.38537,48.88573],[2.38537,48.88753],[2.38264,48.88753],[2.38264,48.88573]]]}},{"type":"Feature","properties":{"ok":1},"geometry":{"type":"Polygon","coordinates":[[[2.38264,48.88753],[2.38537,48.88753],[2.38537,48.88932],[2.38264,48.88932],[2.38264,48.88753]]]}},{"type":"Feature","properties":{"ok":1},"geometry":{"type":"Polygon","coordinates":[[[2.38264,48.88932],[2.38537,48.88932],[2.38537,48.89112],[2.38264,48.89112],[2.38264,48.88932]]]}},{"type":"Feature","properties":{"ok":1},"geometry":{"type":"Polygon","coordinates":[[[2.38264,48.89112],[2.38537,48.89112],[2.38537,48.89292],[2.38264,48.89292],[2.38264,48.89112]]]}},{"type":"Feature","properties":{"ok":1},"geometry":{"type":"Polygon","coordinates":[[[2.38264,48.89292],[2.38537,48.89292],[2.38537,48.89472],[2.38264,48.89472],[2.38264,48.89292]]]}},{"type":"Feature","properties":{"ok":1},"geometry":{"type":"Polygon","coordinates":[[[2.38264,48.89472],[2.38537,48.89472],[2.38537,48.89652],[2.38264,48.89652],[2.38264,48.89472]]]}},{"type":"Feature","properties":{"ok":1},"geometry":{"type":"Polygon","coordinates":[[[2.38264,48.89652],[2.38537,48.89652],[2.38537,48.89832],[2.38264,48.89832],[2.38264,48.89652]]]}},{"type":"Feature","properties":{"ok":1},"geometry":{"type":"Polygon","coordinates":[[[2.38264,48.89832],[2.38537,48.89832],[2.38537,48.90012],[2.38264,48.90012],[2.38264,48.89832]]]}},{"type":"Feature","properties":{"ok":1},"geometry":{"type":"Polygon","coordinates":[[[2.38264,48.90012],[2.38537,48.90012],[2.38537,48.90191],[2.38264,48.90191],[2.38264,48.90012]]]}},{"type":"Feature","properties":{"ok":1},"geometry":{"type":"Polygon","coordinates":[[[2.38537,48.82457],[2.3881,48.82457],[2.3881,48.82637],[2.38537,48.82637],[2.38537,48.82457]]]}},{"type":"Feature","properties":{"ok":1},"geometry":{"type":"Polygon","coordinates":[[[2.38537,48.82637],[2.3881,48.82637],[2.3881,48.82817],[2.38537,48.82817],[2.38537,48.82637]]]}},{"type":"Feature","properties":{"ok":1},"geometry":{"type":"Polygon","coordinates":[[[2.38537,48.82817],[2.3881,48.82817],[2.3881,48.82997],[2.38537,48.82997],[2.38537,48.82817]]]}},{"type":"Feature","properties":{"ok":1},"geometry":{"type":"Polygon","coordinates":[[[2.38537,48.82997],[2.3881,48.82997],[2.3881,48.83177],[2.38537,48.83177],[2.38537,48.82997]]]}},{"type":"Feature","properties":{"ok":1},"geometry":{"type":"Polygon","coordinates":[[[2.38537,48.83177],[2.3881,48.83177],[2.3881,48.83357],[2.38537,48.83357],[2.38537,48.83177]]]}},{"type":"Feature","properties":{"ok":1},"geometry":{"type":"Polygon","coordinates":[[[2.38537,48.83357],[2.3881,48.83357],[2.3881,48.83537],[2.38537,48.83537],[2.38537,48.83357]]]}},{"type":"Feature","properties":{"ok":1},"geometry":{"type":"Polygon","coordinates":[[[2.38537,48.83537],[2.3881,48.83537],[2.3881,48.83716],[2.38537,48.83716],[2.38537,48.83537]]]}},{"type":"Feature","properties":{"ok":1},"geometry":{"type":"Polygon","coordinates":[[[2.38537,48.83716],[2.3881,48.83716],[2.3881,48.83896],[2.38537,48.83896],[2.38537,48.83716]]]}},{"type":"Feature","properties":{"ok":1},"geometry":{"type":"Polygon","coordinates":[[[2.38537,48.83896],[2.3881,48.83896],[2.3881,48.84076],[2.38537,48.84076],[2.38537,48.83896]]]}},{"type":"Feature","properties":{"ok":1},"geometry":{"type":"Polygon","coordinates":[[[2.38537,48.84076],[2.3881,48.84076],[2.3881,48.84256],[2.38537,48.84256],[2.38537,48.84076]]]}},{"type":"Feature","properties":{"ok":1},"geometry":{"type":"Polygon","coordinates":[[[2.38537,48.84256],[2.3881,48.84256],[2.3881,48.84436],[2.38537,48.84436],[2.38537,48.84256]]]}},{"type":"Feature","properties":{"ok":1},"geometry":{"type":"Polygon","coordinates":[[[2.38537,48.84436],[2.3881,48.84436],[2.3881,48.84616],[2.38537,48.84616],[2.38537,48.84436]]]}},{"type":"Feature","properties":{"ok":1},"geometry":{"type":"Polygon","coordinates":[[[2.38537,48.84616],[2.3881,48.84616],[2.3881,48.84796],[2.38537,48.84796],[2.38537,48.84616]]]}},{"type":"Feature","properties":{"ok":1},"geometry":{"type":"Polygon","coordinates":[[[2.38537,48.84796],[2.3881,48.84796],[2.3881,48.84975],[2.38537,48.84975],[2.38537,48.84796]]]}},{"type":"Feature","properties":{"ok":1},"geometry":{"type":"Polygon","coordinates":[[[2.38537,48.84975],[2.3881,48.84975],[2.3881,48.85155],[2.38537,48.85155],[2.38537,48.84975]]]}},{"type":"Feature","properties":{"ok":1},"geometry":{"type":"Polygon","coordinates":[[[2.38537,48.85155],[2.3881,48.85155],[2.3881,48.85335],[2.38537,48.85335],[2.38537,48.85155]]]}},{"type":"Feature","properties":{"ok":1},"geometry":{"type":"Polygon","coordinates":[[[2.38537,48.85335],[2.3881,48.85335],[2.3881,48.85515],[2.38537,48.85515],[2.38537,48.85335]]]}},{"type":"Feature","properties":{"ok":1},"geometry":{"type":"Polygon","coordinates":[[[2.38537,48.85515],[2.3881,48.85515],[2.3881,48.85695],[2.38537,48.85695],[2.38537,48.85515]]]}},{"type":"Feature","properties":{"ok":1},"geometry":{"type":"Polygon","coordinates":[[[2.38537,48.85695],[2.3881,48.85695],[2.3881,48.85875],[2.38537,48.85875],[2.38537,48.85695]]]}},{"type":"Feature","properties":{"ok":1},"geometry":{"type":"Polygon","coordinates":[[[2.38537,48.85875],[2.3881,48.85875],[2.3881,48.86055],[2.38537,48.86055],[2.38537,48.85875]]]}},{"type":"Feature","properties":{"ok":1},"geometry":{"type":"Polygon","coordinates":[[[2.38537,48.86055],[2.3881,48.86055],[2.3881,48.86234],[2.38537,48.86234],[2.38537,48.86055]]]}},{"type":"Feature","properties":{"ok":1},"geometry":{"type":"Polygon","coordinates":[[[2.38537,48.86234],[2.3881,48.86234],[2.3881,48.86414],[2.38537,48.86414],[2.38537,48.86234]]]}},{"type":"Feature","properties":{"ok":1},"geometry":{"type":"Polygon","coordinates":[[[2.38537,48.86414],[2.3881,48.86414],[2.3881,48.86594],[2.38537,48.86594],[2.38537,48.86414]]]}},{"type":"Feature","properties":{"ok":1},"geometry":{"type":"Polygon","coordinates":[[[2.38537,48.86594],[2.3881,48.86594],[2.3881,48.86774],[2.38537,48.86774],[2.38537,48.86594]]]}},{"type":"Feature","properties":{"ok":1},"geometry":{"type":"Polygon","coordinates":[[[2.38537,48.86774],[2.3881,48.86774],[2.3881,48.86954],[2.38537,48.86954],[2.38537,48.86774]]]}},{"type":"Feature","properties":{"ok":1},"geometry":{"type":"Polygon","coordinates":[[[2.38537,48.86954],[2.3881,48.86954],[2.3881,48.87134],[2.38537,48.87134],[2.38537,48.86954]]]}},{"type":"Feature","properties":{"ok":1},"geometry":{"type":"Polygon","coordinates":[[[2.38537,48.87134],[2.3881,48.87134],[2.3881,48.87314],[2.38537,48.87314],[2.38537,48.87134]]]}},{"type":"Feature","properties":{"ok":1},"geometry":{"type":"Polygon","coordinates":[[[2.38537,48.87314],[2.3881,48.87314],[2.3881,48.87494],[2.38537,48.87494],[2.38537,48.87314]]]}},{"type":"Feature","properties":{"ok":1},"geometry":{"type":"Polygon","coordinates":[[[2.38537,48.87494],[2.3881,48.87494],[2.3881,48.87673],[2.38537,48.87673],[2.38537,48.87494]]]}},{"type":"Feature","properties":{"ok":1},"geometry":{"type":"Polygon","coordinates":[[[2.38537,48.87673],[2.3881,48.87673],[2.3881,48.87853],[2.38537,48.87853],[2.38537,48.87673]]]}},{"type":"Feature","properties":{"ok":1},"geometry":{"type":"Polygon","coordinates":[[[2.38537,48.87853],[2.3881,48.87853],[2.3881,48.88033],[2.38537,48.88033],[2.38537,48.87853]]]}},{"type":"Feature","properties":{"ok":1},"geometry":{"type":"Polygon","coordinates":[[[2.38537,48.88033],[2.3881,48.88033],[2.3881,48.88213],[2.38537,48.88213],[2.38537,48.88033]]]}},{"type":"Feature","properties":{"ok":1},"geometry":{"type":"Polygon","coordinates":[[[2.38537,48.88213],[2.3881,48.88213],[2.3881,48.88393],[2.38537,48.88393],[2.38537,48.88213]]]}},{"type":"Feature","properties":{"ok":1},"geometry":{"type":"Polygon","coordinates":[[[2.38537,48.88393],[2.3881,48.88393],[2.3881,48.88573],[2.38537,48.88573],[2.38537,48.88393]]]}},{"type":"Feature","properties":{"ok":1},"geometry":{"type":"Polygon","coordinates":[[[2.38537,48.88573],[2.3881,48.88573],[2.3881,48.88753],[2.38537,48.88753],[2.38537,48.88573]]]}},{"type":"Feature","properties":{"ok":1},"geometry":{"type":"Polygon","coordinates":[[[2.38537,48.88753],[2.3881,48.88753],[2.3881,48.88932],[2.38537,48.88932],[2.38537,48.88753]]]}},{"type":"Feature","properties":{"ok":1},"geometry":{"type":"Polygon","coordinates":[[[2.38537,48.88932],[2.3881,48.88932],[2.3881,48.89112],[2.38537,48.89112],[2.38537,48.88932]]]}},{"type":"Feature","properties":{"ok":1},"geometry":{"type":"Polygon","coordinates":[[[2.38537,48.89112],[2.3881,48.89112],[2.3881,48.89292],[2.38537,48.89292],[2.38537,48.89112]]]}},{"type":"Feature","properties":{"ok":1},"geometry":{"type":"Polygon","coordinates":[[[2.38537,48.89292],[2.3881,48.89292],[2.3881,48.89472],[2.38537,48.89472],[2.38537,48.89292]]]}},{"type":"Feature","properties":{"ok":1},"geometry":{"type":"Polygon","coordinates":[[[2.38537,48.89472],[2.3881,48.89472],[2.3881,48.89652],[2.38537,48.89652],[2.38537,48.89472]]]}},{"type":"Feature","properties":{"ok":1},"geometry":{"type":"Polygon","coordinates":[[[2.38537,48.89652],[2.3881,48.89652],[2.3881,48.89832],[2.38537,48.89832],[2.38537,48.89652]]]}},{"type":"Feature","properties":{"ok":1},"geometry":{"type":"Polygon","coordinates":[[[2.38537,48.89832],[2.3881,48.89832],[2.3881,48.90012],[2.38537,48.90012],[2.38537,48.89832]]]}},{"type":"Feature","properties":{"ok":1},"geometry":{"type":"Polygon","coordinates":[[[2.38537,48.90012],[2.3881,48.90012],[2.3881,48.90191],[2.38537,48.90191],[2.38537,48.90012]]]}},{"type":"Feature","properties":{"ok":1},"geometry":{"type":"Polygon","coordinates":[[[2.3881,48.82457],[2.39084,48.82457],[2.39084,48.82637],[2.3881,48.82637],[2.3881,48.82457]]]}},{"type":"Feature","properties":{"ok":0},"geometry":{"type":"Polygon","coordinates":[[[2.3881,48.82637],[2.39084,48.82637],[2.39084,48.82817],[2.3881,48.82817],[2.3881,48.82637]]]}},{"type":"Feature","properties":{"ok":0},"geometry":{"type":"Polygon","coordinates":[[[2.3881,48.82817],[2.39084,48.82817],[2.39084,48.82997],[2.3881,48.82997],[2.3881,48.82817]]]}},{"type":"Feature","properties":{"ok":1},"geometry":{"type":"Polygon","coordinates":[[[2.3881,48.82997],[2.39084,48.82997],[2.39084,48.83177],[2.3881,48.83177],[2.3881,48.82997]]]}},{"type":"Feature","properties":{"ok":1},"geometry":{"type":"Polygon","coordinates":[[[2.3881,48.83177],[2.39084,48.83177],[2.39084,48.83357],[2.3881,48.83357],[2.3881,48.83177]]]}},{"type":"Feature","properties":{"ok":1},"geometry":{"type":"Polygon","coordinates":[[[2.3881,48.83357],[2.39084,48.83357],[2.39084,48.83537],[2.3881,48.83537],[2.3881,48.83357]]]}},{"type":"Feature","properties":{"ok":1},"geometry":{"type":"Polygon","coordinates":[[[2.3881,48.83537],[2.39084,48.83537],[2.39084,48.83716],[2.3881,48.83716],[2.3881,48.83537]]]}},{"type":"Feature","properties":{"ok":1},"geometry":{"type":"Polygon","coordinates":[[[2.3881,48.83716],[2.39084,48.83716],[2.39084,48.83896],[2.3881,48.83896],[2.3881,48.83716]]]}},{"type":"Feature","properties":{"ok":1},"geometry":{"type":"Polygon","coordinates":[[[2.3881,48.83896],[2.39084,48.83896],[2.39084,48.84076],[2.3881,48.84076],[2.3881,48.83896]]]}},{"type":"Feature","properties":{"ok":1},"geometry":{"type":"Polygon","coordinates":[[[2.3881,48.84076],[2.39084,48.84076],[2.39084,48.84256],[2.3881,48.84256],[2.3881,48.84076]]]}},{"type":"Feature","properties":{"ok":1},"geometry":{"type":"Polygon","coordinates":[[[2.3881,48.84256],[2.39084,48.84256],[2.39084,48.84436],[2.3881,48.84436],[2.3881,48.84256]]]}},{"type":"Feature","properties":{"ok":1},"geometry":{"type":"Polygon","coordinates":[[[2.3881,48.84436],[2.39084,48.84436],[2.39084,48.84616],[2.3881,48.84616],[2.3881,48.84436]]]}},{"type":"Feature","properties":{"ok":1},"geometry":{"type":"Polygon","coordinates":[[[2.3881,48.84616],[2.39084,48.84616],[2.39084,48.84796],[2.3881,48.84796],[2.3881,48.84616]]]}},{"type":"Feature","properties":{"ok":1},"geometry":{"type":"Polygon","coordinates":[[[2.3881,48.84796],[2.39084,48.84796],[2.39084,48.84975],[2.3881,48.84975],[2.3881,48.84796]]]}},{"type":"Feature","properties":{"ok":1},"geometry":{"type":"Polygon","coordinates":[[[2.3881,48.84975],[2.39084,48.84975],[2.39084,48.85155],[2.3881,48.85155],[2.3881,48.84975]]]}},{"type":"Feature","properties":{"ok":1},"geometry":{"type":"Polygon","coordinates":[[[2.3881,48.85155],[2.39084,48.85155],[2.39084,48.85335],[2.3881,48.85335],[2.3881,48.85155]]]}},{"type":"Feature","properties":{"ok":1},"geometry":{"type":"Polygon","coordinates":[[[2.3881,48.85335],[2.39084,48.85335],[2.39084,48.85515],[2.3881,48.85515],[2.3881,48.85335]]]}},{"type":"Feature","properties":{"ok":1},"geometry":{"type":"Polygon","coordinates":[[[2.3881,48.85515],[2.39084,48.85515],[2.39084,48.85695],[2.3881,48.85695],[2.3881,48.85515]]]}},{"type":"Feature","properties":{"ok":1},"geometry":{"type":"Polygon","coordinates":[[[2.3881,48.85695],[2.39084,48.85695],[2.39084,48.85875],[2.3881,48.85875],[2.3881,48.85695]]]}},{"type":"Feature","properties":{"ok":1},"geometry":{"type":"Polygon","coordinates":[[[2.3881,48.85875],[2.39084,48.85875],[2.39084,48.86055],[2.3881,48.86055],[2.3881,48.85875]]]}},{"type":"Feature","properties":{"ok":1},"geometry":{"type":"Polygon","coordinates":[[[2.3881,48.86055],[2.39084,48.86055],[2.39084,48.86234],[2.3881,48.86234],[2.3881,48.86055]]]}},{"type":"Feature","properties":{"ok":1},"geometry":{"type":"Polygon","coordinates":[[[2.3881,48.86234],[2.39084,48.86234],[2.39084,48.86414],[2.3881,48.86414],[2.3881,48.86234]]]}},{"type":"Feature","properties":{"ok":1},"geometry":{"type":"Polygon","coordinates":[[[2.3881,48.86414],[2.39084,48.86414],[2.39084,48.86594],[2.3881,48.86594],[2.3881,48.86414]]]}},{"type":"Feature","properties":{"ok":1},"geometry":{"type":"Polygon","coordinates":[[[2.3881,48.86594],[2.39084,48.86594],[2.39084,48.86774],[2.3881,48.86774],[2.3881,48.86594]]]}},{"type":"Feature","properties":{"ok":1},"geometry":{"type":"Polygon","coordinates":[[[2.3881,48.86774],[2.39084,48.86774],[2.39084,48.86954],[2.3881,48.86954],[2.3881,48.86774]]]}},{"type":"Feature","properties":{"ok":1},"geometry":{"type":"Polygon","coordinates":[[[2.3881,48.86954],[2.39084,48.86954],[2.39084,48.87134],[2.3881,48.87134],[2.3881,48.86954]]]}},{"type":"Feature","properties":{"ok":1},"geometry":{"type":"Polygon","coordinates":[[[2.3881,48.87134],[2.39084,48.87134],[2.39084,48.87314],[2.3881,48.87314],[2.3881,48.87134]]]}},{"type":"Feature","properties":{"ok":1},"geometry":{"type":"Polygon","coordinates":[[[2.3881,48.87314],[2.39084,48.87314],[2.39084,48.87494],[2.3881,48.87494],[2.3881,48.87314]]]}},{"type":"Feature","properties":{"ok":1},"geometry":{"type":"Polygon","coordinates":[[[2.3881,48.87494],[2.39084,48.87494],[2.39084,48.87673],[2.3881,48.87673],[2.3881,48.87494]]]}},{"type":"Feature","properties":{"ok":1},"geometry":{"type":"Polygon","coordinates":[[[2.3881,48.87673],[2.39084,48.87673],[2.39084,48.87853],[2.3881,48.87853],[2.3881,48.87673]]]}},{"type":"Feature","properties":{"ok":1},"geometry":{"type":"Polygon","coordinates":[[[2.3881,48.87853],[2.39084,48.87853],[2.39084,48.88033],[2.3881,48.88033],[2.3881,48.87853]]]}},{"type":"Feature","properties":{"ok":1},"geometry":{"type":"Polygon","coordinates":[[[2.3881,48.88033],[2.39084,48.88033],[2.39084,48.88213],[2.3881,48.88213],[2.3881,48.88033]]]}},{"type":"Feature","properties":{"ok":1},"geometry":{"type":"Polygon","coordinates":[[[2.3881,48.88213],[2.39084,48.88213],[2.39084,48.88393],[2.3881,48.88393],[2.3881,48.88213]]]}},{"type":"Feature","properties":{"ok":1},"geometry":{"type":"Polygon","coordinates":[[[2.3881,48.88393],[2.39084,48.88393],[2.39084,48.88573],[2.3881,48.88573],[2.3881,48.88393]]]}},{"type":"Feature","properties":{"ok":1},"geometry":{"type":"Polygon","coordinates":[[[2.3881,48.88573],[2.39084,48.88573],[2.39084,48.88753],[2.3881,48.88753],[2.3881,48.88573]]]}},{"type":"Feature","properties":{"ok":1},"geometry":{"type":"Polygon","coordinates":[[[2.3881,48.88753],[2.39084,48.88753],[2.39084,48.88932],[2.3881,48.88932],[2.3881,48.88753]]]}},{"type":"Feature","properties":{"ok":1},"geometry":{"type":"Polygon","coordinates":[[[2.3881,48.88932],[2.39084,48.88932],[2.39084,48.89112],[2.3881,48.89112],[2.3881,48.88932]]]}},{"type":"Feature","properties":{"ok":1},"geometry":{"type":"Polygon","coordinates":[[[2.3881,48.89112],[2.39084,48.89112],[2.39084,48.89292],[2.3881,48.89292],[2.3881,48.89112]]]}},{"type":"Feature","properties":{"ok":0},"geometry":{"type":"Polygon","coordinates":[[[2.3881,48.89292],[2.39084,48.89292],[2.39084,48.89472],[2.3881,48.89472],[2.3881,48.89292]]]}},{"type":"Feature","properties":{"ok":0},"geometry":{"type":"Polygon","coordinates":[[[2.3881,48.89472],[2.39084,48.89472],[2.39084,48.89652],[2.3881,48.89652],[2.3881,48.89472]]]}},{"type":"Feature","properties":{"ok":0},"geometry":{"type":"Polygon","coordinates":[[[2.3881,48.89652],[2.39084,48.89652],[2.39084,48.89832],[2.3881,48.89832],[2.3881,48.89652]]]}},{"type":"Feature","properties":{"ok":1},"geometry":{"type":"Polygon","coordinates":[[[2.3881,48.89832],[2.39084,48.89832],[2.39084,48.90012],[2.3881,48.90012],[2.3881,48.89832]]]}},{"type":"Feature","properties":{"ok":1},"geometry":{"type":"Polygon","coordinates":[[[2.3881,48.90012],[2.39084,48.90012],[2.39084,48.90191],[2.3881,48.90191],[2.3881,48.90012]]]}},{"type":"Feature","properties":{"ok":1},"geometry":{"type":"Polygon","coordinates":[[[2.39084,48.82637],[2.39357,48.82637],[2.39357,48.82817],[2.39084,48.82817],[2.39084,48.82637]]]}},{"type":"Feature","properties":{"ok":1},"geometry":{"type":"Polygon","coordinates":[[[2.39084,48.82817],[2.39357,48.82817],[2.39357,48.82997],[2.39084,48.82997],[2.39084,48.82817]]]}},{"type":"Feature","properties":{"ok":1},"geometry":{"type":"Polygon","coordinates":[[[2.39084,48.82997],[2.39357,48.82997],[2.39357,48.83177],[2.39084,48.83177],[2.39084,48.82997]]]}},{"type":"Feature","properties":{"ok":1},"geometry":{"type":"Polygon","coordinates":[[[2.39084,48.83177],[2.39357,48.83177],[2.39357,48.83357],[2.39084,48.83357],[2.39084,48.83177]]]}},{"type":"Feature","properties":{"ok":1},"geometry":{"type":"Polygon","coordinates":[[[2.39084,48.83357],[2.39357,48.83357],[2.39357,48.83537],[2.39084,48.83537],[2.39084,48.83357]]]}},{"type":"Feature","properties":{"ok":1},"geometry":{"type":"Polygon","coordinates":[[[2.39084,48.83537],[2.39357,48.83537],[2.39357,48.83716],[2.39084,48.83716],[2.39084,48.83537]]]}},{"type":"Feature","properties":{"ok":1},"geometry":{"type":"Polygon","coordinates":[[[2.39084,48.83716],[2.39357,48.83716],[2.39357,48.83896],[2.39084,48.83896],[2.39084,48.83716]]]}},{"type":"Feature","properties":{"ok":1},"geometry":{"type":"Polygon","coordinates":[[[2.39084,48.83896],[2.39357,48.83896],[2.39357,48.84076],[2.39084,48.84076],[2.39084,48.83896]]]}},{"type":"Feature","properties":{"ok":1},"geometry":{"type":"Polygon","coordinates":[[[2.39084,48.84076],[2.39357,48.84076],[2.39357,48.84256],[2.39084,48.84256],[2.39084,48.84076]]]}},{"type":"Feature","properties":{"ok":1},"geometry":{"type":"Polygon","coordinates":[[[2.39084,48.84256],[2.39357,48.84256],[2.39357,48.84436],[2.39084,48.84436],[2.39084,48.84256]]]}},{"type":"Feature","properties":{"ok":1},"geometry":{"type":"Polygon","coordinates":[[[2.39084,48.84436],[2.39357,48.84436],[2.39357,48.84616],[2.39084,48.84616],[2.39084,48.84436]]]}},{"type":"Feature","properties":{"ok":1},"geometry":{"type":"Polygon","coordinates":[[[2.39084,48.84616],[2.39357,48.84616],[2.39357,48.84796],[2.39084,48.84796],[2.39084,48.84616]]]}},{"type":"Feature","properties":{"ok":1},"geometry":{"type":"Polygon","coordinates":[[[2.39084,48.84796],[2.39357,48.84796],[2.39357,48.84975],[2.39084,48.84975],[2.39084,48.84796]]]}},{"type":"Feature","properties":{"ok":1},"geometry":{"type":"Polygon","coordinates":[[[2.39084,48.84975],[2.39357,48.84975],[2.39357,48.85155],[2.39084,48.85155],[2.39084,48.84975]]]}},{"type":"Feature","properties":{"ok":1},"geometry":{"type":"Polygon","coordinates":[[[2.39084,48.85155],[2.39357,48.85155],[2.39357,48.85335],[2.39084,48.85335],[2.39084,48.85155]]]}},{"type":"Feature","properties":{"ok":1},"geometry":{"type":"Polygon","coordinates":[[[2.39084,48.85335],[2.39357,48.85335],[2.39357,48.85515],[2.39084,48.85515],[2.39084,48.85335]]]}},{"type":"Feature","properties":{"ok":1},"geometry":{"type":"Polygon","coordinates":[[[2.39084,48.85515],[2.39357,48.85515],[2.39357,48.85695],[2.39084,48.85695],[2.39084,48.85515]]]}},{"type":"Feature","properties":{"ok":1},"geometry":{"type":"Polygon","coordinates":[[[2.39084,48.85695],[2.39357,48.85695],[2.39357,48.85875],[2.39084,48.85875],[2.39084,48.85695]]]}},{"type":"Feature","properties":{"ok":1},"geometry":{"type":"Polygon","coordinates":[[[2.39084,48.85875],[2.39357,48.85875],[2.39357,48.86055],[2.39084,48.86055],[2.39084,48.85875]]]}},{"type":"Feature","properties":{"ok":1},"geometry":{"type":"Polygon","coordinates":[[[2.39084,48.86055],[2.39357,48.86055],[2.39357,48.86234],[2.39084,48.86234],[2.39084,48.86055]]]}},{"type":"Feature","properties":{"ok":1},"geometry":{"type":"Polygon","coordinates":[[[2.39084,48.86234],[2.39357,48.86234],[2.39357,48.86414],[2.39084,48.86414],[2.39084,48.86234]]]}},{"type":"Feature","properties":{"ok":1},"geometry":{"type":"Polygon","coordinates":[[[2.39084,48.86414],[2.39357,48.86414],[2.39357,48.86594],[2.39084,48.86594],[2.39084,48.86414]]]}},{"type":"Feature","properties":{"ok":1},"geometry":{"type":"Polygon","coordinates":[[[2.39084,48.86594],[2.39357,48.86594],[2.39357,48.86774],[2.39084,48.86774],[2.39084,48.86594]]]}},{"type":"Feature","properties":{"ok":1},"geometry":{"type":"Polygon","coordinates":[[[2.39084,48.86774],[2.39357,48.86774],[2.39357,48.86954],[2.39084,48.86954],[2.39084,48.86774]]]}},{"type":"Feature","properties":{"ok":1},"geometry":{"type":"Polygon","coordinates":[[[2.39084,48.86954],[2.39357,48.86954],[2.39357,48.87134],[2.39084,48.87134],[2.39084,48.86954]]]}},{"type":"Feature","properties":{"ok":1},"geometry":{"type":"Polygon","coordinates":[[[2.39084,48.87134],[2.39357,48.87134],[2.39357,48.87314],[2.39084,48.87314],[2.39084,48.87134]]]}},{"type":"Feature","properties":{"ok":1},"geometry":{"type":"Polygon","coordinates":[[[2.39084,48.87314],[2.39357,48.87314],[2.39357,48.87494],[2.39084,48.87494],[2.39084,48.87314]]]}},{"type":"Feature","properties":{"ok":1},"geometry":{"type":"Polygon","coordinates":[[[2.39084,48.87494],[2.39357,48.87494],[2.39357,48.87673],[2.39084,48.87673],[2.39084,48.87494]]]}},{"type":"Feature","properties":{"ok":1},"geometry":{"type":"Polygon","coordinates":[[[2.39084,48.87673],[2.39357,48.87673],[2.39357,48.87853],[2.39084,48.87853],[2.39084,48.87673]]]}},{"type":"Feature","properties":{"ok":1},"geometry":{"type":"Polygon","coordinates":[[[2.39084,48.87853],[2.39357,48.87853],[2.39357,48.88033],[2.39084,48.88033],[2.39084,48.87853]]]}},{"type":"Feature","properties":{"ok":1},"geometry":{"type":"Polygon","coordinates":[[[2.39084,48.88033],[2.39357,48.88033],[2.39357,48.88213],[2.39084,48.88213],[2.39084,48.88033]]]}},{"type":"Feature","properties":{"ok":1},"geometry":{"type":"Polygon","coordinates":[[[2.39084,48.88213],[2.39357,48.88213],[2.39357,48.88393],[2.39084,48.88393],[2.39084,48.88213]]]}},{"type":"Feature","properties":{"ok":1},"geometry":{"type":"Polygon","coordinates":[[[2.39084,48.88393],[2.39357,48.88393],[2.39357,48.88573],[2.39084,48.88573],[2.39084,48.88393]]]}},{"type":"Feature","properties":{"ok":1},"geometry":{"type":"Polygon","coordinates":[[[2.39084,48.88573],[2.39357,48.88573],[2.39357,48.88753],[2.39084,48.88753],[2.39084,48.88573]]]}},{"type":"Feature","properties":{"ok":1},"geometry":{"type":"Polygon","coordinates":[[[2.39084,48.88753],[2.39357,48.88753],[2.39357,48.88932],[2.39084,48.88932],[2.39084,48.88753]]]}},{"type":"Feature","properties":{"ok":1},"geometry":{"type":"Polygon","coordinates":[[[2.39084,48.88932],[2.39357,48.88932],[2.39357,48.89112],[2.39084,48.89112],[2.39084,48.88932]]]}},{"type":"Feature","properties":{"ok":0},"geometry":{"type":"Polygon","coordinates":[[[2.39084,48.89112],[2.39357,48.89112],[2.39357,48.89292],[2.39084,48.89292],[2.39084,48.89112]]]}},{"type":"Feature","properties":{"ok":0},"geometry":{"type":"Polygon","coordinates":[[[2.39084,48.89292],[2.39357,48.89292],[2.39357,48.89472],[2.39084,48.89472],[2.39084,48.89292]]]}},{"type":"Feature","properties":{"ok":0},"geometry":{"type":"Polygon","coordinates":[[[2.39084,48.89472],[2.39357,48.89472],[2.39357,48.89652],[2.39084,48.89652],[2.39084,48.89472]]]}},{"type":"Feature","properties":{"ok":0},"geometry":{"type":"Polygon","coordinates":[[[2.39084,48.89652],[2.39357,48.89652],[2.39357,48.89832],[2.39084,48.89832],[2.39084,48.89652]]]}},{"type":"Feature","properties":{"ok":0},"geometry":{"type":"Polygon","coordinates":[[[2.39084,48.89832],[2.39357,48.89832],[2.39357,48.90012],[2.39084,48.90012],[2.39084,48.89832]]]}},{"type":"Feature","properties":{"ok":1},"geometry":{"type":"Polygon","coordinates":[[[2.39357,48.82817],[2.3963,48.82817],[2.3963,48.82997],[2.39357,48.82997],[2.39357,48.82817]]]}},{"type":"Feature","properties":{"ok":1},"geometry":{"type":"Polygon","coordinates":[[[2.39357,48.82997],[2.3963,48.82997],[2.3963,48.83177],[2.39357,48.83177],[2.39357,48.82997]]]}},{"type":"Feature","properties":{"ok":1},"geometry":{"type":"Polygon","coordinates":[[[2.39357,48.83177],[2.3963,48.83177],[2.3963,48.83357],[2.39357,48.83357],[2.39357,48.83177]]]}},{"type":"Feature","properties":{"ok":1},"geometry":{"type":"Polygon","coordinates":[[[2.39357,48.83357],[2.3963,48.83357],[2.3963,48.83537],[2.39357,48.83537],[2.39357,48.83357]]]}},{"type":"Feature","properties":{"ok":1},"geometry":{"type":"Polygon","coordinates":[[[2.39357,48.83537],[2.3963,48.83537],[2.3963,48.83716],[2.39357,48.83716],[2.39357,48.83537]]]}},{"type":"Feature","properties":{"ok":1},"geometry":{"type":"Polygon","coordinates":[[[2.39357,48.83716],[2.3963,48.83716],[2.3963,48.83896],[2.39357,48.83896],[2.39357,48.83716]]]}},{"type":"Feature","properties":{"ok":1},"geometry":{"type":"Polygon","coordinates":[[[2.39357,48.83896],[2.3963,48.83896],[2.3963,48.84076],[2.39357,48.84076],[2.39357,48.83896]]]}},{"type":"Feature","properties":{"ok":1},"geometry":{"type":"Polygon","coordinates":[[[2.39357,48.84076],[2.3963,48.84076],[2.3963,48.84256],[2.39357,48.84256],[2.39357,48.84076]]]}},{"type":"Feature","properties":{"ok":1},"geometry":{"type":"Polygon","coordinates":[[[2.39357,48.84256],[2.3963,48.84256],[2.3963,48.84436],[2.39357,48.84436],[2.39357,48.84256]]]}},{"type":"Feature","properties":{"ok":1},"geometry":{"type":"Polygon","coordinates":[[[2.39357,48.84436],[2.3963,48.84436],[2.3963,48.84616],[2.39357,48.84616],[2.39357,48.84436]]]}},{"type":"Feature","properties":{"ok":1},"geometry":{"type":"Polygon","coordinates":[[[2.39357,48.84616],[2.3963,48.84616],[2.3963,48.84796],[2.39357,48.84796],[2.39357,48.84616]]]}},{"type":"Feature","properties":{"ok":1},"geometry":{"type":"Polygon","coordinates":[[[2.39357,48.84796],[2.3963,48.84796],[2.3963,48.84975],[2.39357,48.84975],[2.39357,48.84796]]]}},{"type":"Feature","properties":{"ok":1},"geometry":{"type":"Polygon","coordinates":[[[2.39357,48.84975],[2.3963,48.84975],[2.3963,48.85155],[2.39357,48.85155],[2.39357,48.84975]]]}},{"type":"Feature","properties":{"ok":1},"geometry":{"type":"Polygon","coordinates":[[[2.39357,48.85155],[2.3963,48.85155],[2.3963,48.85335],[2.39357,48.85335],[2.39357,48.85155]]]}},{"type":"Feature","properties":{"ok":1},"geometry":{"type":"Polygon","coordinates":[[[2.39357,48.85335],[2.3963,48.85335],[2.3963,48.85515],[2.39357,48.85515],[2.39357,48.85335]]]}},{"type":"Feature","properties":{"ok":1},"geometry":{"type":"Polygon","coordinates":[[[2.39357,48.85515],[2.3963,48.85515],[2.3963,48.85695],[2.39357,48.85695],[2.39357,48.85515]]]}},{"type":"Feature","properties":{"ok":1},"geometry":{"type":"Polygon","coordinates":[[[2.39357,48.85695],[2.3963,48.85695],[2.3963,48.85875],[2.39357,48.85875],[2.39357,48.85695]]]}},{"type":"Feature","properties":{"ok":0},"geometry":{"type":"Polygon","coordinates":[[[2.39357,48.85875],[2.3963,48.85875],[2.3963,48.86055],[2.39357,48.86055],[2.39357,48.85875]]]}},{"type":"Feature","properties":{"ok":0},"geometry":{"type":"Polygon","coordinates":[[[2.39357,48.86055],[2.3963,48.86055],[2.3963,48.86234],[2.39357,48.86234],[2.39357,48.86055]]]}},{"type":"Feature","properties":{"ok":1},"geometry":{"type":"Polygon","coordinates":[[[2.39357,48.86234],[2.3963,48.86234],[2.3963,48.86414],[2.39357,48.86414],[2.39357,48.86234]]]}},{"type":"Feature","properties":{"ok":1},"geometry":{"type":"Polygon","coordinates":[[[2.39357,48.86414],[2.3963,48.86414],[2.3963,48.86594],[2.39357,48.86594],[2.39357,48.86414]]]}},{"type":"Feature","properties":{"ok":1},"geometry":{"type":"Polygon","coordinates":[[[2.39357,48.86594],[2.3963,48.86594],[2.3963,48.86774],[2.39357,48.86774],[2.39357,48.86594]]]}},{"type":"Feature","properties":{"ok":1},"geometry":{"type":"Polygon","coordinates":[[[2.39357,48.86774],[2.3963,48.86774],[2.3963,48.86954],[2.39357,48.86954],[2.39357,48.86774]]]}},{"type":"Feature","properties":{"ok":1},"geometry":{"type":"Polygon","coordinates":[[[2.39357,48.86954],[2.3963,48.86954],[2.3963,48.87134],[2.39357,48.87134],[2.39357,48.86954]]]}},{"type":"Feature","properties":{"ok":1},"geometry":{"type":"Polygon","coordinates":[[[2.39357,48.87134],[2.3963,48.87134],[2.3963,48.87314],[2.39357,48.87314],[2.39357,48.87134]]]}},{"type":"Feature","properties":{"ok":1},"geometry":{"type":"Polygon","coordinates":[[[2.39357,48.87314],[2.3963,48.87314],[2.3963,48.87494],[2.39357,48.87494],[2.39357,48.87314]]]}},{"type":"Feature","properties":{"ok":1},"geometry":{"type":"Polygon","coordinates":[[[2.39357,48.87494],[2.3963,48.87494],[2.3963,48.87673],[2.39357,48.87673],[2.39357,48.87494]]]}},{"type":"Feature","properties":{"ok":1},"geometry":{"type":"Polygon","coordinates":[[[2.39357,48.87673],[2.3963,48.87673],[2.3963,48.87853],[2.39357,48.87853],[2.39357,48.87673]]]}},{"type":"Feature","properties":{"ok":1},"geometry":{"type":"Polygon","coordinates":[[[2.39357,48.87853],[2.3963,48.87853],[2.3963,48.88033],[2.39357,48.88033],[2.39357,48.87853]]]}},{"type":"Feature","properties":{"ok":1},"geometry":{"type":"Polygon","coordinates":[[[2.39357,48.88033],[2.3963,48.88033],[2.3963,48.88213],[2.39357,48.88213],[2.39357,48.88033]]]}},{"type":"Feature","properties":{"ok":1},"geometry":{"type":"Polygon","coordinates":[[[2.39357,48.88213],[2.3963,48.88213],[2.3963,48.88393],[2.39357,48.88393],[2.39357,48.88213]]]}},{"type":"Feature","properties":{"ok":1},"geometry":{"type":"Polygon","coordinates":[[[2.39357,48.88393],[2.3963,48.88393],[2.3963,48.88573],[2.39357,48.88573],[2.39357,48.88393]]]}},{"type":"Feature","properties":{"ok":1},"geometry":{"type":"Polygon","coordinates":[[[2.39357,48.88573],[2.3963,48.88573],[2.3963,48.88753],[2.39357,48.88753],[2.39357,48.88573]]]}},{"type":"Feature","properties":{"ok":1},"geometry":{"type":"Polygon","coordinates":[[[2.39357,48.88753],[2.3963,48.88753],[2.3963,48.88932],[2.39357,48.88932],[2.39357,48.88753]]]}},{"type":"Feature","properties":{"ok":1},"geometry":{"type":"Polygon","coordinates":[[[2.39357,48.88932],[2.3963,48.88932],[2.3963,48.89112],[2.39357,48.89112],[2.39357,48.88932]]]}},{"type":"Feature","properties":{"ok":0},"geometry":{"type":"Polygon","coordinates":[[[2.39357,48.89112],[2.3963,48.89112],[2.3963,48.89292],[2.39357,48.89292],[2.39357,48.89112]]]}},{"type":"Feature","properties":{"ok":0},"geometry":{"type":"Polygon","coordinates":[[[2.39357,48.89292],[2.3963,48.89292],[2.3963,48.89472],[2.39357,48.89472],[2.39357,48.89292]]]}},{"type":"Feature","properties":{"ok":0},"geometry":{"type":"Polygon","coordinates":[[[2.39357,48.89472],[2.3963,48.89472],[2.3963,48.89652],[2.39357,48.89652],[2.39357,48.89472]]]}},{"type":"Feature","properties":{"ok":0},"geometry":{"type":"Polygon","coordinates":[[[2.39357,48.89652],[2.3963,48.89652],[2.3963,48.89832],[2.39357,48.89832],[2.39357,48.89652]]]}},{"type":"Feature","properties":{"ok":1},"geometry":{"type":"Polygon","coordinates":[[[2.3963,48.82817],[2.39904,48.82817],[2.39904,48.82997],[2.3963,48.82997],[2.3963,48.82817]]]}},{"type":"Feature","properties":{"ok":1},"geometry":{"type":"Polygon","coordinates":[[[2.3963,48.82997],[2.39904,48.82997],[2.39904,48.83177],[2.3963,48.83177],[2.3963,48.82997]]]}},{"type":"Feature","properties":{"ok":1},"geometry":{"type":"Polygon","coordinates":[[[2.3963,48.83177],[2.39904,48.83177],[2.39904,48.83357],[2.3963,48.83357],[2.3963,48.83177]]]}},{"type":"Feature","properties":{"ok":1},"geometry":{"type":"Polygon","coordinates":[[[2.3963,48.83357],[2.39904,48.83357],[2.39904,48.83537],[2.3963,48.83537],[2.3963,48.83357]]]}},{"type":"Feature","properties":{"ok":1},"geometry":{"type":"Polygon","coordinates":[[[2.3963,48.83537],[2.39904,48.83537],[2.39904,48.83716],[2.3963,48.83716],[2.3963,48.83537]]]}},{"type":"Feature","properties":{"ok":1},"geometry":{"type":"Polygon","coordinates":[[[2.3963,48.83716],[2.39904,48.83716],[2.39904,48.83896],[2.3963,48.83896],[2.3963,48.83716]]]}},{"type":"Feature","properties":{"ok":1},"geometry":{"type":"Polygon","coordinates":[[[2.3963,48.83896],[2.39904,48.83896],[2.39904,48.84076],[2.3963,48.84076],[2.3963,48.83896]]]}},{"type":"Feature","properties":{"ok":1},"geometry":{"type":"Polygon","coordinates":[[[2.3963,48.84076],[2.39904,48.84076],[2.39904,48.84256],[2.3963,48.84256],[2.3963,48.84076]]]}},{"type":"Feature","properties":{"ok":1},"geometry":{"type":"Polygon","coordinates":[[[2.3963,48.84256],[2.39904,48.84256],[2.39904,48.84436],[2.3963,48.84436],[2.3963,48.84256]]]}},{"type":"Feature","properties":{"ok":1},"geometry":{"type":"Polygon","coordinates":[[[2.3963,48.84436],[2.39904,48.84436],[2.39904,48.84616],[2.3963,48.84616],[2.3963,48.84436]]]}},{"type":"Feature","properties":{"ok":1},"geometry":{"type":"Polygon","coordinates":[[[2.3963,48.84616],[2.39904,48.84616],[2.39904,48.84796],[2.3963,48.84796],[2.3963,48.84616]]]}},{"type":"Feature","properties":{"ok":1},"geometry":{"type":"Polygon","coordinates":[[[2.3963,48.84796],[2.39904,48.84796],[2.39904,48.84975],[2.3963,48.84975],[2.3963,48.84796]]]}},{"type":"Feature","properties":{"ok":1},"geometry":{"type":"Polygon","coordinates":[[[2.3963,48.84975],[2.39904,48.84975],[2.39904,48.85155],[2.3963,48.85155],[2.3963,48.84975]]]}},{"type":"Feature","properties":{"ok":1},"geometry":{"type":"Polygon","coordinates":[[[2.3963,48.85155],[2.39904,48.85155],[2.39904,48.85335],[2.3963,48.85335],[2.3963,48.85155]]]}},{"type":"Feature","properties":{"ok":1},"geometry":{"type":"Polygon","coordinates":[[[2.3963,48.85335],[2.39904,48.85335],[2.39904,48.85515],[2.3963,48.85515],[2.3963,48.85335]]]}},{"type":"Feature","properties":{"ok":1},"geometry":{"type":"Polygon","coordinates":[[[2.3963,48.85515],[2.39904,48.85515],[2.39904,48.85695],[2.3963,48.85695],[2.3963,48.85515]]]}},{"type":"Feature","properties":{"ok":1},"geometry":{"type":"Polygon","coordinates":[[[2.3963,48.85695],[2.39904,48.85695],[2.39904,48.85875],[2.3963,48.85875],[2.3963,48.85695]]]}},{"type":"Feature","properties":{"ok":1},"geometry":{"type":"Polygon","coordinates":[[[2.3963,48.85875],[2.39904,48.85875],[2.39904,48.86055],[2.3963,48.86055],[2.3963,48.85875]]]}},{"type":"Feature","properties":{"ok":1},"geometry":{"type":"Polygon","coordinates":[[[2.3963,48.86055],[2.39904,48.86055],[2.39904,48.86234],[2.3963,48.86234],[2.3963,48.86055]]]}},{"type":"Feature","properties":{"ok":1},"geometry":{"type":"Polygon","coordinates":[[[2.3963,48.86234],[2.39904,48.86234],[2.39904,48.86414],[2.3963,48.86414],[2.3963,48.86234]]]}},{"type":"Feature","properties":{"ok":1},"geometry":{"type":"Polygon","coordinates":[[[2.3963,48.86414],[2.39904,48.86414],[2.39904,48.86594],[2.3963,48.86594],[2.3963,48.86414]]]}},{"type":"Feature","properties":{"ok":1},"geometry":{"type":"Polygon","coordinates":[[[2.3963,48.86594],[2.39904,48.86594],[2.39904,48.86774],[2.3963,48.86774],[2.3963,48.86594]]]}},{"type":"Feature","properties":{"ok":1},"geometry":{"type":"Polygon","coordinates":[[[2.3963,48.86774],[2.39904,48.86774],[2.39904,48.86954],[2.3963,48.86954],[2.3963,48.86774]]]}},{"type":"Feature","properties":{"ok":1},"geometry":{"type":"Polygon","coordinates":[[[2.3963,48.86954],[2.39904,48.86954],[2.39904,48.87134],[2.3963,48.87134],[2.3963,48.86954]]]}},{"type":"Feature","properties":{"ok":1},"geometry":{"type":"Polygon","coordinates":[[[2.3963,48.87134],[2.39904,48.87134],[2.39904,48.87314],[2.3963,48.87314],[2.3963,48.87134]]]}},{"type":"Feature","properties":{"ok":1},"geometry":{"type":"Polygon","coordinates":[[[2.3963,48.87314],[2.39904,48.87314],[2.39904,48.87494],[2.3963,48.87494],[2.3963,48.87314]]]}},{"type":"Feature","properties":{"ok":1},"geometry":{"type":"Polygon","coordinates":[[[2.3963,48.87494],[2.39904,48.87494],[2.39904,48.87673],[2.3963,48.87673],[2.3963,48.87494]]]}},{"type":"Feature","properties":{"ok":1},"geometry":{"type":"Polygon","coordinates":[[[2.3963,48.87673],[2.39904,48.87673],[2.39904,48.87853],[2.3963,48.87853],[2.3963,48.87673]]]}},{"type":"Feature","properties":{"ok":1},"geometry":{"type":"Polygon","coordinates":[[[2.3963,48.87853],[2.39904,48.87853],[2.39904,48.88033],[2.3963,48.88033],[2.3963,48.87853]]]}},{"type":"Feature","properties":{"ok":1},"geometry":{"type":"Polygon","coordinates":[[[2.3963,48.88033],[2.39904,48.88033],[2.39904,48.88213],[2.3963,48.88213],[2.3963,48.88033]]]}},{"type":"Feature","properties":{"ok":1},"geometry":{"type":"Polygon","coordinates":[[[2.3963,48.88213],[2.39904,48.88213],[2.39904,48.88393],[2.3963,48.88393],[2.3963,48.88213]]]}},{"type":"Feature","properties":{"ok":1},"geometry":{"type":"Polygon","coordinates":[[[2.3963,48.88393],[2.39904,48.88393],[2.39904,48.88573],[2.3963,48.88573],[2.3963,48.88393]]]}},{"type":"Feature","properties":{"ok":1},"geometry":{"type":"Polygon","coordinates":[[[2.3963,48.88573],[2.39904,48.88573],[2.39904,48.88753],[2.3963,48.88753],[2.3963,48.88573]]]}},{"type":"Feature","properties":{"ok":1},"geometry":{"type":"Polygon","coordinates":[[[2.3963,48.88753],[2.39904,48.88753],[2.39904,48.88932],[2.3963,48.88932],[2.3963,48.88753]]]}},{"type":"Feature","properties":{"ok":1},"geometry":{"type":"Polygon","coordinates":[[[2.3963,48.88932],[2.39904,48.88932],[2.39904,48.89112],[2.3963,48.89112],[2.3963,48.88932]]]}},{"type":"Feature","properties":{"ok":1},"geometry":{"type":"Polygon","coordinates":[[[2.3963,48.89112],[2.39904,48.89112],[2.39904,48.89292],[2.3963,48.89292],[2.3963,48.89112]]]}},{"type":"Feature","properties":{"ok":1},"geometry":{"type":"Polygon","coordinates":[[[2.3963,48.89292],[2.39904,48.89292],[2.39904,48.89472],[2.3963,48.89472],[2.3963,48.89292]]]}},{"type":"Feature","properties":{"ok":1},"geometry":{"type":"Polygon","coordinates":[[[2.39904,48.82817],[2.40177,48.82817],[2.40177,48.82997],[2.39904,48.82997],[2.39904,48.82817]]]}},{"type":"Feature","properties":{"ok":1},"geometry":{"type":"Polygon","coordinates":[[[2.39904,48.82997],[2.40177,48.82997],[2.40177,48.83177],[2.39904,48.83177],[2.39904,48.82997]]]}},{"type":"Feature","properties":{"ok":1},"geometry":{"type":"Polygon","coordinates":[[[2.39904,48.83177],[2.40177,48.83177],[2.40177,48.83357],[2.39904,48.83357],[2.39904,48.83177]]]}},{"type":"Feature","properties":{"ok":1},"geometry":{"type":"Polygon","coordinates":[[[2.39904,48.83357],[2.40177,48.83357],[2.40177,48.83537],[2.39904,48.83537],[2.39904,48.83357]]]}},{"type":"Feature","properties":{"ok":1},"geometry":{"type":"Polygon","coordinates":[[[2.39904,48.83537],[2.40177,48.83537],[2.40177,48.83716],[2.39904,48.83716],[2.39904,48.83537]]]}},{"type":"Feature","properties":{"ok":1},"geometry":{"type":"Polygon","coordinates":[[[2.39904,48.83716],[2.40177,48.83716],[2.40177,48.83896],[2.39904,48.83896],[2.39904,48.83716]]]}},{"type":"Feature","properties":{"ok":1},"geometry":{"type":"Polygon","coordinates":[[[2.39904,48.83896],[2.40177,48.83896],[2.40177,48.84076],[2.39904,48.84076],[2.39904,48.83896]]]}},{"type":"Feature","properties":{"ok":1},"geometry":{"type":"Polygon","coordinates":[[[2.39904,48.84076],[2.40177,48.84076],[2.40177,48.84256],[2.39904,48.84256],[2.39904,48.84076]]]}},{"type":"Feature","properties":{"ok":1},"geometry":{"type":"Polygon","coordinates":[[[2.39904,48.84256],[2.40177,48.84256],[2.40177,48.84436],[2.39904,48.84436],[2.39904,48.84256]]]}},{"type":"Feature","properties":{"ok":1},"geometry":{"type":"Polygon","coordinates":[[[2.39904,48.84436],[2.40177,48.84436],[2.40177,48.84616],[2.39904,48.84616],[2.39904,48.84436]]]}},{"type":"Feature","properties":{"ok":1},"geometry":{"type":"Polygon","coordinates":[[[2.39904,48.84616],[2.40177,48.84616],[2.40177,48.84796],[2.39904,48.84796],[2.39904,48.84616]]]}},{"type":"Feature","properties":{"ok":1},"geometry":{"type":"Polygon","coordinates":[[[2.39904,48.84796],[2.40177,48.84796],[2.40177,48.84975],[2.39904,48.84975],[2.39904,48.84796]]]}},{"type":"Feature","properties":{"ok":1},"geometry":{"type":"Polygon","coordinates":[[[2.39904,48.84975],[2.40177,48.84975],[2.40177,48.85155],[2.39904,48.85155],[2.39904,48.84975]]]}},{"type":"Feature","properties":{"ok":1},"geometry":{"type":"Polygon","coordinates":[[[2.39904,48.85155],[2.40177,48.85155],[2.40177,48.85335],[2.39904,48.85335],[2.39904,48.85155]]]}},{"type":"Feature","properties":{"ok":1},"geometry":{"type":"Polygon","coordinates":[[[2.39904,48.85335],[2.40177,48.85335],[2.40177,48.85515],[2.39904,48.85515],[2.39904,48.85335]]]}},{"type":"Feature","properties":{"ok":1},"geometry":{"type":"Polygon","coordinates":[[[2.39904,48.85515],[2.40177,48.85515],[2.40177,48.85695],[2.39904,48.85695],[2.39904,48.85515]]]}},{"type":"Feature","properties":{"ok":1},"geometry":{"type":"Polygon","coordinates":[[[2.39904,48.85695],[2.40177,48.85695],[2.40177,48.85875],[2.39904,48.85875],[2.39904,48.85695]]]}},{"type":"Feature","properties":{"ok":1},"geometry":{"type":"Polygon","coordinates":[[[2.39904,48.85875],[2.40177,48.85875],[2.40177,48.86055],[2.39904,48.86055],[2.39904,48.85875]]]}},{"type":"Feature","properties":{"ok":1},"geometry":{"type":"Polygon","coordinates":[[[2.39904,48.86055],[2.40177,48.86055],[2.40177,48.86234],[2.39904,48.86234],[2.39904,48.86055]]]}},{"type":"Feature","properties":{"ok":1},"geometry":{"type":"Polygon","coordinates":[[[2.39904,48.86234],[2.40177,48.86234],[2.40177,48.86414],[2.39904,48.86414],[2.39904,48.86234]]]}},{"type":"Feature","properties":{"ok":1},"geometry":{"type":"Polygon","coordinates":[[[2.39904,48.86414],[2.40177,48.86414],[2.40177,48.86594],[2.39904,48.86594],[2.39904,48.86414]]]}},{"type":"Feature","properties":{"ok":1},"geometry":{"type":"Polygon","coordinates":[[[2.39904,48.86594],[2.40177,48.86594],[2.40177,48.86774],[2.39904,48.86774],[2.39904,48.86594]]]}},{"type":"Feature","properties":{"ok":1},"geometry":{"type":"Polygon","coordinates":[[[2.39904,48.86774],[2.40177,48.86774],[2.40177,48.86954],[2.39904,48.86954],[2.39904,48.86774]]]}},{"type":"Feature","properties":{"ok":1},"geometry":{"type":"Polygon","coordinates":[[[2.39904,48.86954],[2.40177,48.86954],[2.40177,48.87134],[2.39904,48.87134],[2.39904,48.86954]]]}},{"type":"Feature","properties":{"ok":1},"geometry":{"type":"Polygon","coordinates":[[[2.39904,48.87134],[2.40177,48.87134],[2.40177,48.87314],[2.39904,48.87314],[2.39904,48.87134]]]}},{"type":"Feature","properties":{"ok":1},"geometry":{"type":"Polygon","coordinates":[[[2.39904,48.87314],[2.40177,48.87314],[2.40177,48.87494],[2.39904,48.87494],[2.39904,48.87314]]]}},{"type":"Feature","properties":{"ok":1},"geometry":{"type":"Polygon","coordinates":[[[2.39904,48.87494],[2.40177,48.87494],[2.40177,48.87673],[2.39904,48.87673],[2.39904,48.87494]]]}},{"type":"Feature","properties":{"ok":1},"geometry":{"type":"Polygon","coordinates":[[[2.39904,48.87673],[2.40177,48.87673],[2.40177,48.87853],[2.39904,48.87853],[2.39904,48.87673]]]}},{"type":"Feature","properties":{"ok":1},"geometry":{"type":"Polygon","coordinates":[[[2.39904,48.87853],[2.40177,48.87853],[2.40177,48.88033],[2.39904,48.88033],[2.39904,48.87853]]]}},{"type":"Feature","properties":{"ok":1},"geometry":{"type":"Polygon","coordinates":[[[2.39904,48.88033],[2.40177,48.88033],[2.40177,48.88213],[2.39904,48.88213],[2.39904,48.88033]]]}},{"type":"Feature","properties":{"ok":1},"geometry":{"type":"Polygon","coordinates":[[[2.39904,48.88213],[2.40177,48.88213],[2.40177,48.88393],[2.39904,48.88393],[2.39904,48.88213]]]}},{"type":"Feature","properties":{"ok":1},"geometry":{"type":"Polygon","coordinates":[[[2.40177,48.82997],[2.40451,48.82997],[2.40451,48.83177],[2.40177,48.83177],[2.40177,48.82997]]]}},{"type":"Feature","properties":{"ok":1},"geometry":{"type":"Polygon","coordinates":[[[2.40177,48.83177],[2.40451,48.83177],[2.40451,48.83357],[2.40177,48.83357],[2.40177,48.83177]]]}},{"type":"Feature","properties":{"ok":1},"geometry":{"type":"Polygon","coordinates":[[[2.40177,48.83357],[2.40451,48.83357],[2.40451,48.83537],[2.40177,48.83537],[2.40177,48.83357]]]}},{"type":"Feature","properties":{"ok":1},"geometry":{"type":"Polygon","coordinates":[[[2.40177,48.83537],[2.40451,48.83537],[2.40451,48.83716],[2.40177,48.83716],[2.40177,48.83537]]]}},{"type":"Feature","properties":{"ok":1},"geometry":{"type":"Polygon","coordinates":[[[2.40177,48.83716],[2.40451,48.83716],[2.40451,48.83896],[2.40177,48.83896],[2.40177,48.83716]]]}},{"type":"Feature","properties":{"ok":1},"geometry":{"type":"Polygon","coordinates":[[[2.40177,48.83896],[2.40451,48.83896],[2.40451,48.84076],[2.40177,48.84076],[2.40177,48.83896]]]}},{"type":"Feature","properties":{"ok":1},"geometry":{"type":"Polygon","coordinates":[[[2.40177,48.84076],[2.40451,48.84076],[2.40451,48.84256],[2.40177,48.84256],[2.40177,48.84076]]]}},{"type":"Feature","properties":{"ok":1},"geometry":{"type":"Polygon","coordinates":[[[2.40177,48.84256],[2.40451,48.84256],[2.40451,48.84436],[2.40177,48.84436],[2.40177,48.84256]]]}},{"type":"Feature","properties":{"ok":1},"geometry":{"type":"Polygon","coordinates":[[[2.40177,48.84436],[2.40451,48.84436],[2.40451,48.84616],[2.40177,48.84616],[2.40177,48.84436]]]}},{"type":"Feature","properties":{"ok":1},"geometry":{"type":"Polygon","coordinates":[[[2.40177,48.84616],[2.40451,48.84616],[2.40451,48.84796],[2.40177,48.84796],[2.40177,48.84616]]]}},{"type":"Feature","properties":{"ok":1},"geometry":{"type":"Polygon","coordinates":[[[2.40177,48.84796],[2.40451,48.84796],[2.40451,48.84975],[2.40177,48.84975],[2.40177,48.84796]]]}},{"type":"Feature","properties":{"ok":1},"geometry":{"type":"Polygon","coordinates":[[[2.40177,48.84975],[2.40451,48.84975],[2.40451,48.85155],[2.40177,48.85155],[2.40177,48.84975]]]}},{"type":"Feature","properties":{"ok":1},"geometry":{"type":"Polygon","coordinates":[[[2.40177,48.85155],[2.40451,48.85155],[2.40451,48.85335],[2.40177,48.85335],[2.40177,48.85155]]]}},{"type":"Feature","properties":{"ok":1},"geometry":{"type":"Polygon","coordinates":[[[2.40177,48.85335],[2.40451,48.85335],[2.40451,48.85515],[2.40177,48.85515],[2.40177,48.85335]]]}},{"type":"Feature","properties":{"ok":1},"geometry":{"type":"Polygon","coordinates":[[[2.40177,48.85515],[2.40451,48.85515],[2.40451,48.85695],[2.40177,48.85695],[2.40177,48.85515]]]}},{"type":"Feature","properties":{"ok":1},"geometry":{"type":"Polygon","coordinates":[[[2.40177,48.85695],[2.40451,48.85695],[2.40451,48.85875],[2.40177,48.85875],[2.40177,48.85695]]]}},{"type":"Feature","properties":{"ok":1},"geometry":{"type":"Polygon","coordinates":[[[2.40177,48.85875],[2.40451,48.85875],[2.40451,48.86055],[2.40177,48.86055],[2.40177,48.85875]]]}},{"type":"Feature","properties":{"ok":1},"geometry":{"type":"Polygon","coordinates":[[[2.40177,48.86055],[2.40451,48.86055],[2.40451,48.86234],[2.40177,48.86234],[2.40177,48.86055]]]}},{"type":"Feature","properties":{"ok":1},"geometry":{"type":"Polygon","coordinates":[[[2.40177,48.86234],[2.40451,48.86234],[2.40451,48.86414],[2.40177,48.86414],[2.40177,48.86234]]]}},{"type":"Feature","properties":{"ok":1},"geometry":{"type":"Polygon","coordinates":[[[2.40177,48.86414],[2.40451,48.86414],[2.40451,48.86594],[2.40177,48.86594],[2.40177,48.86414]]]}},{"type":"Feature","properties":{"ok":1},"geometry":{"type":"Polygon","coordinates":[[[2.40177,48.86594],[2.40451,48.86594],[2.40451,48.86774],[2.40177,48.86774],[2.40177,48.86594]]]}},{"type":"Feature","properties":{"ok":1},"geometry":{"type":"Polygon","coordinates":[[[2.40177,48.86774],[2.40451,48.86774],[2.40451,48.86954],[2.40177,48.86954],[2.40177,48.86774]]]}},{"type":"Feature","properties":{"ok":1},"geometry":{"type":"Polygon","coordinates":[[[2.40177,48.86954],[2.40451,48.86954],[2.40451,48.87134],[2.40177,48.87134],[2.40177,48.86954]]]}},{"type":"Feature","properties":{"ok":1},"geometry":{"type":"Polygon","coordinates":[[[2.40177,48.87134],[2.40451,48.87134],[2.40451,48.87314],[2.40177,48.87314],[2.40177,48.87134]]]}},{"type":"Feature","properties":{"ok":1},"geometry":{"type":"Polygon","coordinates":[[[2.40177,48.87314],[2.40451,48.87314],[2.40451,48.87494],[2.40177,48.87494],[2.40177,48.87314]]]}},{"type":"Feature","properties":{"ok":1},"geometry":{"type":"Polygon","coordinates":[[[2.40177,48.87494],[2.40451,48.87494],[2.40451,48.87673],[2.40177,48.87673],[2.40177,48.87494]]]}},{"type":"Feature","properties":{"ok":1},"geometry":{"type":"Polygon","coordinates":[[[2.40177,48.87673],[2.40451,48.87673],[2.40451,48.87853],[2.40177,48.87853],[2.40177,48.87673]]]}},{"type":"Feature","properties":{"ok":1},"geometry":{"type":"Polygon","coordinates":[[[2.40177,48.87853],[2.40451,48.87853],[2.40451,48.88033],[2.40177,48.88033],[2.40177,48.87853]]]}},{"type":"Feature","properties":{"ok":1},"geometry":{"type":"Polygon","coordinates":[[[2.40177,48.88033],[2.40451,48.88033],[2.40451,48.88213],[2.40177,48.88213],[2.40177,48.88033]]]}},{"type":"Feature","properties":{"ok":0},"geometry":{"type":"Polygon","coordinates":[[[2.40451,48.82817],[2.40724,48.82817],[2.40724,48.82997],[2.40451,48.82997],[2.40451,48.82817]]]}},{"type":"Feature","properties":{"ok":0},"geometry":{"type":"Polygon","coordinates":[[[2.40451,48.82997],[2.40724,48.82997],[2.40724,48.83177],[2.40451,48.83177],[2.40451,48.82997]]]}},{"type":"Feature","properties":{"ok":1},"geometry":{"type":"Polygon","coordinates":[[[2.40451,48.83177],[2.40724,48.83177],[2.40724,48.83357],[2.40451,48.83357],[2.40451,48.83177]]]}},{"type":"Feature","properties":{"ok":1},"geometry":{"type":"Polygon","coordinates":[[[2.40451,48.83357],[2.40724,48.83357],[2.40724,48.83537],[2.40451,48.83537],[2.40451,48.83357]]]}},{"type":"Feature","properties":{"ok":1},"geometry":{"type":"Polygon","coordinates":[[[2.40451,48.83537],[2.40724,48.83537],[2.40724,48.83716],[2.40451,48.83716],[2.40451,48.83537]]]}},{"type":"Feature","properties":{"ok":1},"geometry":{"type":"Polygon","coordinates":[[[2.40451,48.83716],[2.40724,48.83716],[2.40724,48.83896],[2.40451,48.83896],[2.40451,48.83716]]]}},{"type":"Feature","properties":{"ok":1},"geometry":{"type":"Polygon","coordinates":[[[2.40451,48.83896],[2.40724,48.83896],[2.40724,48.84076],[2.40451,48.84076],[2.40451,48.83896]]]}},{"type":"Feature","properties":{"ok":1},"geometry":{"type":"Polygon","coordinates":[[[2.40451,48.84076],[2.40724,48.84076],[2.40724,48.84256],[2.40451,48.84256],[2.40451,48.84076]]]}},{"type":"Feature","properties":{"ok":1},"geometry":{"type":"Polygon","coordinates":[[[2.40451,48.84256],[2.40724,48.84256],[2.40724,48.84436],[2.40451,48.84436],[2.40451,48.84256]]]}},{"type":"Feature","properties":{"ok":1},"geometry":{"type":"Polygon","coordinates":[[[2.40451,48.84436],[2.40724,48.84436],[2.40724,48.84616],[2.40451,48.84616],[2.40451,48.84436]]]}},{"type":"Feature","properties":{"ok":1},"geometry":{"type":"Polygon","coordinates":[[[2.40451,48.84616],[2.40724,48.84616],[2.40724,48.84796],[2.40451,48.84796],[2.40451,48.84616]]]}},{"type":"Feature","properties":{"ok":1},"geometry":{"type":"Polygon","coordinates":[[[2.40451,48.84796],[2.40724,48.84796],[2.40724,48.84975],[2.40451,48.84975],[2.40451,48.84796]]]}},{"type":"Feature","properties":{"ok":1},"geometry":{"type":"Polygon","coordinates":[[[2.40451,48.84975],[2.40724,48.84975],[2.40724,48.85155],[2.40451,48.85155],[2.40451,48.84975]]]}},{"type":"Feature","properties":{"ok":1},"geometry":{"type":"Polygon","coordinates":[[[2.40451,48.85155],[2.40724,48.85155],[2.40724,48.85335],[2.40451,48.85335],[2.40451,48.85155]]]}},{"type":"Feature","properties":{"ok":1},"geometry":{"type":"Polygon","coordinates":[[[2.40451,48.85335],[2.40724,48.85335],[2.40724,48.85515],[2.40451,48.85515],[2.40451,48.85335]]]}},{"type":"Feature","properties":{"ok":1},"geometry":{"type":"Polygon","coordinates":[[[2.40451,48.85515],[2.40724,48.85515],[2.40724,48.85695],[2.40451,48.85695],[2.40451,48.85515]]]}},{"type":"Feature","properties":{"ok":1},"geometry":{"type":"Polygon","coordinates":[[[2.40451,48.85695],[2.40724,48.85695],[2.40724,48.85875],[2.40451,48.85875],[2.40451,48.85695]]]}},{"type":"Feature","properties":{"ok":1},"geometry":{"type":"Polygon","coordinates":[[[2.40451,48.85875],[2.40724,48.85875],[2.40724,48.86055],[2.40451,48.86055],[2.40451,48.85875]]]}},{"type":"Feature","properties":{"ok":1},"geometry":{"type":"Polygon","coordinates":[[[2.40451,48.86055],[2.40724,48.86055],[2.40724,48.86234],[2.40451,48.86234],[2.40451,48.86055]]]}},{"type":"Feature","properties":{"ok":1},"geometry":{"type":"Polygon","coordinates":[[[2.40451,48.86234],[2.40724,48.86234],[2.40724,48.86414],[2.40451,48.86414],[2.40451,48.86234]]]}},{"type":"Feature","properties":{"ok":1},"geometry":{"type":"Polygon","coordinates":[[[2.40451,48.86414],[2.40724,48.86414],[2.40724,48.86594],[2.40451,48.86594],[2.40451,48.86414]]]}},{"type":"Feature","properties":{"ok":1},"geometry":{"type":"Polygon","coordinates":[[[2.40451,48.86594],[2.40724,48.86594],[2.40724,48.86774],[2.40451,48.86774],[2.40451,48.86594]]]}},{"type":"Feature","properties":{"ok":1},"geometry":{"type":"Polygon","coordinates":[[[2.40451,48.86774],[2.40724,48.86774],[2.40724,48.86954],[2.40451,48.86954],[2.40451,48.86774]]]}},{"type":"Feature","properties":{"ok":1},"geometry":{"type":"Polygon","coordinates":[[[2.40451,48.86954],[2.40724,48.86954],[2.40724,48.87134],[2.40451,48.87134],[2.40451,48.86954]]]}},{"type":"Feature","properties":{"ok":1},"geometry":{"type":"Polygon","coordinates":[[[2.40451,48.87134],[2.40724,48.87134],[2.40724,48.87314],[2.40451,48.87314],[2.40451,48.87134]]]}},{"type":"Feature","properties":{"ok":1},"geometry":{"type":"Polygon","coordinates":[[[2.40451,48.87314],[2.40724,48.87314],[2.40724,48.87494],[2.40451,48.87494],[2.40451,48.87314]]]}},{"type":"Feature","properties":{"ok":1},"geometry":{"type":"Polygon","coordinates":[[[2.40451,48.87494],[2.40724,48.87494],[2.40724,48.87673],[2.40451,48.87673],[2.40451,48.87494]]]}},{"type":"Feature","properties":{"ok":1},"geometry":{"type":"Polygon","coordinates":[[[2.40451,48.87673],[2.40724,48.87673],[2.40724,48.87853],[2.40451,48.87853],[2.40451,48.87673]]]}},{"type":"Feature","properties":{"ok":1},"geometry":{"type":"Polygon","coordinates":[[[2.40451,48.87853],[2.40724,48.87853],[2.40724,48.88033],[2.40451,48.88033],[2.40451,48.87853]]]}},{"type":"Feature","properties":{"ok":0},"geometry":{"type":"Polygon","coordinates":[[[2.40724,48.82637],[2.40997,48.82637],[2.40997,48.82817],[2.40724,48.82817],[2.40724,48.82637]]]}},{"type":"Feature","properties":{"ok":0},"geometry":{"type":"Polygon","coordinates":[[[2.40724,48.82817],[2.40997,48.82817],[2.40997,48.82997],[2.40724,48.82997],[2.40724,48.82817]]]}},{"type":"Feature","properties":{"ok":0},"geometry":{"type":"Polygon","coordinates":[[[2.40724,48.82997],[2.40997,48.82997],[2.40997,48.83177],[2.40724,48.83177],[2.40724,48.82997]]]}},{"type":"Feature","properties":{"ok":1},"geometry":{"type":"Polygon","coordinates":[[[2.40724,48.83177],[2.40997,48.83177],[2.40997,48.83357],[2.40724,48.83357],[2.40724,48.83177]]]}},{"type":"Feature","properties":{"ok":1},"geometry":{"type":"Polygon","coordinates":[[[2.40724,48.83357],[2.40997,48.83357],[2.40997,48.83537],[2.40724,48.83537],[2.40724,48.83357]]]}},{"type":"Feature","properties":{"ok":1},"geometry":{"type":"Polygon","coordinates":[[[2.40724,48.83537],[2.40997,48.83537],[2.40997,48.83716],[2.40724,48.83716],[2.40724,48.83537]]]}},{"type":"Feature","properties":{"ok":1},"geometry":{"type":"Polygon","coordinates":[[[2.40724,48.83716],[2.40997,48.83716],[2.40997,48.83896],[2.40724,48.83896],[2.40724,48.83716]]]}},{"type":"Feature","properties":{"ok":1},"geometry":{"type":"Polygon","coordinates":[[[2.40724,48.83896],[2.40997,48.83896],[2.40997,48.84076],[2.40724,48.84076],[2.40724,48.83896]]]}},{"type":"Feature","properties":{"ok":1},"geometry":{"type":"Polygon","coordinates":[[[2.40724,48.84076],[2.40997,48.84076],[2.40997,48.84256],[2.40724,48.84256],[2.40724,48.84076]]]}},{"type":"Feature","properties":{"ok":1},"geometry":{"type":"Polygon","coordinates":[[[2.40724,48.84256],[2.40997,48.84256],[2.40997,48.84436],[2.40724,48.84436],[2.40724,48.84256]]]}},{"type":"Feature","properties":{"ok":1},"geometry":{"type":"Polygon","coordinates":[[[2.40724,48.84436],[2.40997,48.84436],[2.40997,48.84616],[2.40724,48.84616],[2.40724,48.84436]]]}},{"type":"Feature","properties":{"ok":1},"geometry":{"type":"Polygon","coordinates":[[[2.40724,48.84616],[2.40997,48.84616],[2.40997,48.84796],[2.40724,48.84796],[2.40724,48.84616]]]}},{"type":"Feature","properties":{"ok":1},"geometry":{"type":"Polygon","coordinates":[[[2.40724,48.84796],[2.40997,48.84796],[2.40997,48.84975],[2.40724,48.84975],[2.40724,48.84796]]]}},{"type":"Feature","properties":{"ok":1},"geometry":{"type":"Polygon","coordinates":[[[2.40724,48.84975],[2.40997,48.84975],[2.40997,48.85155],[2.40724,48.85155],[2.40724,48.84975]]]}},{"type":"Feature","properties":{"ok":1},"geometry":{"type":"Polygon","coordinates":[[[2.40724,48.85155],[2.40997,48.85155],[2.40997,48.85335],[2.40724,48.85335],[2.40724,48.85155]]]}},{"type":"Feature","properties":{"ok":1},"geometry":{"type":"Polygon","coordinates":[[[2.40724,48.85335],[2.40997,48.85335],[2.40997,48.85515],[2.40724,48.85515],[2.40724,48.85335]]]}},{"type":"Feature","properties":{"ok":1},"geometry":{"type":"Polygon","coordinates":[[[2.40724,48.85515],[2.40997,48.85515],[2.40997,48.85695],[2.40724,48.85695],[2.40724,48.85515]]]}},{"type":"Feature","properties":{"ok":1},"geometry":{"type":"Polygon","coordinates":[[[2.40724,48.85695],[2.40997,48.85695],[2.40997,48.85875],[2.40724,48.85875],[2.40724,48.85695]]]}},{"type":"Feature","properties":{"ok":1},"geometry":{"type":"Polygon","coordinates":[[[2.40724,48.85875],[2.40997,48.85875],[2.40997,48.86055],[2.40724,48.86055],[2.40724,48.85875]]]}},{"type":"Feature","properties":{"ok":1},"geometry":{"type":"Polygon","coordinates":[[[2.40724,48.86055],[2.40997,48.86055],[2.40997,48.86234],[2.40724,48.86234],[2.40724,48.86055]]]}},{"type":"Feature","properties":{"ok":1},"geometry":{"type":"Polygon","coordinates":[[[2.40724,48.86234],[2.40997,48.86234],[2.40997,48.86414],[2.40724,48.86414],[2.40724,48.86234]]]}},{"type":"Feature","properties":{"ok":1},"geometry":{"type":"Polygon","coordinates":[[[2.40724,48.86414],[2.40997,48.86414],[2.40997,48.86594],[2.40724,48.86594],[2.40724,48.86414]]]}},{"type":"Feature","properties":{"ok":1},"geometry":{"type":"Polygon","coordinates":[[[2.40724,48.86594],[2.40997,48.86594],[2.40997,48.86774],[2.40724,48.86774],[2.40724,48.86594]]]}},{"type":"Feature","properties":{"ok":1},"geometry":{"type":"Polygon","coordinates":[[[2.40724,48.86774],[2.40997,48.86774],[2.40997,48.86954],[2.40724,48.86954],[2.40724,48.86774]]]}},{"type":"Feature","properties":{"ok":1},"geometry":{"type":"Polygon","coordinates":[[[2.40724,48.86954],[2.40997,48.86954],[2.40997,48.87134],[2.40724,48.87134],[2.40724,48.86954]]]}},{"type":"Feature","properties":{"ok":1},"geometry":{"type":"Polygon","coordinates":[[[2.40724,48.87134],[2.40997,48.87134],[2.40997,48.87314],[2.40724,48.87314],[2.40724,48.87134]]]}},{"type":"Feature","properties":{"ok":1},"geometry":{"type":"Polygon","coordinates":[[[2.40724,48.87314],[2.40997,48.87314],[2.40997,48.87494],[2.40724,48.87494],[2.40724,48.87314]]]}},{"type":"Feature","properties":{"ok":1},"geometry":{"type":"Polygon","coordinates":[[[2.40724,48.87494],[2.40997,48.87494],[2.40997,48.87673],[2.40724,48.87673],[2.40724,48.87494]]]}},{"type":"Feature","properties":{"ok":1},"geometry":{"type":"Polygon","coordinates":[[[2.40724,48.87673],[2.40997,48.87673],[2.40997,48.87853],[2.40724,48.87853],[2.40724,48.87673]]]}},{"type":"Feature","properties":{"ok":1},"geometry":{"type":"Polygon","coordinates":[[[2.40724,48.87853],[2.40997,48.87853],[2.40997,48.88033],[2.40724,48.88033],[2.40724,48.87853]]]}},{"type":"Feature","properties":{"ok":0},"geometry":{"type":"Polygon","coordinates":[[[2.40997,48.82457],[2.41271,48.82457],[2.41271,48.82637],[2.40997,48.82637],[2.40997,48.82457]]]}},{"type":"Feature","properties":{"ok":0},"geometry":{"type":"Polygon","coordinates":[[[2.40997,48.82637],[2.41271,48.82637],[2.41271,48.82817],[2.40997,48.82817],[2.40997,48.82637]]]}},{"type":"Feature","properties":{"ok":0},"geometry":{"type":"Polygon","coordinates":[[[2.40997,48.82817],[2.41271,48.82817],[2.41271,48.82997],[2.40997,48.82997],[2.40997,48.82817]]]}},{"type":"Feature","properties":{"ok":0},"geometry":{"type":"Polygon","coordinates":[[[2.40997,48.82997],[2.41271,48.82997],[2.41271,48.83177],[2.40997,48.83177],[2.40997,48.82997]]]}},{"type":"Feature","properties":{"ok":1},"geometry":{"type":"Polygon","coordinates":[[[2.40997,48.83177],[2.41271,48.83177],[2.41271,48.83357],[2.40997,48.83357],[2.40997,48.83177]]]}},{"type":"Feature","properties":{"ok":1},"geometry":{"type":"Polygon","coordinates":[[[2.40997,48.83357],[2.41271,48.83357],[2.41271,48.83537],[2.40997,48.83537],[2.40997,48.83357]]]}},{"type":"Feature","properties":{"ok":1},"geometry":{"type":"Polygon","coordinates":[[[2.40997,48.83537],[2.41271,48.83537],[2.41271,48.83716],[2.40997,48.83716],[2.40997,48.83537]]]}},{"type":"Feature","properties":{"ok":1},"geometry":{"type":"Polygon","coordinates":[[[2.40997,48.83716],[2.41271,48.83716],[2.41271,48.83896],[2.40997,48.83896],[2.40997,48.83716]]]}},{"type":"Feature","properties":{"ok":1},"geometry":{"type":"Polygon","coordinates":[[[2.40997,48.83896],[2.41271,48.83896],[2.41271,48.84076],[2.40997,48.84076],[2.40997,48.83896]]]}},{"type":"Feature","properties":{"ok":1},"geometry":{"type":"Polygon","coordinates":[[[2.40997,48.84076],[2.41271,48.84076],[2.41271,48.84256],[2.40997,48.84256],[2.40997,48.84076]]]}},{"type":"Feature","properties":{"ok":1},"geometry":{"type":"Polygon","coordinates":[[[2.40997,48.84256],[2.41271,48.84256],[2.41271,48.84436],[2.40997,48.84436],[2.40997,48.84256]]]}},{"type":"Feature","properties":{"ok":1},"geometry":{"type":"Polygon","coordinates":[[[2.40997,48.84436],[2.41271,48.84436],[2.41271,48.84616],[2.40997,48.84616],[2.40997,48.84436]]]}},{"type":"Feature","properties":{"ok":1},"geometry":{"type":"Polygon","coordinates":[[[2.40997,48.84616],[2.41271,48.84616],[2.41271,48.84796],[2.40997,48.84796],[2.40997,48.84616]]]}},{"type":"Feature","properties":{"ok":1},"geometry":{"type":"Polygon","coordinates":[[[2.40997,48.84796],[2.41271,48.84796],[2.41271,48.84975],[2.40997,48.84975],[2.40997,48.84796]]]}},{"type":"Feature","properties":{"ok":1},"geometry":{"type":"Polygon","coordinates":[[[2.40997,48.84975],[2.41271,48.84975],[2.41271,48.85155],[2.40997,48.85155],[2.40997,48.84975]]]}},{"type":"Feature","properties":{"ok":1},"geometry":{"type":"Polygon","coordinates":[[[2.40997,48.85155],[2.41271,48.85155],[2.41271,48.85335],[2.40997,48.85335],[2.40997,48.85155]]]}},{"type":"Feature","properties":{"ok":1},"geometry":{"type":"Polygon","coordinates":[[[2.40997,48.85335],[2.41271,48.85335],[2.41271,48.85515],[2.40997,48.85515],[2.40997,48.85335]]]}},{"type":"Feature","properties":{"ok":1},"geometry":{"type":"Polygon","coordinates":[[[2.40997,48.85515],[2.41271,48.85515],[2.41271,48.85695],[2.40997,48.85695],[2.40997,48.85515]]]}},{"type":"Feature","properties":{"ok":1},"geometry":{"type":"Polygon","coordinates":[[[2.40997,48.85695],[2.41271,48.85695],[2.41271,48.85875],[2.40997,48.85875],[2.40997,48.85695]]]}},{"type":"Feature","properties":{"ok":1},"geometry":{"type":"Polygon","coordinates":[[[2.40997,48.85875],[2.41271,48.85875],[2.41271,48.86055],[2.40997,48.86055],[2.40997,48.85875]]]}},{"type":"Feature","properties":{"ok":1},"geometry":{"type":"Polygon","coordinates":[[[2.40997,48.86055],[2.41271,48.86055],[2.41271,48.86234],[2.40997,48.86234],[2.40997,48.86055]]]}},{"type":"Feature","properties":{"ok":1},"geometry":{"type":"Polygon","coordinates":[[[2.40997,48.86234],[2.41271,48.86234],[2.41271,48.86414],[2.40997,48.86414],[2.40997,48.86234]]]}},{"type":"Feature","properties":{"ok":1},"geometry":{"type":"Polygon","coordinates":[[[2.40997,48.86414],[2.41271,48.86414],[2.41271,48.86594],[2.40997,48.86594],[2.40997,48.86414]]]}},{"type":"Feature","properties":{"ok":1},"geometry":{"type":"Polygon","coordinates":[[[2.40997,48.86594],[2.41271,48.86594],[2.41271,48.86774],[2.40997,48.86774],[2.40997,48.86594]]]}},{"type":"Feature","properties":{"ok":1},"geometry":{"type":"Polygon","coordinates":[[[2.40997,48.86774],[2.41271,48.86774],[2.41271,48.86954],[2.40997,48.86954],[2.40997,48.86774]]]}},{"type":"Feature","properties":{"ok":1},"geometry":{"type":"Polygon","coordinates":[[[2.40997,48.86954],[2.41271,48.86954],[2.41271,48.87134],[2.40997,48.87134],[2.40997,48.86954]]]}},{"type":"Feature","properties":{"ok":1},"geometry":{"type":"Polygon","coordinates":[[[2.40997,48.87134],[2.41271,48.87134],[2.41271,48.87314],[2.40997,48.87314],[2.40997,48.87134]]]}},{"type":"Feature","properties":{"ok":1},"geometry":{"type":"Polygon","coordinates":[[[2.40997,48.87314],[2.41271,48.87314],[2.41271,48.87494],[2.40997,48.87494],[2.40997,48.87314]]]}},{"type":"Feature","properties":{"ok":1},"geometry":{"type":"Polygon","coordinates":[[[2.40997,48.87494],[2.41271,48.87494],[2.41271,48.87673],[2.40997,48.87673],[2.40997,48.87494]]]}},{"type":"Feature","properties":{"ok":1},"geometry":{"type":"Polygon","coordinates":[[[2.40997,48.87673],[2.41271,48.87673],[2.41271,48.87853],[2.40997,48.87853],[2.40997,48.87673]]]}},{"type":"Feature","properties":{"ok":0},"geometry":{"type":"Polygon","coordinates":[[[2.41271,48.82457],[2.41544,48.82457],[2.41544,48.82637],[2.41271,48.82637],[2.41271,48.82457]]]}},{"type":"Feature","properties":{"ok":0},"geometry":{"type":"Polygon","coordinates":[[[2.41271,48.82637],[2.41544,48.82637],[2.41544,48.82817],[2.41271,48.82817],[2.41271,48.82637]]]}},{"type":"Feature","properties":{"ok":0},"geometry":{"type":"Polygon","coordinates":[[[2.41271,48.82817],[2.41544,48.82817],[2.41544,48.82997],[2.41271,48.82997],[2.41271,48.82817]]]}},{"type":"Feature","properties":{"ok":1},"geometry":{"type":"Polygon","coordinates":[[[2.41271,48.82997],[2.41544,48.82997],[2.41544,48.83177],[2.41271,48.83177],[2.41271,48.82997]]]}},{"type":"Feature","properties":{"ok":1},"geometry":{"type":"Polygon","coordinates":[[[2.41271,48.83177],[2.41544,48.83177],[2.41544,48.83357],[2.41271,48.83357],[2.41271,48.83177]]]}},{"type":"Feature","properties":{"ok":1},"geometry":{"type":"Polygon","coordinates":[[[2.41271,48.83896],[2.41544,48.83896],[2.41544,48.84076],[2.41271,48.84076],[2.41271,48.83896]]]}},{"type":"Feature","properties":{"ok":1},"geometry":{"type":"Polygon","coordinates":[[[2.41271,48.84076],[2.41544,48.84076],[2.41544,48.84256],[2.41271,48.84256],[2.41271,48.84076]]]}},{"type":"Feature","properties":{"ok":1},"geometry":{"type":"Polygon","coordinates":[[[2.41271,48.84256],[2.41544,48.84256],[2.41544,48.84436],[2.41271,48.84436],[2.41271,48.84256]]]}},{"type":"Feature","properties":{"ok":1},"geometry":{"type":"Polygon","coordinates":[[[2.41271,48.84436],[2.41544,48.84436],[2.41544,48.84616],[2.41271,48.84616],[2.41271,48.84436]]]}},{"type":"Feature","properties":{"ok":1},"geometry":{"type":"Polygon","coordinates":[[[2.41271,48.84616],[2.41544,48.84616],[2.41544,48.84796],[2.41271,48.84796],[2.41271,48.84616]]]}},{"type":"Feature","properties":{"ok":1},"geometry":{"type":"Polygon","coordinates":[[[2.41271,48.84796],[2.41544,48.84796],[2.41544,48.84975],[2.41271,48.84975],[2.41271,48.84796]]]}},{"type":"Feature","properties":{"ok":1},"geometry":{"type":"Polygon","coordinates":[[[2.41271,48.84975],[2.41544,48.84975],[2.41544,48.85155],[2.41271,48.85155],[2.41271,48.84975]]]}},{"type":"Feature","properties":{"ok":1},"geometry":{"type":"Polygon","coordinates":[[[2.41271,48.85155],[2.41544,48.85155],[2.41544,48.85335],[2.41271,48.85335],[2.41271,48.85155]]]}},{"type":"Feature","properties":{"ok":1},"geometry":{"type":"Polygon","coordinates":[[[2.41271,48.85335],[2.41544,48.85335],[2.41544,48.85515],[2.41271,48.85515],[2.41271,48.85335]]]}},{"type":"Feature","properties":{"ok":1},"geometry":{"type":"Polygon","coordinates":[[[2.41271,48.85515],[2.41544,48.85515],[2.41544,48.85695],[2.41271,48.85695],[2.41271,48.85515]]]}},{"type":"Feature","properties":{"ok":1},"geometry":{"type":"Polygon","coordinates":[[[2.41271,48.85695],[2.41544,48.85695],[2.41544,48.85875],[2.41271,48.85875],[2.41271,48.85695]]]}},{"type":"Feature","properties":{"ok":1},"geometry":{"type":"Polygon","coordinates":[[[2.41271,48.85875],[2.41544,48.85875],[2.41544,48.86055],[2.41271,48.86055],[2.41271,48.85875]]]}},{"type":"Feature","properties":{"ok":1},"geometry":{"type":"Polygon","coordinates":[[[2.41271,48.86055],[2.41544,48.86055],[2.41544,48.86234],[2.41271,48.86234],[2.41271,48.86055]]]}},{"type":"Feature","properties":{"ok":0},"geometry":{"type":"Polygon","coordinates":[[[2.41544,48.82457],[2.41817,48.82457],[2.41817,48.82637],[2.41544,48.82637],[2.41544,48.82457]]]}},{"type":"Feature","properties":{"ok":0},"geometry":{"type":"Polygon","coordinates":[[[2.41544,48.82637],[2.41817,48.82637],[2.41817,48.82817],[2.41544,48.82817],[2.41544,48.82637]]]}},{"type":"Feature","properties":{"ok":1},"geometry":{"type":"Polygon","coordinates":[[[2.41544,48.82817],[2.41817,48.82817],[2.41817,48.82997],[2.41544,48.82997],[2.41544,48.82817]]]}},{"type":"Feature","properties":{"ok":0},"geometry":{"type":"Polygon","coordinates":[[[2.41544,48.82997],[2.41817,48.82997],[2.41817,48.83177],[2.41544,48.83177],[2.41544,48.82997]]]}},{"type":"Feature","properties":{"ok":1},"geometry":{"type":"Polygon","coordinates":[[[2.41544,48.83177],[2.41817,48.83177],[2.41817,48.83357],[2.41544,48.83357],[2.41544,48.83177]]]}},{"type":"Feature","properties":{"ok":0},"geometry":{"type":"Polygon","coordinates":[[[2.41817,48.82457],[2.42091,48.82457],[2.42091,48.82637],[2.41817,48.82637],[2.41817,48.82457]]]}},{"type":"Feature","properties":{"ok":1},"geometry":{"type":"Polygon","coordinates":[[[2.41817,48.82637],[2.42091,48.82637],[2.42091,48.82817],[2.41817,48.82817],[2.41817,48.82637]]]}},{"type":"Feature","properties":{"ok":1},"geometry":{"type":"Polygon","coordinates":[[[2.41817,48.82817],[2.42091,48.82817],[2.42091,48.82997],[2.41817,48.82997],[2.41817,48.82817]]]}},{"type":"Feature","properties":{"ok":1},"geometry":{"type":"Polygon","coordinates":[[[2.41817,48.82997],[2.42091,48.82997],[2.42091,48.83177],[2.41817,48.83177],[2.41817,48.82997]]]}},{"type":"Feature","properties":{"ok":1},"geometry":{"type":"Polygon","coordinates":[[[2.41817,48.83177],[2.42091,48.83177],[2.42091,48.83357],[2.41817,48.83357],[2.41817,48.83177]]]}},{"type":"Feature","properties":{"ok":1},"geometry":{"type":"Polygon","coordinates":[[[2.41817,48.83357],[2.42091,48.83357],[2.42091,48.83537],[2.41817,48.83537],[2.41817,48.83357]]]}},{"type":"Feature","properties":{"ok":0},"geometry":{"type":"Polygon","coordinates":[[[2.42091,48.82457],[2.42364,48.82457],[2.42364,48.82637],[2.42091,48.82637],[2.42091,48.82457]]]}},{"type":"Feature","properties":{"ok":0},"geometry":{"type":"Polygon","coordinates":[[[2.42091,48.82637],[2.42364,48.82637],[2.42364,48.82817],[2.42091,48.82817],[2.42091,48.82637]]]}},{"type":"Feature","properties":{"ok":1},"geometry":{"type":"Polygon","coordinates":[[[2.42091,48.82817],[2.42364,48.82817],[2.42364,48.82997],[2.42091,48.82997],[2.42091,48.82817]]]}},{"type":"Feature","properties":{"ok":1},"geometry":{"type":"Polygon","coordinates":[[[2.42091,48.82997],[2.42364,48.82997],[2.42364,48.83177],[2.42091,48.83177],[2.42091,48.82997]]]}},{"type":"Feature","properties":{"ok":1},"geometry":{"type":"Polygon","coordinates":[[[2.42091,48.83177],[2.42364,48.83177],[2.42364,48.83357],[2.42091,48.83357],[2.42091,48.83177]]]}},{"type":"Feature","properties":{"ok":1},"geometry":{"type":"Polygon","coordinates":[[[2.42091,48.83357],[2.42364,48.83357],[2.42364,48.83537],[2.42091,48.83537],[2.42091,48.83357]]]}},{"type":"Feature","properties":{"ok":1},"geometry":{"type":"Polygon","coordinates":[[[2.42091,48.83537],[2.42364,48.83537],[2.42364,48.83716],[2.42091,48.83716],[2.42091,48.83537]]]}},{"type":"Feature","properties":{"ok":1},"geometry":{"type":"Polygon","coordinates":[[[2.42091,48.83716],[2.42364,48.83716],[2.42364,48.83896],[2.42091,48.83896],[2.42091,48.83716]]]}},{"type":"Feature","properties":{"ok":0},"geometry":{"type":"Polygon","coordinates":[[[2.42091,48.83896],[2.42364,48.83896],[2.42364,48.84076],[2.42091,48.84076],[2.42091,48.83896]]]}},{"type":"Feature","properties":{"ok":1},"geometry":{"type":"Polygon","coordinates":[[[2.42091,48.84076],[2.42364,48.84076],[2.42364,48.84256],[2.42091,48.84256],[2.42091,48.84076]]]}},{"type":"Feature","properties":{"ok":1},"geometry":{"type":"Polygon","coordinates":[[[2.42091,48.84256],[2.42364,48.84256],[2.42364,48.84436],[2.42091,48.84436],[2.42091,48.84256]]]}},{"type":"Feature","properties":{"ok":0},"geometry":{"type":"Polygon","coordinates":[[[2.42364,48.82457],[2.42638,48.82457],[2.42638,48.82637],[2.42364,48.82637],[2.42364,48.82457]]]}},{"type":"Feature","properties":{"ok":0},"geometry":{"type":"Polygon","coordinates":[[[2.42364,48.82637],[2.42638,48.82637],[2.42638,48.82817],[2.42364,48.82817],[2.42364,48.82637]]]}},{"type":"Feature","properties":{"ok":0},"geometry":{"type":"Polygon","coordinates":[[[2.42364,48.82817],[2.42638,48.82817],[2.42638,48.82997],[2.42364,48.82997],[2.42364,48.82817]]]}},{"type":"Feature","properties":{"ok":0},"geometry":{"type":"Polygon","coordinates":[[[2.42364,48.82997],[2.42638,48.82997],[2.42638,48.83177],[2.42364,48.83177],[2.42364,48.82997]]]}},{"type":"Feature","properties":{"ok":0},"geometry":{"type":"Polygon","coordinates":[[[2.42364,48.83177],[2.42638,48.83177],[2.42638,48.83357],[2.42364,48.83357],[2.42364,48.83177]]]}},{"type":"Feature","properties":{"ok":1},"geometry":{"type":"Polygon","coordinates":[[[2.42364,48.83357],[2.42638,48.83357],[2.42638,48.83537],[2.42364,48.83537],[2.42364,48.83357]]]}},{"type":"Feature","properties":{"ok":1},"geometry":{"type":"Polygon","coordinates":[[[2.42364,48.83537],[2.42638,48.83537],[2.42638,48.83716],[2.42364,48.83716],[2.42364,48.83537]]]}},{"type":"Feature","properties":{"ok":1},"geometry":{"type":"Polygon","coordinates":[[[2.42364,48.83716],[2.42638,48.83716],[2.42638,48.83896],[2.42364,48.83896],[2.42364,48.83716]]]}},{"type":"Feature","properties":{"ok":1},"geometry":{"type":"Polygon","coordinates":[[[2.42364,48.83896],[2.42638,48.83896],[2.42638,48.84076],[2.42364,48.84076],[2.42364,48.83896]]]}},{"type":"Feature","properties":{"ok":1},"geometry":{"type":"Polygon","coordinates":[[[2.42364,48.84076],[2.42638,48.84076],[2.42638,48.84256],[2.42364,48.84256],[2.42364,48.84076]]]}},{"type":"Feature","properties":{"ok":0},"geometry":{"type":"Polygon","coordinates":[[[2.42638,48.82457],[2.42911,48.82457],[2.42911,48.82637],[2.42638,48.82637],[2.42638,48.82457]]]}},{"type":"Feature","properties":{"ok":0},"geometry":{"type":"Polygon","coordinates":[[[2.42638,48.82637],[2.42911,48.82637],[2.42911,48.82817],[2.42638,48.82817],[2.42638,48.82637]]]}},{"type":"Feature","properties":{"ok":0},"geometry":{"type":"Polygon","coordinates":[[[2.42638,48.82817],[2.42911,48.82817],[2.42911,48.82997],[2.42638,48.82997],[2.42638,48.82817]]]}},{"type":"Feature","properties":{"ok":0},"geometry":{"type":"Polygon","coordinates":[[[2.42638,48.82997],[2.42911,48.82997],[2.42911,48.83177],[2.42638,48.83177],[2.42638,48.82997]]]}},{"type":"Feature","properties":{"ok":0},"geometry":{"type":"Polygon","coordinates":[[[2.42638,48.83177],[2.42911,48.83177],[2.42911,48.83357],[2.42638,48.83357],[2.42638,48.83177]]]}},{"type":"Feature","properties":{"ok":0},"geometry":{"type":"Polygon","coordinates":[[[2.42638,48.83357],[2.42911,48.83357],[2.42911,48.83537],[2.42638,48.83537],[2.42638,48.83357]]]}},{"type":"Feature","properties":{"ok":1},"geometry":{"type":"Polygon","coordinates":[[[2.42638,48.83537],[2.42911,48.83537],[2.42911,48.83716],[2.42638,48.83716],[2.42638,48.83537]]]}},{"type":"Feature","properties":{"ok":1},"geometry":{"type":"Polygon","coordinates":[[[2.42638,48.83716],[2.42911,48.83716],[2.42911,48.83896],[2.42638,48.83896],[2.42638,48.83716]]]}},{"type":"Feature","properties":{"ok":1},"geometry":{"type":"Polygon","coordinates":[[[2.42638,48.83896],[2.42911,48.83896],[2.42911,48.84076],[2.42638,48.84076],[2.42638,48.83896]]]}},{"type":"Feature","properties":{"ok":0},"geometry":{"type":"Polygon","coordinates":[[[2.42911,48.82277],[2.43184,48.82277],[2.43184,48.82457],[2.42911,48.82457],[2.42911,48.82277]]]}},{"type":"Feature","properties":{"ok":0},"geometry":{"type":"Polygon","coordinates":[[[2.42911,48.82457],[2.43184,48.82457],[2.43184,48.82637],[2.42911,48.82637],[2.42911,48.82457]]]}},{"type":"Feature","properties":{"ok":0},"geometry":{"type":"Polygon","coordinates":[[[2.42911,48.82637],[2.43184,48.82637],[2.43184,48.82817],[2.42911,48.82817],[2.42911,48.82637]]]}},{"type":"Feature","properties":{"ok":0},"geometry":{"type":"Polygon","coordinates":[[[2.42911,48.82817],[2.43184,48.82817],[2.43184,48.82997],[2.42911,48.82997],[2.42911,48.82817]]]}},{"type":"Feature","properties":{"ok":0},"geometry":{"type":"Polygon","coordinates":[[[2.42911,48.82997],[2.43184,48.82997],[2.43184,48.83177],[2.42911,48.83177],[2.42911,48.82997]]]}},{"type":"Feature","properties":{"ok":0},"geometry":{"type":"Polygon","coordinates":[[[2.42911,48.83177],[2.43184,48.83177],[2.43184,48.83357],[2.42911,48.83357],[2.42911,48.83177]]]}},{"type":"Feature","properties":{"ok":0},"geometry":{"type":"Polygon","coordinates":[[[2.42911,48.83357],[2.43184,48.83357],[2.43184,48.83537],[2.42911,48.83537],[2.42911,48.83357]]]}},{"type":"Feature","properties":{"ok":0},"geometry":{"type":"Polygon","coordinates":[[[2.42911,48.83537],[2.43184,48.83537],[2.43184,48.83716],[2.42911,48.83716],[2.42911,48.83537]]]}},{"type":"Feature","properties":{"ok":1},"geometry":{"type":"Polygon","coordinates":[[[2.42911,48.83716],[2.43184,48.83716],[2.43184,48.83896],[2.42911,48.83896],[2.42911,48.83716]]]}},{"type":"Feature","properties":{"ok":1},"geometry":{"type":"Polygon","coordinates":[[[2.42911,48.83896],[2.43184,48.83896],[2.43184,48.84076],[2.42911,48.84076],[2.42911,48.83896]]]}},{"type":"Feature","properties":{"ok":0},"geometry":{"type":"Polygon","coordinates":[[[2.43184,48.82098],[2.43458,48.82098],[2.43458,48.82277],[2.43184,48.82277],[2.43184,48.82098]]]}},{"type":"Feature","properties":{"ok":0},"geometry":{"type":"Polygon","coordinates":[[[2.43184,48.82277],[2.43458,48.82277],[2.43458,48.82457],[2.43184,48.82457],[2.43184,48.82277]]]}},{"type":"Feature","properties":{"ok":0},"geometry":{"type":"Polygon","coordinates":[[[2.43184,48.82457],[2.43458,48.82457],[2.43458,48.82637],[2.43184,48.82637],[2.43184,48.82457]]]}},{"type":"Feature","properties":{"ok":0},"geometry":{"type":"Polygon","coordinates":[[[2.43184,48.82637],[2.43458,48.82637],[2.43458,48.82817],[2.43184,48.82817],[2.43184,48.82637]]]}},{"type":"Feature","properties":{"ok":0},"geometry":{"type":"Polygon","coordinates":[[[2.43184,48.82817],[2.43458,48.82817],[2.43458,48.82997],[2.43184,48.82997],[2.43184,48.82817]]]}},{"type":"Feature","properties":{"ok":0},"geometry":{"type":"Polygon","coordinates":[[[2.43184,48.82997],[2.43458,48.82997],[2.43458,48.83177],[2.43184,48.83177],[2.43184,48.82997]]]}},{"type":"Feature","properties":{"ok":0},"geometry":{"type":"Polygon","coordinates":[[[2.43184,48.83177],[2.43458,48.83177],[2.43458,48.83357],[2.43184,48.83357],[2.43184,48.83177]]]}},{"type":"Feature","properties":{"ok":0},"geometry":{"type":"Polygon","coordinates":[[[2.43184,48.83357],[2.43458,48.83357],[2.43458,48.83537],[2.43184,48.83537],[2.43184,48.83357]]]}},{"type":"Feature","properties":{"ok":0},"geometry":{"type":"Polygon","coordinates":[[[2.43184,48.83537],[2.43458,48.83537],[2.43458,48.83716],[2.43184,48.83716],[2.43184,48.83537]]]}},{"type":"Feature","properties":{"ok":1},"geometry":{"type":"Polygon","coordinates":[[[2.43184,48.83716],[2.43458,48.83716],[2.43458,48.83896],[2.43184,48.83896],[2.43184,48.83716]]]}},{"type":"Feature","properties":{"ok":1},"geometry":{"type":"Polygon","coordinates":[[[2.43184,48.83896],[2.43458,48.83896],[2.43458,48.84076],[2.43184,48.84076],[2.43184,48.83896]]]}},{"type":"Feature","properties":{"ok":0},"geometry":{"type":"Polygon","coordinates":[[[2.43458,48.81918],[2.43731,48.81918],[2.43731,48.82098],[2.43458,48.82098],[2.43458,48.81918]]]}},{"type":"Feature","properties":{"ok":0},"geometry":{"type":"Polygon","coordinates":[[[2.43458,48.82098],[2.43731,48.82098],[2.43731,48.82277],[2.43458,48.82277],[2.43458,48.82098]]]}},{"type":"Feature","properties":{"ok":0},"geometry":{"type":"Polygon","coordinates":[[[2.43458,48.82277],[2.43731,48.82277],[2.43731,48.82457],[2.43458,48.82457],[2.43458,48.82277]]]}},{"type":"Feature","properties":{"ok":0},"geometry":{"type":"Polygon","coordinates":[[[2.43458,48.82457],[2.43731,48.82457],[2.43731,48.82637],[2.43458,48.82637],[2.43458,48.82457]]]}},{"type":"Feature","properties":{"ok":0},"geometry":{"type":"Polygon","coordinates":[[[2.43458,48.82637],[2.43731,48.82637],[2.43731,48.82817],[2.43458,48.82817],[2.43458,48.82637]]]}},{"type":"Feature","properties":{"ok":0},"geometry":{"type":"Polygon","coordinates":[[[2.43458,48.82817],[2.43731,48.82817],[2.43731,48.82997],[2.43458,48.82997],[2.43458,48.82817]]]}},{"type":"Feature","properties":{"ok":0},"geometry":{"type":"Polygon","coordinates":[[[2.43458,48.82997],[2.43731,48.82997],[2.43731,48.83177],[2.43458,48.83177],[2.43458,48.82997]]]}},{"type":"Feature","properties":{"ok":0},"geometry":{"type":"Polygon","coordinates":[[[2.43458,48.83177],[2.43731,48.83177],[2.43731,48.83357],[2.43458,48.83357],[2.43458,48.83177]]]}},{"type":"Feature","properties":{"ok":0},"geometry":{"type":"Polygon","coordinates":[[[2.43458,48.83357],[2.43731,48.83357],[2.43731,48.83537],[2.43458,48.83537],[2.43458,48.83357]]]}},{"type":"Feature","properties":{"ok":0},"geometry":{"type":"Polygon","coordinates":[[[2.43458,48.83537],[2.43731,48.83537],[2.43731,48.83716],[2.43458,48.83716],[2.43458,48.83537]]]}},{"type":"Feature","properties":{"ok":1},"geometry":{"type":"Polygon","coordinates":[[[2.43458,48.83716],[2.43731,48.83716],[2.43731,48.83896],[2.43458,48.83896],[2.43458,48.83716]]]}},{"type":"Feature","properties":{"ok":1},"geometry":{"type":"Polygon","coordinates":[[[2.43458,48.83896],[2.43731,48.83896],[2.43731,48.84076],[2.43458,48.84076],[2.43458,48.83896]]]}},{"type":"Feature","properties":{"ok":0},"geometry":{"type":"Polygon","coordinates":[[[2.43731,48.81918],[2.44004,48.81918],[2.44004,48.82098],[2.43731,48.82098],[2.43731,48.81918]]]}},{"type":"Feature","properties":{"ok":0},"geometry":{"type":"Polygon","coordinates":[[[2.43731,48.82098],[2.44004,48.82098],[2.44004,48.82277],[2.43731,48.82277],[2.43731,48.82098]]]}},{"type":"Feature","properties":{"ok":0},"geometry":{"type":"Polygon","coordinates":[[[2.43731,48.82277],[2.44004,48.82277],[2.44004,48.82457],[2.43731,48.82457],[2.43731,48.82277]]]}},{"type":"Feature","properties":{"ok":0},"geometry":{"type":"Polygon","coordinates":[[[2.43731,48.82457],[2.44004,48.82457],[2.44004,48.82637],[2.43731,48.82637],[2.43731,48.82457]]]}},{"type":"Feature","properties":{"ok":0},"geometry":{"type":"Polygon","coordinates":[[[2.43731,48.82637],[2.44004,48.82637],[2.44004,48.82817],[2.43731,48.82817],[2.43731,48.82637]]]}},{"type":"Feature","properties":{"ok":0},"geometry":{"type":"Polygon","coordinates":[[[2.43731,48.82817],[2.44004,48.82817],[2.44004,48.82997],[2.43731,48.82997],[2.43731,48.82817]]]}},{"type":"Feature","properties":{"ok":0},"geometry":{"type":"Polygon","coordinates":[[[2.43731,48.82997],[2.44004,48.82997],[2.44004,48.83177],[2.43731,48.83177],[2.43731,48.82997]]]}},{"type":"Feature","properties":{"ok":0},"geometry":{"type":"Polygon","coordinates":[[[2.43731,48.83177],[2.44004,48.83177],[2.44004,48.83357],[2.43731,48.83357],[2.43731,48.83177]]]}},{"type":"Feature","properties":{"ok":0},"geometry":{"type":"Polygon","coordinates":[[[2.43731,48.83357],[2.44004,48.83357],[2.44004,48.83537],[2.43731,48.83537],[2.43731,48.83357]]]}},{"type":"Feature","properties":{"ok":1},"geometry":{"type":"Polygon","coordinates":[[[2.43731,48.83537],[2.44004,48.83537],[2.44004,48.83716],[2.43731,48.83716],[2.43731,48.83537]]]}},{"type":"Feature","properties":{"ok":1},"geometry":{"type":"Polygon","coordinates":[[[2.43731,48.83716],[2.44004,48.83716],[2.44004,48.83896],[2.43731,48.83896],[2.43731,48.83716]]]}},{"type":"Feature","properties":{"ok":1},"geometry":{"type":"Polygon","coordinates":[[[2.43731,48.83896],[2.44004,48.83896],[2.44004,48.84076],[2.43731,48.84076],[2.43731,48.83896]]]}},{"type":"Feature","properties":{"ok":1},"geometry":{"type":"Polygon","coordinates":[[[2.43731,48.84076],[2.44004,48.84076],[2.44004,48.84256],[2.43731,48.84256],[2.43731,48.84076]]]}},{"type":"Feature","properties":{"ok":1},"geometry":{"type":"Polygon","coordinates":[[[2.43731,48.84256],[2.44004,48.84256],[2.44004,48.84436],[2.43731,48.84436],[2.43731,48.84256]]]}},{"type":"Feature","properties":{"ok":0},"geometry":{"type":"Polygon","coordinates":[[[2.44004,48.81738],[2.44278,48.81738],[2.44278,48.81918],[2.44004,48.81918],[2.44004,48.81738]]]}},{"type":"Feature","properties":{"ok":0},"geometry":{"type":"Polygon","coordinates":[[[2.44004,48.81918],[2.44278,48.81918],[2.44278,48.82098],[2.44004,48.82098],[2.44004,48.81918]]]}},{"type":"Feature","properties":{"ok":0},"geometry":{"type":"Polygon","coordinates":[[[2.44004,48.82098],[2.44278,48.82098],[2.44278,48.82277],[2.44004,48.82277],[2.44004,48.82098]]]}},{"type":"Feature","properties":{"ok":0},"geometry":{"type":"Polygon","coordinates":[[[2.44004,48.82277],[2.44278,48.82277],[2.44278,48.82457],[2.44004,48.82457],[2.44004,48.82277]]]}},{"type":"Feature","properties":{"ok":0},"geometry":{"type":"Polygon","coordinates":[[[2.44004,48.82457],[2.44278,48.82457],[2.44278,48.82637],[2.44004,48.82637],[2.44004,48.82457]]]}},{"type":"Feature","properties":{"ok":0},"geometry":{"type":"Polygon","coordinates":[[[2.44004,48.82637],[2.44278,48.82637],[2.44278,48.82817],[2.44004,48.82817],[2.44004,48.82637]]]}},{"type":"Feature","properties":{"ok":0},"geometry":{"type":"Polygon","coordinates":[[[2.44004,48.82817],[2.44278,48.82817],[2.44278,48.82997],[2.44004,48.82997],[2.44004,48.82817]]]}},{"type":"Feature","properties":{"ok":0},"geometry":{"type":"Polygon","coordinates":[[[2.44004,48.82997],[2.44278,48.82997],[2.44278,48.83177],[2.44004,48.83177],[2.44004,48.82997]]]}},{"type":"Feature","properties":{"ok":0},"geometry":{"type":"Polygon","coordinates":[[[2.44004,48.83177],[2.44278,48.83177],[2.44278,48.83357],[2.44004,48.83357],[2.44004,48.83177]]]}},{"type":"Feature","properties":{"ok":1},"geometry":{"type":"Polygon","coordinates":[[[2.44004,48.83357],[2.44278,48.83357],[2.44278,48.83537],[2.44004,48.83537],[2.44004,48.83357]]]}},{"type":"Feature","properties":{"ok":1},"geometry":{"type":"Polygon","coordinates":[[[2.44004,48.83537],[2.44278,48.83537],[2.44278,48.83716],[2.44004,48.83716],[2.44004,48.83537]]]}},{"type":"Feature","properties":{"ok":1},"geometry":{"type":"Polygon","coordinates":[[[2.44004,48.83716],[2.44278,48.83716],[2.44278,48.83896],[2.44004,48.83896],[2.44004,48.83716]]]}},{"type":"Feature","properties":{"ok":0},"geometry":{"type":"Polygon","coordinates":[[[2.44004,48.83896],[2.44278,48.83896],[2.44278,48.84076],[2.44004,48.84076],[2.44004,48.83896]]]}},{"type":"Feature","properties":{"ok":1},"geometry":{"type":"Polygon","coordinates":[[[2.44004,48.84076],[2.44278,48.84076],[2.44278,48.84256],[2.44004,48.84256],[2.44004,48.84076]]]}},{"type":"Feature","properties":{"ok":1},"geometry":{"type":"Polygon","coordinates":[[[2.44004,48.84256],[2.44278,48.84256],[2.44278,48.84436],[2.44004,48.84436],[2.44004,48.84256]]]}},{"type":"Feature","properties":{"ok":1},"geometry":{"type":"Polygon","coordinates":[[[2.44004,48.84436],[2.44278,48.84436],[2.44278,48.84616],[2.44004,48.84616],[2.44004,48.84436]]]}},{"type":"Feature","properties":{"ok":0},"geometry":{"type":"Polygon","coordinates":[[[2.44278,48.81738],[2.44551,48.81738],[2.44551,48.81918],[2.44278,48.81918],[2.44278,48.81738]]]}},{"type":"Feature","properties":{"ok":0},"geometry":{"type":"Polygon","coordinates":[[[2.44278,48.81918],[2.44551,48.81918],[2.44551,48.82098],[2.44278,48.82098],[2.44278,48.81918]]]}},{"type":"Feature","properties":{"ok":0},"geometry":{"type":"Polygon","coordinates":[[[2.44278,48.82098],[2.44551,48.82098],[2.44551,48.82277],[2.44278,48.82277],[2.44278,48.82098]]]}},{"type":"Feature","properties":{"ok":0},"geometry":{"type":"Polygon","coordinates":[[[2.44278,48.82277],[2.44551,48.82277],[2.44551,48.82457],[2.44278,48.82457],[2.44278,48.82277]]]}},{"type":"Feature","properties":{"ok":0},"geometry":{"type":"Polygon","coordinates":[[[2.44278,48.82457],[2.44551,48.82457],[2.44551,48.82637],[2.44278,48.82637],[2.44278,48.82457]]]}},{"type":"Feature","properties":{"ok":0},"geometry":{"type":"Polygon","coordinates":[[[2.44278,48.82637],[2.44551,48.82637],[2.44551,48.82817],[2.44278,48.82817],[2.44278,48.82637]]]}},{"type":"Feature","properties":{"ok":0},"geometry":{"type":"Polygon","coordinates":[[[2.44278,48.82817],[2.44551,48.82817],[2.44551,48.82997],[2.44278,48.82997],[2.44278,48.82817]]]}},{"type":"Feature","properties":{"ok":0},"geometry":{"type":"Polygon","coordinates":[[[2.44278,48.82997],[2.44551,48.82997],[2.44551,48.83177],[2.44278,48.83177],[2.44278,48.82997]]]}},{"type":"Feature","properties":{"ok":1},"geometry":{"type":"Polygon","coordinates":[[[2.44278,48.83177],[2.44551,48.83177],[2.44551,48.83357],[2.44278,48.83357],[2.44278,48.83177]]]}},{"type":"Feature","properties":{"ok":1},"geometry":{"type":"Polygon","coordinates":[[[2.44278,48.83357],[2.44551,48.83357],[2.44551,48.83537],[2.44278,48.83537],[2.44278,48.83357]]]}},{"type":"Feature","properties":{"ok":1},"geometry":{"type":"Polygon","coordinates":[[[2.44278,48.83537],[2.44551,48.83537],[2.44551,48.83716],[2.44278,48.83716],[2.44278,48.83537]]]}},{"type":"Feature","properties":{"ok":0},"geometry":{"type":"Polygon","coordinates":[[[2.44278,48.83716],[2.44551,48.83716],[2.44551,48.83896],[2.44278,48.83896],[2.44278,48.83716]]]}},{"type":"Feature","properties":{"ok":0},"geometry":{"type":"Polygon","coordinates":[[[2.44278,48.83896],[2.44551,48.83896],[2.44551,48.84076],[2.44278,48.84076],[2.44278,48.83896]]]}},{"type":"Feature","properties":{"ok":0},"geometry":{"type":"Polygon","coordinates":[[[2.44278,48.84076],[2.44551,48.84076],[2.44551,48.84256],[2.44278,48.84256],[2.44278,48.84076]]]}},{"type":"Feature","properties":{"ok":0},"geometry":{"type":"Polygon","coordinates":[[[2.44278,48.84256],[2.44551,48.84256],[2.44551,48.84436],[2.44278,48.84436],[2.44278,48.84256]]]}},{"type":"Feature","properties":{"ok":1},"geometry":{"type":"Polygon","coordinates":[[[2.44278,48.84436],[2.44551,48.84436],[2.44551,48.84616],[2.44278,48.84616],[2.44278,48.84436]]]}},{"type":"Feature","properties":{"ok":1},"geometry":{"type":"Polygon","coordinates":[[[2.44551,48.81738],[2.44825,48.81738],[2.44825,48.81918],[2.44551,48.81918],[2.44551,48.81738]]]}},{"type":"Feature","properties":{"ok":1},"geometry":{"type":"Polygon","coordinates":[[[2.44551,48.81918],[2.44825,48.81918],[2.44825,48.82098],[2.44551,48.82098],[2.44551,48.81918]]]}},{"type":"Feature","properties":{"ok":1},"geometry":{"type":"Polygon","coordinates":[[[2.44551,48.82098],[2.44825,48.82098],[2.44825,48.82277],[2.44551,48.82277],[2.44551,48.82098]]]}},{"type":"Feature","properties":{"ok":0},"geometry":{"type":"Polygon","coordinates":[[[2.44551,48.82277],[2.44825,48.82277],[2.44825,48.82457],[2.44551,48.82457],[2.44551,48.82277]]]}},{"type":"Feature","properties":{"ok":0},"geometry":{"type":"Polygon","coordinates":[[[2.44551,48.82457],[2.44825,48.82457],[2.44825,48.82637],[2.44551,48.82637],[2.44551,48.82457]]]}},{"type":"Feature","properties":{"ok":0},"geometry":{"type":"Polygon","coordinates":[[[2.44551,48.82637],[2.44825,48.82637],[2.44825,48.82817],[2.44551,48.82817],[2.44551,48.82637]]]}},{"type":"Feature","properties":{"ok":0},"geometry":{"type":"Polygon","coordinates":[[[2.44551,48.82817],[2.44825,48.82817],[2.44825,48.82997],[2.44551,48.82997],[2.44551,48.82817]]]}},{"type":"Feature","properties":{"ok":1},"geometry":{"type":"Polygon","coordinates":[[[2.44551,48.82997],[2.44825,48.82997],[2.44825,48.83177],[2.44551,48.83177],[2.44551,48.82997]]]}},{"type":"Feature","properties":{"ok":1},"geometry":{"type":"Polygon","coordinates":[[[2.44551,48.83177],[2.44825,48.83177],[2.44825,48.83357],[2.44551,48.83357],[2.44551,48.83177]]]}},{"type":"Feature","properties":{"ok":1},"geometry":{"type":"Polygon","coordinates":[[[2.44551,48.83357],[2.44825,48.83357],[2.44825,48.83537],[2.44551,48.83537],[2.44551,48.83357]]]}},{"type":"Feature","properties":{"ok":1},"geometry":{"type":"Polygon","coordinates":[[[2.44551,48.83537],[2.44825,48.83537],[2.44825,48.83716],[2.44551,48.83716],[2.44551,48.83537]]]}},{"type":"Feature","properties":{"ok":0},"geometry":{"type":"Polygon","coordinates":[[[2.44551,48.83716],[2.44825,48.83716],[2.44825,48.83896],[2.44551,48.83896],[2.44551,48.83716]]]}},{"type":"Feature","properties":{"ok":0},"geometry":{"type":"Polygon","coordinates":[[[2.44551,48.83896],[2.44825,48.83896],[2.44825,48.84076],[2.44551,48.84076],[2.44551,48.83896]]]}},{"type":"Feature","properties":{"ok":1},"geometry":{"type":"Polygon","coordinates":[[[2.44551,48.84076],[2.44825,48.84076],[2.44825,48.84256],[2.44551,48.84256],[2.44551,48.84076]]]}},{"type":"Feature","properties":{"ok":1},"geometry":{"type":"Polygon","coordinates":[[[2.44551,48.84256],[2.44825,48.84256],[2.44825,48.84436],[2.44551,48.84436],[2.44551,48.84256]]]}},{"type":"Feature","properties":{"ok":1},"geometry":{"type":"Polygon","coordinates":[[[2.44825,48.81738],[2.45098,48.81738],[2.45098,48.81918],[2.44825,48.81918],[2.44825,48.81738]]]}},{"type":"Feature","properties":{"ok":1},"geometry":{"type":"Polygon","coordinates":[[[2.44825,48.81918],[2.45098,48.81918],[2.45098,48.82098],[2.44825,48.82098],[2.44825,48.81918]]]}},{"type":"Feature","properties":{"ok":1},"geometry":{"type":"Polygon","coordinates":[[[2.44825,48.82098],[2.45098,48.82098],[2.45098,48.82277],[2.44825,48.82277],[2.44825,48.82098]]]}},{"type":"Feature","properties":{"ok":0},"geometry":{"type":"Polygon","coordinates":[[[2.44825,48.82277],[2.45098,48.82277],[2.45098,48.82457],[2.44825,48.82457],[2.44825,48.82277]]]}},{"type":"Feature","properties":{"ok":0},"geometry":{"type":"Polygon","coordinates":[[[2.44825,48.82457],[2.45098,48.82457],[2.45098,48.82637],[2.44825,48.82637],[2.44825,48.82457]]]}},{"type":"Feature","properties":{"ok":1},"geometry":{"type":"Polygon","coordinates":[[[2.44825,48.82637],[2.45098,48.82637],[2.45098,48.82817],[2.44825,48.82817],[2.44825,48.82637]]]}},{"type":"Feature","properties":{"ok":1},"geometry":{"type":"Polygon","coordinates":[[[2.44825,48.82817],[2.45098,48.82817],[2.45098,48.82997],[2.44825,48.82997],[2.44825,48.82817]]]}},{"type":"Feature","properties":{"ok":1},"geometry":{"type":"Polygon","coordinates":[[[2.44825,48.82997],[2.45098,48.82997],[2.45098,48.83177],[2.44825,48.83177],[2.44825,48.82997]]]}},{"type":"Feature","properties":{"ok":1},"geometry":{"type":"Polygon","coordinates":[[[2.44825,48.83177],[2.45098,48.83177],[2.45098,48.83357],[2.44825,48.83357],[2.44825,48.83177]]]}},{"type":"Feature","properties":{"ok":0},"geometry":{"type":"Polygon","coordinates":[[[2.44825,48.83357],[2.45098,48.83357],[2.45098,48.83537],[2.44825,48.83537],[2.44825,48.83357]]]}},{"type":"Feature","properties":{"ok":0},"geometry":{"type":"Polygon","coordinates":[[[2.44825,48.83537],[2.45098,48.83537],[2.45098,48.83716],[2.44825,48.83716],[2.44825,48.83537]]]}},{"type":"Feature","properties":{"ok":0},"geometry":{"type":"Polygon","coordinates":[[[2.44825,48.83716],[2.45098,48.83716],[2.45098,48.83896],[2.44825,48.83896],[2.44825,48.83716]]]}},{"type":"Feature","properties":{"ok":0},"geometry":{"type":"Polygon","coordinates":[[[2.44825,48.83896],[2.45098,48.83896],[2.45098,48.84076],[2.44825,48.84076],[2.44825,48.83896]]]}},{"type":"Feature","properties":{"ok":1},"geometry":{"type":"Polygon","coordinates":[[[2.44825,48.84076],[2.45098,48.84076],[2.45098,48.84256],[2.44825,48.84256],[2.44825,48.84076]]]}},{"type":"Feature","properties":{"ok":1},"geometry":{"type":"Polygon","coordinates":[[[2.44825,48.84256],[2.45098,48.84256],[2.45098,48.84436],[2.44825,48.84436],[2.44825,48.84256]]]}},{"type":"Feature","properties":{"ok":1},"geometry":{"type":"Polygon","coordinates":[[[2.45098,48.81738],[2.45371,48.81738],[2.45371,48.81918],[2.45098,48.81918],[2.45098,48.81738]]]}},{"type":"Feature","properties":{"ok":1},"geometry":{"type":"Polygon","coordinates":[[[2.45098,48.81918],[2.45371,48.81918],[2.45371,48.82098],[2.45098,48.82098],[2.45098,48.81918]]]}},{"type":"Feature","properties":{"ok":1},"geometry":{"type":"Polygon","coordinates":[[[2.45098,48.82098],[2.45371,48.82098],[2.45371,48.82277],[2.45098,48.82277],[2.45098,48.82098]]]}},{"type":"Feature","properties":{"ok":0},"geometry":{"type":"Polygon","coordinates":[[[2.45098,48.82277],[2.45371,48.82277],[2.45371,48.82457],[2.45098,48.82457],[2.45098,48.82277]]]}},{"type":"Feature","properties":{"ok":1},"geometry":{"type":"Polygon","coordinates":[[[2.45098,48.82457],[2.45371,48.82457],[2.45371,48.82637],[2.45098,48.82637],[2.45098,48.82457]]]}},{"type":"Feature","properties":{"ok":1},"geometry":{"type":"Polygon","coordinates":[[[2.45098,48.82637],[2.45371,48.82637],[2.45371,48.82817],[2.45098,48.82817],[2.45098,48.82637]]]}},{"type":"Feature","properties":{"ok":1},"geometry":{"type":"Polygon","coordinates":[[[2.45098,48.82817],[2.45371,48.82817],[2.45371,48.82997],[2.45098,48.82997],[2.45098,48.82817]]]}},{"type":"Feature","properties":{"ok":1},"geometry":{"type":"Polygon","coordinates":[[[2.45098,48.82997],[2.45371,48.82997],[2.45371,48.83177],[2.45098,48.83177],[2.45098,48.82997]]]}},{"type":"Feature","properties":{"ok":0},"geometry":{"type":"Polygon","coordinates":[[[2.45098,48.83177],[2.45371,48.83177],[2.45371,48.83357],[2.45098,48.83357],[2.45098,48.83177]]]}},{"type":"Feature","properties":{"ok":0},"geometry":{"type":"Polygon","coordinates":[[[2.45098,48.83357],[2.45371,48.83357],[2.45371,48.83537],[2.45098,48.83537],[2.45098,48.83357]]]}},{"type":"Feature","properties":{"ok":0},"geometry":{"type":"Polygon","coordinates":[[[2.45098,48.83537],[2.45371,48.83537],[2.45371,48.83716],[2.45098,48.83716],[2.45098,48.83537]]]}},{"type":"Feature","properties":{"ok":0},"geometry":{"type":"Polygon","coordinates":[[[2.45098,48.83716],[2.45371,48.83716],[2.45371,48.83896],[2.45098,48.83896],[2.45098,48.83716]]]}},{"type":"Feature","properties":{"ok":0},"geometry":{"type":"Polygon","coordinates":[[[2.45098,48.83896],[2.45371,48.83896],[2.45371,48.84076],[2.45098,48.84076],[2.45098,48.83896]]]}},{"type":"Feature","properties":{"ok":0},"geometry":{"type":"Polygon","coordinates":[[[2.45098,48.84076],[2.45371,48.84076],[2.45371,48.84256],[2.45098,48.84256],[2.45098,48.84076]]]}},{"type":"Feature","properties":{"ok":0},"geometry":{"type":"Polygon","coordinates":[[[2.45098,48.84256],[2.45371,48.84256],[2.45371,48.84436],[2.45098,48.84436],[2.45098,48.84256]]]}},{"type":"Feature","properties":{"ok":1},"geometry":{"type":"Polygon","coordinates":[[[2.45371,48.81738],[2.45645,48.81738],[2.45645,48.81918],[2.45371,48.81918],[2.45371,48.81738]]]}},{"type":"Feature","properties":{"ok":1},"geometry":{"type":"Polygon","coordinates":[[[2.45371,48.81918],[2.45645,48.81918],[2.45645,48.82098],[2.45371,48.82098],[2.45371,48.81918]]]}},{"type":"Feature","properties":{"ok":1},"geometry":{"type":"Polygon","coordinates":[[[2.45371,48.82098],[2.45645,48.82098],[2.45645,48.82277],[2.45371,48.82277],[2.45371,48.82098]]]}},{"type":"Feature","properties":{"ok":1},"geometry":{"type":"Polygon","coordinates":[[[2.45371,48.82277],[2.45645,48.82277],[2.45645,48.82457],[2.45371,48.82457],[2.45371,48.82277]]]}},{"type":"Feature","properties":{"ok":1},"geometry":{"type":"Polygon","coordinates":[[[2.45371,48.82457],[2.45645,48.82457],[2.45645,48.82637],[2.45371,48.82637],[2.45371,48.82457]]]}},{"type":"Feature","properties":{"ok":1},"geometry":{"type":"Polygon","coordinates":[[[2.45371,48.82637],[2.45645,48.82637],[2.45645,48.82817],[2.45371,48.82817],[2.45371,48.82637]]]}},{"type":"Feature","properties":{"ok":1},"geometry":{"type":"Polygon","coordinates":[[[2.45371,48.82817],[2.45645,48.82817],[2.45645,48.82997],[2.45371,48.82997],[2.45371,48.82817]]]}},{"type":"Feature","properties":{"ok":0},"geometry":{"type":"Polygon","coordinates":[[[2.45371,48.82997],[2.45645,48.82997],[2.45645,48.83177],[2.45371,48.83177],[2.45371,48.82997]]]}},{"type":"Feature","properties":{"ok":0},"geometry":{"type":"Polygon","coordinates":[[[2.45371,48.83177],[2.45645,48.83177],[2.45645,48.83357],[2.45371,48.83357],[2.45371,48.83177]]]}},{"type":"Feature","properties":{"ok":0},"geometry":{"type":"Polygon","coordinates":[[[2.45371,48.83357],[2.45645,48.83357],[2.45645,48.83537],[2.45371,48.83537],[2.45371,48.83357]]]}},{"type":"Feature","properties":{"ok":0},"geometry":{"type":"Polygon","coordinates":[[[2.45371,48.83537],[2.45645,48.83537],[2.45645,48.83716],[2.45371,48.83716],[2.45371,48.83537]]]}},{"type":"Feature","properties":{"ok":0},"geometry":{"type":"Polygon","coordinates":[[[2.45371,48.83716],[2.45645,48.83716],[2.45645,48.83896],[2.45371,48.83896],[2.45371,48.83716]]]}},{"type":"Feature","properties":{"ok":0},"geometry":{"type":"Polygon","coordinates":[[[2.45371,48.83896],[2.45645,48.83896],[2.45645,48.84076],[2.45371,48.84076],[2.45371,48.83896]]]}},{"type":"Feature","properties":{"ok":0},"geometry":{"type":"Polygon","coordinates":[[[2.45371,48.84076],[2.45645,48.84076],[2.45645,48.84256],[2.45371,48.84256],[2.45371,48.84076]]]}},{"type":"Feature","properties":{"ok":0},"geometry":{"type":"Polygon","coordinates":[[[2.45371,48.84256],[2.45645,48.84256],[2.45645,48.84436],[2.45371,48.84436],[2.45371,48.84256]]]}},{"type":"Feature","properties":{"ok":1},"geometry":{"type":"Polygon","coordinates":[[[2.45645,48.81738],[2.45918,48.81738],[2.45918,48.81918],[2.45645,48.81918],[2.45645,48.81738]]]}},{"type":"Feature","properties":{"ok":1},"geometry":{"type":"Polygon","coordinates":[[[2.45645,48.81918],[2.45918,48.81918],[2.45918,48.82098],[2.45645,48.82098],[2.45645,48.81918]]]}},{"type":"Feature","properties":{"ok":1},"geometry":{"type":"Polygon","coordinates":[[[2.45645,48.82098],[2.45918,48.82098],[2.45918,48.82277],[2.45645,48.82277],[2.45645,48.82098]]]}},{"type":"Feature","properties":{"ok":1},"geometry":{"type":"Polygon","coordinates":[[[2.45645,48.82277],[2.45918,48.82277],[2.45918,48.82457],[2.45645,48.82457],[2.45645,48.82277]]]}},{"type":"Feature","properties":{"ok":1},"geometry":{"type":"Polygon","coordinates":[[[2.45645,48.82457],[2.45918,48.82457],[2.45918,48.82637],[2.45645,48.82637],[2.45645,48.82457]]]}},{"type":"Feature","properties":{"ok":1},"geometry":{"type":"Polygon","coordinates":[[[2.45645,48.82637],[2.45918,48.82637],[2.45918,48.82817],[2.45645,48.82817],[2.45645,48.82637]]]}},{"type":"Feature","properties":{"ok":0},"geometry":{"type":"Polygon","coordinates":[[[2.45645,48.82817],[2.45918,48.82817],[2.45918,48.82997],[2.45645,48.82997],[2.45645,48.82817]]]}},{"type":"Feature","properties":{"ok":0},"geometry":{"type":"Polygon","coordinates":[[[2.45645,48.82997],[2.45918,48.82997],[2.45918,48.83177],[2.45645,48.83177],[2.45645,48.82997]]]}},{"type":"Feature","properties":{"ok":0},"geometry":{"type":"Polygon","coordinates":[[[2.45645,48.83177],[2.45918,48.83177],[2.45918,48.83357],[2.45645,48.83357],[2.45645,48.83177]]]}},{"type":"Feature","properties":{"ok":0},"geometry":{"type":"Polygon","coordinates":[[[2.45645,48.83357],[2.45918,48.83357],[2.45918,48.83537],[2.45645,48.83537],[2.45645,48.83357]]]}},{"type":"Feature","properties":{"ok":0},"geometry":{"type":"Polygon","coordinates":[[[2.45645,48.83537],[2.45918,48.83537],[2.45918,48.83716],[2.45645,48.83716],[2.45645,48.83537]]]}},{"type":"Feature","properties":{"ok":0},"geometry":{"type":"Polygon","coordinates":[[[2.45645,48.83716],[2.45918,48.83716],[2.45918,48.83896],[2.45645,48.83896],[2.45645,48.83716]]]}},{"type":"Feature","properties":{"ok":1},"geometry":{"type":"Polygon","coordinates":[[[2.45645,48.83896],[2.45918,48.83896],[2.45918,48.84076],[2.45645,48.84076],[2.45645,48.83896]]]}},{"type":"Feature","properties":{"ok":0},"geometry":{"type":"Polygon","coordinates":[[[2.45645,48.84076],[2.45918,48.84076],[2.45918,48.84256],[2.45645,48.84256],[2.45645,48.84076]]]}},{"type":"Feature","properties":{"ok":0},"geometry":{"type":"Polygon","coordinates":[[[2.45645,48.84256],[2.45918,48.84256],[2.45918,48.84436],[2.45645,48.84436],[2.45645,48.84256]]]}},{"type":"Feature","properties":{"ok":1},"geometry":{"type":"Polygon","coordinates":[[[2.45918,48.81738],[2.46191,48.81738],[2.46191,48.81918],[2.45918,48.81918],[2.45918,48.81738]]]}},{"type":"Feature","properties":{"ok":1},"geometry":{"type":"Polygon","coordinates":[[[2.45918,48.81918],[2.46191,48.81918],[2.46191,48.82098],[2.45918,48.82098],[2.45918,48.81918]]]}},{"type":"Feature","properties":{"ok":1},"geometry":{"type":"Polygon","coordinates":[[[2.45918,48.82098],[2.46191,48.82098],[2.46191,48.82277],[2.45918,48.82277],[2.45918,48.82098]]]}},{"type":"Feature","properties":{"ok":1},"geometry":{"type":"Polygon","coordinates":[[[2.45918,48.82277],[2.46191,48.82277],[2.46191,48.82457],[2.45918,48.82457],[2.45918,48.82277]]]}},{"type":"Feature","properties":{"ok":0},"geometry":{"type":"Polygon","coordinates":[[[2.45918,48.82457],[2.46191,48.82457],[2.46191,48.82637],[2.45918,48.82637],[2.45918,48.82457]]]}},{"type":"Feature","properties":{"ok":0},"geometry":{"type":"Polygon","coordinates":[[[2.45918,48.82637],[2.46191,48.82637],[2.46191,48.82817],[2.45918,48.82817],[2.45918,48.82637]]]}},{"type":"Feature","properties":{"ok":0},"geometry":{"type":"Polygon","coordinates":[[[2.45918,48.82817],[2.46191,48.82817],[2.46191,48.82997],[2.45918,48.82997],[2.45918,48.82817]]]}},{"type":"Feature","properties":{"ok":0},"geometry":{"type":"Polygon","coordinates":[[[2.45918,48.82997],[2.46191,48.82997],[2.46191,48.83177],[2.45918,48.83177],[2.45918,48.82997]]]}},{"type":"Feature","properties":{"ok":0},"geometry":{"type":"Polygon","coordinates":[[[2.45918,48.83177],[2.46191,48.83177],[2.46191,48.83357],[2.45918,48.83357],[2.45918,48.83177]]]}},{"type":"Feature","properties":{"ok":0},"geometry":{"type":"Polygon","coordinates":[[[2.45918,48.83357],[2.46191,48.83357],[2.46191,48.83537],[2.45918,48.83537],[2.45918,48.83357]]]}},{"type":"Feature","properties":{"ok":0},"geometry":{"type":"Polygon","coordinates":[[[2.45918,48.83537],[2.46191,48.83537],[2.46191,48.83716],[2.45918,48.83716],[2.45918,48.83537]]]}},{"type":"Feature","properties":{"ok":1},"geometry":{"type":"Polygon","coordinates":[[[2.45918,48.83716],[2.46191,48.83716],[2.46191,48.83896],[2.45918,48.83896],[2.45918,48.83716]]]}},{"type":"Feature","properties":{"ok":1},"geometry":{"type":"Polygon","coordinates":[[[2.45918,48.83896],[2.46191,48.83896],[2.46191,48.84076],[2.45918,48.84076],[2.45918,48.83896]]]}},{"type":"Feature","properties":{"ok":1},"geometry":{"type":"Polygon","coordinates":[[[2.45918,48.84076],[2.46191,48.84076],[2.46191,48.84256],[2.45918,48.84256],[2.45918,48.84076]]]}},{"type":"Feature","properties":{"ok":0},"geometry":{"type":"Polygon","coordinates":[[[2.46191,48.82098],[2.46465,48.82098],[2.46465,48.82277],[2.46191,48.82277],[2.46191,48.82098]]]}},{"type":"Feature","properties":{"ok":0},"geometry":{"type":"Polygon","coordinates":[[[2.46191,48.82277],[2.46465,48.82277],[2.46465,48.82457],[2.46191,48.82457],[2.46191,48.82277]]]}},{"type":"Feature","properties":{"ok":0},"geometry":{"type":"Polygon","coordinates":[[[2.46191,48.82457],[2.46465,48.82457],[2.46465,48.82637],[2.46191,48.82637],[2.46191,48.82457]]]}},{"type":"Feature","properties":{"ok":0},"geometry":{"type":"Polygon","coordinates":[[[2.46191,48.82637],[2.46465,48.82637],[2.46465,48.82817],[2.46191,48.82817],[2.46191,48.82637]]]}},{"type":"Feature","properties":{"ok":0},"geometry":{"type":"Polygon","coordinates":[[[2.46191,48.82817],[2.46465,48.82817],[2.46465,48.82997],[2.46191,48.82997],[2.46191,48.82817]]]}},{"type":"Feature","properties":{"ok":0},"geometry":{"type":"Polygon","coordinates":[[[2.46191,48.82997],[2.46465,48.82997],[2.46465,48.83177],[2.46191,48.83177],[2.46191,48.82997]]]}},{"type":"Feature","properties":{"ok":0},"geometry":{"type":"Polygon","coordinates":[[[2.46191,48.83177],[2.46465,48.83177],[2.46465,48.83357],[2.46191,48.83357],[2.46191,48.83177]]]}},{"type":"Feature","properties":{"ok":0},"geometry":{"type":"Polygon","coordinates":[[[2.46191,48.83357],[2.46465,48.83357],[2.46465,48.83537],[2.46191,48.83537],[2.46191,48.83357]]]}},{"type":"Feature","properties":{"ok":0},"geometry":{"type":"Polygon","coordinates":[[[2.46191,48.83537],[2.46465,48.83537],[2.46465,48.83716],[2.46191,48.83716],[2.46191,48.83537]]]}},{"type":"Feature","properties":{"ok":1},"geometry":{"type":"Polygon","coordinates":[[[2.46191,48.83716],[2.46465,48.83716],[2.46465,48.83896],[2.46191,48.83896],[2.46191,48.83716]]]}},{"type":"Feature","properties":{"ok":1},"geometry":{"type":"Polygon","coordinates":[[[2.46191,48.83896],[2.46465,48.83896],[2.46465,48.84076],[2.46191,48.84076],[2.46191,48.83896]]]}},{"type":"Feature","properties":{"ok":1},"geometry":{"type":"Polygon","coordinates":[[[2.46191,48.84076],[2.46465,48.84076],[2.46465,48.84256],[2.46191,48.84256],[2.46191,48.84076]]]}},{"type":"Feature","properties":{"ok":0},"geometry":{"type":"Polygon","coordinates":[[[2.46465,48.82637],[2.46738,48.82637],[2.46738,48.82817],[2.46465,48.82817],[2.46465,48.82637]]]}},{"type":"Feature","properties":{"ok":0},"geometry":{"type":"Polygon","coordinates":[[[2.46465,48.83177],[2.46738,48.83177],[2.46738,48.83357],[2.46465,48.83357],[2.46465,48.83177]]]}},{"type":"Feature","properties":{"ok":0},"geometry":{"type":"Polygon","coordinates":[[[2.46465,48.83357],[2.46738,48.83357],[2.46738,48.83537],[2.46465,48.83537],[2.46465,48.83357]]]}},{"type":"Feature","properties":{"ok":0},"geometry":{"type":"Polygon","coordinates":[[[2.46465,48.83537],[2.46738,48.83537],[2.46738,48.83716],[2.46465,48.83716],[2.46465,48.83537]]]}},{"type":"Feature","properties":{"ok":0},"geometry":{"type":"Polygon","coordinates":[[[2.46465,48.83716],[2.46738,48.83716],[2.46738,48.83896],[2.46465,48.83896],[2.46465,48.83716]]]}},{"type":"Feature","properties":{"ok":0},"geometry":{"type":"Polygon","coordinates":[[[2.46465,48.83896],[2.46738,48.83896],[2.46738,48.84076],[2.46465,48.84076],[2.46465,48.83896]]]}},{"type":"Feature","properties":{"ok":0},"geometry":{"type":"Polygon","coordinates":[[[2.46738,48.83357],[2.47011,48.83357],[2.47011,48.83537],[2.46738,48.83537],[2.46738,48.83357]]]}},{"type":"Feature","properties":{"ok":0},"geometry":{"type":"Polygon","coordinates":[[[2.46738,48.83537],[2.47011,48.83537],[2.47011,48.83716],[2.46738,48.83716],[2.46738,48.83537]]]}}]}