{"type":"FeatureCollection","features":[{"type":"Feature","properties":{"id":"paris:75115-P-157","name":"Fremicourt","address":"13 ter Rue Fremicourt, 75015 Paris","arr":15,"operator":"Indigo","source":"paris","url":"https://fr.parkindigo.com/parking/paris-75015/fremicourt-75150700","phone":"0145484330","public":false,"hours":"Abonnés uniquement","places":195,"placesPmr":5,"placesMoto":47,"placesVelo":23,"motoAccess":true,"veloAccess":true,"covered":true,"kind":"underground","placesEv":null,"heightMax":1.9,"relay":false,"prices":null,"pricesDate":"2026-06-01","motoPrices":null,"subscriptions":{"residentMonth":205.6,"month":257,"year":2672,"motoMonth":89,"evMonth":128,"pmrMonth":128,"veloMonth":10,"veloDay":null},"info":["tarif petit rouleur -40 % = contacter le parc"],"updated":"2026-06-01","sources":["paris","bnls","indigo","osm"],"pricesSource":null},"geometry":{"type":"Point","coordinates":[2.297397,48.847342]}},{"type":"Feature","properties":{"id":"paris:75107-P-060","name":"Invalides","address":"24 Rue de Constantine, 75007 Paris","arr":7,"operator":"Indigo","source":"paris","url":"https://fr.parkindigo.com/parking/paris-75007/invalides-75070100","phone":"0147053647","public":true,"hours":"24 h/24","places":894,"placesPmr":3,"placesMoto":34,"placesVelo":10,"motoAccess":true,"veloAccess":true,"covered":true,"kind":"underground","placesEv":null,"heightMax":1.9,"relay":false,"prices":{"15":1.35,"30":2.7,"60":5.4,"90":8.1,"120":10.8,"180":16.2,"240":21.6,"420":37.8,"480":43.2,"540":48.6,"600":48.6,"660":48.6,"720":48.6,"1440":48.6},"pricesDate":"2026-06-01","motoPrices":{"15":0.5,"30":0.95,"60":1.85,"1440":16.65},"subscriptions":{"residentMonth":210,"month":300,"year":3120,"motoMonth":105,"evMonth":150,"pmrMonth":150,"veloMonth":10,"veloDay":null},"info":["tarif PMR = 2,70 euros"],"updated":"2026-06-01","sources":["paris","bnls","indigo","osm"],"pricesSource":"paris"},"geometry":{"type":"Point","coordinates":[2.31466,48.859288]}},{"type":"Feature","properties":{"id":"paris:75101-P-052","name":"Pyramides","address":"14 ter Rue des Pyramides, 75001 Paris","arr":1,"operator":"Indigo","source":"paris","url":"https://www.indigoneo.fr/fr/parkings/31965/parking-pyramides","phone":"0147030288","public":true,"hours":"24 h/24","places":562,"placesPmr":12,"placesMoto":110,"placesVelo":78,"motoAccess":true,"veloAccess":true,"covered":true,"kind":"underground","placesEv":null,"heightMax":1.9,"relay":false,"prices":{"15":1.25,"30":2.5,"60":5,"90":7.5,"120":10,"180":15,"240":20,"420":35,"480":40,"540":45,"600":45,"660":45,"720":45,"1440":45},"pricesDate":"2026-06-01","motoPrices":{"15":0.4,"30":0.85,"60":1.75,"1440":15.75},"subscriptions":{"residentMonth":170,"month":302,"year":3322,"motoMonth":106,"evMonth":242,"pmrMonth":0,"veloMonth":10,"veloDay":2},"info":["tarif PMR = 2,50 euros"],"updated":"2026-06-01","sources":["paris","bnls","indigo"],"pricesSource":"paris"},"geometry":{"type":"Point","coordinates":[2.333187,48.86512]}},{"type":"Feature","properties":{"id":"paris:75106-P-081","name":"Andre Honnorat","address":"8 bis Rue Auguste Comte, 75006 Paris","arr":6,"operator":"Indigo","source":"paris","url":"https://fr.parkindigo.com/parking/paris-75006/andre-honnorat-75061700","phone":"0140469561","public":false,"hours":"Abonnés uniquement","places":329,"placesPmr":0,"placesMoto":3,"placesVelo":0,"motoAccess":true,"veloAccess":null,"covered":true,"kind":"underground","placesEv":null,"heightMax":1.9,"relay":false,"prices":null,"pricesDate":"2026-06-01","motoPrices":null,"subscriptions":{"residentMonth":null,"month":220,"year":2200,"motoMonth":150,"evMonth":null,"pmrMonth":null,"veloMonth":null,"veloDay":null},"info":[],"updated":"2026-06-01","sources":["paris"],"pricesSource":null},"geometry":{"type":"Point","coordinates":[2.337976,48.844221]}},{"type":"Feature","properties":{"id":"paris:75104-P-010","name":"Notre Dame Ile de la Cite","address":"1 ter Boulevard du Palais, 75004 Paris","arr":4,"operator":"Indigo","source":"paris","url":"https://fr.parkindigo.com/parking/paris-75004/lutece-75040700","phone":"0140469561","public":true,"hours":"24 h/24","places":292,"placesPmr":6,"placesMoto":66,"placesVelo":153,"motoAccess":true,"veloAccess":true,"covered":true,"kind":"underground","placesEv":null,"heightMax":1.9,"relay":false,"prices":{"15":1.15,"30":2.3,"60":4.5,"90":6.8,"120":9,"180":13.5,"240":18,"420":31.5,"480":36,"540":40.5,"600":40.5,"660":40.5,"720":40.5,"1440":40.5},"pricesDate":"2026-06-01","motoPrices":{"15":0.4,"30":0.8,"60":1.55,"1440":13.95},"subscriptions":{"residentMonth":235,"month":294,"year":3057,"motoMonth":102,"evMonth":147,"pmrMonth":147,"veloMonth":10,"veloDay":null},"info":["tarif petit rouleur -40 % = contacter le parc","tarif PMR = 2,25 euros"],"updated":"2026-06-01","sources":["paris","bnls","indigo"],"pricesSource":"paris"},"geometry":{"type":"Point","coordinates":[2.346125,48.855434]}},{"type":"Feature","properties":{"id":"paris:75101-P-104","name":"Croix des Petits Champs","address":"14 Rue Croix des Petits Champs, 75001 Paris","arr":1,"operator":"Indigo","source":"paris","url":"https://fr.parkindigo.com/parking/paris-75001/croix-des-petits-champs-75010400","phone":"0147039221","public":true,"hours":"24 h/24","places":428,"placesPmr":7,"placesMoto":17,"placesVelo":0,"motoAccess":true,"veloAccess":true,"covered":true,"kind":"underground","placesEv":null,"heightMax":1.9,"relay":false,"prices":{"15":1.3,"30":2.6,"60":5.2,"90":7.8,"120":10.4,"180":15.6,"240":20.8,"420":36.4,"480":41.6,"540":46.8,"600":46.8,"660":46.8,"720":46.8,"1440":46.8},"pricesDate":"2026-06-01","motoPrices":{"15":0.45,"30":0.9,"60":1.8,"1440":16.2},"subscriptions":{"residentMonth":170,"month":360,"year":3960,"motoMonth":126,"evMonth":288,"pmrMonth":0,"veloMonth":10,"veloDay":null},"info":["tarif PMR = 2,60 euros"],"updated":"2026-06-01","sources":["paris","bnls","indigo"],"pricesSource":"paris"},"geometry":{"type":"Point","coordinates":[2.33961,48.863072]}},{"type":"Feature","properties":{"id":"paris:75108-P-061","name":"Rond Point des Champs Elysees","address":"2 M Rond Point des Champs Elysees Marcel Dassault, 75008 Paris","arr":8,"operator":"Indigo","source":"paris","url":"https://fr.parkindigo.com/parking/paris-75008/rond-point-des-champs-elysees-75080400","phone":"0141720261","public":true,"hours":"24 h/24","places":579,"placesPmr":13,"placesMoto":35,"placesVelo":10,"motoAccess":true,"veloAccess":true,"covered":true,"kind":"underground","placesEv":null,"heightMax":1.9,"relay":false,"prices":{"15":1.45,"30":2.9,"60":5.8,"90":8.7,"120":11.6,"180":17.4,"240":23.2,"420":40.6,"480":46.4,"540":52.2,"600":52.2,"660":52.2,"720":52.2,"1440":52.2},"pricesDate":"2026-06-01","motoPrices":{"15":0.5,"30":1,"60":2,"1440":18},"subscriptions":{"residentMonth":null,"month":304,"year":3161,"motoMonth":106,"evMonth":152,"pmrMonth":152,"veloMonth":10,"veloDay":null},"info":["tarif PMR = 2,90 euros"],"updated":"2026-06-01","sources":["paris","bnls","indigo"],"pricesSource":"paris"},"geometry":{"type":"Point","coordinates":[2.311021,48.86933]}},{"type":"Feature","properties":{"id":"paris:75112-P-164","name":"Velostation Van Gogh","address":"4 M Rue Van Gogh, 75012 Paris","arr":12,"operator":"Saemes","source":"paris","url":"https://www.saemes.fr/fr/parking/velostation-van-gogh","phone":"0144829999","public":false,"hours":"Abonnés uniquement","places":0,"placesPmr":0,"placesMoto":0,"placesVelo":200,"motoAccess":null,"veloAccess":true,"covered":true,"kind":"underground","placesEv":null,"heightMax":2.3,"relay":false,"prices":null,"pricesDate":"2026-06-01","motoPrices":null,"subscriptions":{"residentMonth":null,"month":null,"year":null,"motoMonth":null,"evMonth":null,"pmrMonth":null,"veloMonth":10,"veloDay":null},"info":["uniquement velos et velos avec assistance electrique"],"updated":"2026-06-01","sources":["paris","indigo"],"pricesSource":null},"geometry":{"type":"Point","coordinates":[2.371257,48.843695]}},{"type":"Feature","properties":{"id":"paris:75117-P-036","name":"Ternes","address":"4 ter Avenue des Ternes, 75017 Paris","arr":17,"operator":"Saemes","source":"paris","url":"https://fr.parkindigo.com/parking/paris-75017/ternes-75172100","phone":"0141720270","public":true,"hours":"24 h/24","places":1068,"placesPmr":23,"placesMoto":150,"placesVelo":72,"motoAccess":true,"veloAccess":true,"covered":true,"kind":"underground","placesEv":null,"heightMax":1.85,"relay":false,"prices":{"15":1.25,"30":2.5,"60":5,"90":7.5,"120":10,"180":15,"240":20,"420":35,"480":40,"540":45,"600":45,"660":45,"720":45,"1440":45},"pricesDate":"2026-06-01","motoPrices":{"15":0.45,"30":0.9,"60":1.7,"1440":15.3},"subscriptions":{"residentMonth":160,"month":280,"year":2800,"motoMonth":98,"evMonth":224,"pmrMonth":0,"veloMonth":10,"veloDay":2},"info":[],"updated":"2026-06-01","sources":["paris","osm"],"pricesSource":"paris"},"geometry":{"type":"Point","coordinates":[2.296856,48.878159]}},{"type":"Feature","properties":{"id":"paris:75112-P-101","name":"Mediterranee","address":"40 Rue de Chalon, 75012 Paris","arr":12,"operator":"Saemes","source":"paris","url":"https://www.saemes.fr/fr/parking/parking-mediterranee-gare-de-lyon","phone":"0143074858","public":true,"hours":"24 h/24","places":1409,"placesPmr":15,"placesMoto":379,"placesVelo":123,"motoAccess":true,"veloAccess":true,"covered":true,"kind":"underground","placesEv":null,"heightMax":1.9,"relay":false,"prices":{"15":1.4,"30":2.75,"60":5.5,"90":8.25,"120":11,"180":16.5,"240":22,"420":38.5,"480":44,"540":44,"600":44,"660":44,"720":44,"1440":44},"pricesDate":"2026-06-01","motoPrices":{"15":0.4,"30":0.9,"60":1.9,"1440":15.4},"subscriptions":{"residentMonth":null,"month":332,"year":3320,"motoMonth":114,"evMonth":265,"pmrMonth":0,"veloMonth":10,"veloDay":null},"info":["tarif PMR = 2,70 euros"],"updated":"2026-06-01","sources":["paris","saemes","bnls","osm"],"forfaits":[],"ev":true,"pricesSource":"paris"},"geometry":{"type":"Point","coordinates":[2.375747,48.844977]}},{"type":"Feature","properties":{"id":"paris:75110-P-028","name":"Magenta Gare de l Est","address":"8 ter Square Alban Satragne, 75010 Paris","arr":10,"operator":"Indigo","source":"paris","url":"https://fr.parkindigo.com/parking/paris-75010/alban-satragne-magenta-75100900","phone":"0143205699","public":true,"hours":"24 h/24","places":685,"placesPmr":16,"placesMoto":70,"placesVelo":0,"motoAccess":true,"veloAccess":true,"covered":true,"kind":"underground","placesEv":null,"heightMax":1.85,"relay":false,"prices":{"15":1.25,"30":2.5,"60":5,"90":7.5,"120":10,"180":15,"240":20,"420":35,"480":40,"540":45,"600":45,"660":45,"720":45,"1440":45},"pricesDate":"2026-06-01","motoPrices":{"15":0.45,"30":0.9,"60":1.75,"1440":15.75},"subscriptions":{"residentMonth":193,"month":283,"year":2943,"motoMonth":99,"evMonth":226,"pmrMonth":0,"veloMonth":10,"veloDay":2},"info":["tarif PMR = 2,50 euros"],"updated":"2026-06-01","sources":["paris","bnls","indigo","osm"],"pricesSource":"paris"},"geometry":{"type":"Point","coordinates":[2.3553,48.875668]}},{"type":"Feature","properties":{"id":"paris:75112-P-129","name":"Bercy Seine Vehicules Legers","address":"180 Quai de Bercy, 75012 Paris","arr":12,"operator":"Saemes","source":"paris","url":"https://www.saemes.fr/fr/parking/parking-bercy-seine","phone":"0143074858","public":true,"hours":"24 h/24","places":284,"placesPmr":6,"placesMoto":7,"placesVelo":10,"motoAccess":true,"veloAccess":true,"covered":true,"kind":"underground","placesEv":null,"heightMax":1.9,"relay":true,"prices":{"15":1.15,"30":2.3,"60":4.6,"90":6.9,"120":9.2,"180":13.8,"240":18.4,"420":32.2,"480":36.8,"540":41.4,"600":41.4,"660":41.4,"720":41.4,"1440":41.4},"pricesDate":"2026-06-01","motoPrices":{"15":0.4,"30":0.8,"60":1.6,"1440":14.4},"subscriptions":{"residentMonth":130,"month":187,"year":1870,"motoMonth":74,"evMonth":149,"pmrMonth":0,"veloMonth":10,"veloDay":null},"info":[],"updated":"2026-06-01","sources":["paris"],"pricesSource":"paris"},"geometry":{"type":"Point","coordinates":[2.38083,48.835057]}},{"type":"Feature","properties":{"id":"paris:75116-P-162","name":"Jean Bouin","address":"17 Rue Nungesser et Coli, 75016 Paris","arr":16,"operator":"Saemes","source":"paris","url":"https://www.saemes.fr/fr/parking/parking-jean-bouin","phone":"0146519018","public":true,"hours":"07h – 23h","places":483,"placesPmr":12,"placesMoto":97,"placesVelo":15,"motoAccess":true,"veloAccess":true,"covered":true,"kind":"underground","placesEv":null,"heightMax":1.9,"relay":false,"prices":{"15":1.1,"30":2.2,"60":4.4,"90":6.6,"120":8.8,"180":13.2,"240":17.6,"420":30.8,"480":35.2,"540":39.6,"600":39.6,"660":39.6,"720":39.6,"1440":39.6},"pricesDate":"2026-06-01","motoPrices":{"15":0.4,"30":0.75,"60":1.5,"1440":13.5},"subscriptions":{"residentMonth":136,"month":171,"year":1710,"motoMonth":59,"evMonth":153,"pmrMonth":85,"veloMonth":11,"veloDay":null},"info":["tarif petit rouleur -40 % = contacter le parc"],"updated":"2026-06-01","sources":["paris","osm"],"pricesSource":"paris"},"geometry":{"type":"Point","coordinates":[2.252109,48.844302]}},{"type":"Feature","properties":{"id":"paris:75116-P-122","name":"Delessert","address":"11 Rue Beethoven, 75016 Paris","arr":16,"operator":"Indigo","source":"paris","url":"https://fr.parkindigo.com/parking","phone":null,"public":false,"hours":"Abonnés uniquement","places":255,"placesPmr":0,"placesMoto":9,"placesVelo":0,"motoAccess":true,"veloAccess":true,"covered":true,"kind":"underground","placesEv":null,"heightMax":1.95,"relay":false,"prices":null,"pricesDate":"2026-06-01","motoPrices":null,"subscriptions":{"residentMonth":240,"month":415,"year":4358,"motoMonth":145,"evMonth":332,"pmrMonth":0,"veloMonth":10,"veloDay":null},"info":[],"updated":"2026-06-01","sources":["paris","bnls","indigo"],"pricesSource":null},"geometry":{"type":"Point","coordinates":[2.287001,48.858652]}},{"type":"Feature","properties":{"id":"paris:75101-P-046","name":"Louvre Samaritaine","address":"7 Place du Louvre, 75001 Paris","arr":1,"operator":"Indigo","source":"paris","url":"https://fr.parkindigo.com/parking/paris-75001/louvre-samaritaine-75011200","phone":"0153176308","public":true,"hours":"24 h/24","places":553,"placesPmr":13,"placesMoto":47,"placesVelo":0,"motoAccess":true,"veloAccess":true,"covered":true,"kind":"underground","placesEv":null,"heightMax":1.9,"relay":false,"prices":{"15":1.4,"30":2.75,"60":5.45,"90":8.2,"120":10.9,"180":16.35,"240":21.8,"420":38.15,"480":43.6,"540":49.05,"600":49.05,"660":49.05,"720":49.05,"1440":49.05},"pricesDate":"2026-06-01","motoPrices":{"15":0.5,"30":1,"60":1.9,"1440":17.1},"subscriptions":{"residentMonth":257,"month":322,"year":3348,"motoMonth":112,"evMonth":161,"pmrMonth":161,"veloMonth":10,"veloDay":null},"info":["tarif petit rouleur -62 % = contacter le parc","tarif PMR = 2,70 euros"],"updated":"2026-06-01","sources":["paris","bnls","indigo"],"pricesSource":"paris"},"geometry":{"type":"Point","coordinates":[2.340529,48.859484]}},{"type":"Feature","properties":{"id":"paris:75108-P-107","name":"Champs Elysees","address":"64 Avenue des Champs Elysees, 75008 Paris","arr":8,"operator":"Saemes","source":"paris","url":"https://www.saemes.fr/fr/parking/parking-champs-elysees","phone":"0141720261","public":true,"hours":"24 h/24","places":829,"placesPmr":11,"placesMoto":48,"placesVelo":0,"motoAccess":true,"veloAccess":true,"covered":true,"kind":"underground","placesEv":null,"heightMax":1.9,"relay":false,"prices":{"15":1.4,"30":2.8,"60":5.5,"90":8.3,"120":11,"180":16.5,"240":22,"420":38.5,"480":44,"540":49.5,"600":49.5,"660":49.5,"720":49.5,"1440":49.5},"pricesDate":"2026-06-01","motoPrices":{"15":0.45,"30":0.95,"60":1.9,"1440":17.1},"subscriptions":{"residentMonth":150,"month":290,"year":2900,"motoMonth":102,"evMonth":232,"pmrMonth":0,"veloMonth":10,"veloDay":2},"info":["tarif PMR = 2,75 euros"],"updated":"2026-06-01","sources":["paris","saemes","bnls","indigo"],"forfaits":[{"label":"3 jours","price":103},{"label":"5 jours","price":138},{"label":"1 semaine","price":168},{"label":"2 semaines","price":236},{"label":"1 mois","price":319}],"pricesSource":"paris"},"geometry":{"type":"Point","coordinates":[2.305418,48.870672]}},{"type":"Feature","properties":{"id":"paris:75117-P-011","name":"Carnot","address":"14 ter Avenue Carnot, 75017 Paris","arr":17,"operator":"Saemes","source":"paris","url":"https://www.saemes.fr/fr/parking/parking-carnot","phone":"0144826800","public":true,"hours":"24 h/24","places":351,"placesPmr":4,"placesMoto":50,"placesVelo":24,"motoAccess":true,"veloAccess":true,"covered":true,"kind":"underground","placesEv":null,"heightMax":1.9,"relay":false,"prices":{"15":1.25,"30":2.5,"60":5,"90":7.5,"120":10,"180":15,"240":20,"420":35,"480":40,"540":45,"600":45,"660":45,"720":45,"1440":45},"pricesDate":"2026-06-01","motoPrices":{"15":0.45,"30":0.9,"60":1.75,"1440":15.75},"subscriptions":{"residentMonth":216,"month":270,"year":2700,"motoMonth":94,"evMonth":216,"pmrMonth":0,"veloMonth":10,"veloDay":null},"info":["tarif petit rouleur -40 % : contacter le parc"],"updated":"2026-06-01","sources":["paris","saemes","bnls"],"forfaits":[],"pricesSource":"paris"},"geometry":{"type":"Point","coordinates":[2.293277,48.875971]}},{"type":"Feature","properties":{"id":"paris:75116-P-059","name":"Victor Hugo Pompe","address":"122 Avenue Victor Hugo, 75016 Paris","arr":16,"operator":"Indigo","source":"paris","url":"https://fr.parkindigo.com/parking/paris-75016/victor-hugo-pompe-75160100","phone":"0141720270","public":true,"hours":"24 h/24","places":480,"placesPmr":0,"placesMoto":22,"placesVelo":0,"motoAccess":true,"veloAccess":true,"covered":true,"kind":"underground","placesEv":null,"heightMax":1.9,"relay":false,"prices":{"15":1.35,"30":2.7,"60":5.4,"90":8.1,"120":10.8,"180":16.2,"240":21.6,"420":37.8,"480":43.2,"540":48.6,"600":48.6,"660":48.6,"720":48.6,"1440":48.6},"pricesDate":"2026-06-01","motoPrices":{"15":0.5,"30":0.95,"60":1.85,"1440":16.65},"subscriptions":{"residentMonth":null,"month":375,"year":3900,"motoMonth":131,"evMonth":187,"pmrMonth":187,"veloMonth":10,"veloDay":null},"info":["tarif PMR = 2,70 euros"],"updated":"2026-06-01","sources":["paris","bnls","indigo"],"pricesSource":"paris"},"geometry":{"type":"Point","coordinates":[2.280732,48.867783]}},{"type":"Feature","properties":{"id":"paris:75117-P-035","name":"Porte de Champerret","address":"6 ter Avenue de la Porte de Champerret, 75017 Paris","arr":17,"operator":"Saemes","source":"paris","url":"https://www.saemes.fr/fr/parking/parking-porte-de-champerret","phone":"0141720270","public":true,"hours":"24 h/24","places":1463,"placesPmr":31,"placesMoto":67,"placesVelo":10,"motoAccess":true,"veloAccess":true,"covered":true,"kind":"underground","placesEv":null,"heightMax":1.9,"relay":true,"prices":{"15":1.15,"30":2.3,"60":4.5,"90":6.8,"120":9,"180":13.5,"240":18,"420":31.5,"480":36,"540":40.5,"600":40.5,"660":40.5,"720":40.5,"1440":40.5},"pricesDate":"2026-06-01","motoPrices":{"15":0.4,"30":0.8,"60":1.55,"1440":13.95},"subscriptions":{"residentMonth":120,"month":165,"year":1650,"motoMonth":57,"evMonth":124,"pmrMonth":0,"veloMonth":10,"veloDay":2},"info":[],"updated":"2026-06-01","sources":["paris","bnls","osm"],"pricesSource":"paris"},"geometry":{"type":"Point","coordinates":[2.287848,48.88631]}},{"type":"Feature","properties":{"id":"paris:75116-P-140","name":"Marceau Etoile","address":"75 ter Avenue Marceau, 75016 Paris","arr":16,"operator":"Q Park","source":"paris","url":"https://www.q-park.fr/fr-fr/villes/paris/marceau-champs-elysées/","phone":"0140701010","public":true,"hours":"24 h/24","places":503,"placesPmr":10,"placesMoto":10,"placesVelo":0,"motoAccess":true,"veloAccess":null,"covered":true,"kind":"underground","placesEv":null,"heightMax":1.9,"relay":false,"prices":{"15":1.65,"30":3.3,"60":6.6,"90":9.9,"120":13.2,"180":19.8,"240":26.4,"420":46.2,"480":52.8,"540":54.45,"600":54.45,"660":54.45,"720":54.45,"1440":54.45},"pricesDate":"2026-06-01","motoPrices":null,"subscriptions":{"residentMonth":210,"month":385,"year":3720,"motoMonth":176,"evMonth":165,"pmrMonth":null,"veloMonth":null,"veloDay":null},"info":[],"updated":"2026-06-01","sources":["paris","bnls","osm"],"pricesSource":"paris"},"geometry":{"type":"Point","coordinates":[2.296885,48.871472]}},{"type":"Feature","properties":{"id":"paris:75118-P-068","name":"Firmin Gemier","address":"5 ter Rue Firmin Gemier, 75018 Paris","arr":18,"operator":"Sags","source":"paris","url":"https://www.sags-parking.fr/parking/165/paris-firmin-gemier","phone":"0385204315","public":false,"hours":"Abonnés uniquement","places":129,"placesPmr":3,"placesMoto":11,"placesVelo":25,"motoAccess":true,"veloAccess":true,"covered":true,"kind":"underground","placesEv":null,"heightMax":1.95,"relay":false,"prices":null,"pricesDate":"2026-06-01","motoPrices":null,"subscriptions":{"residentMonth":108.7,"month":217.4,"year":2174.2,"motoMonth":76.1,"evMonth":163.05,"pmrMonth":0,"veloMonth":10,"veloDay":null},"info":["0"],"updated":"2026-06-01","sources":["paris"],"pricesSource":null},"geometry":{"type":"Point","coordinates":[2.330111,48.894777]}},{"type":"Feature","properties":{"id":"paris:75119-P-102","name":"Mairie du 19eme","address":"5 M Rue Andre Dubois, 75019 Paris","arr":19,"operator":"Saemes","source":"paris","url":"https://www.saemes.fr/fr/parking/parking-mairie-du-19eme","phone":"0142650611","public":false,"hours":"Abonnés uniquement","places":238,"placesPmr":1,"placesMoto":13,"placesVelo":118,"motoAccess":true,"veloAccess":true,"covered":true,"kind":"underground","placesEv":null,"heightMax":1.9,"relay":false,"prices":null,"pricesDate":"2026-06-01","motoPrices":null,"subscriptions":{"residentMonth":null,"month":189,"year":null,"motoMonth":76,"evMonth":null,"pmrMonth":null,"veloMonth":null,"veloDay":null},"info":["abonnements avec reservation uniquement"],"updated":"2026-06-01","sources":["paris","saemes","bnls","osm"],"forfaits":[],"pricesSource":null},"geometry":{"type":"Point","coordinates":[2.381755,48.883421]}},{"type":"Feature","properties":{"id":"paris:75113-P-120","name":"Charlety Coubertin","address":"27 ter Avenue Pierre de Coubertin, 75013 Paris","arr":13,"operator":"Saemes","source":"paris","url":"https://www.saemes.fr/fr/parking/parking-charlety-coubertin","phone":"0145652561","public":true,"hours":"24 h/24","places":401,"placesPmr":8,"placesMoto":15,"placesVelo":37,"motoAccess":true,"veloAccess":true,"covered":true,"kind":"underground","placesEv":null,"heightMax":1.85,"relay":true,"prices":{"15":0.95,"30":1.9,"60":3.8,"90":5.7,"120":7.6,"180":11.4,"240":15.2,"420":26.6,"480":30.4,"540":34.2,"600":34.2,"660":34.2,"720":34.2,"1440":34.2},"pricesDate":"2026-06-01","motoPrices":{"15":0.35,"30":0.7,"60":1.3,"1440":11.7},"subscriptions":{"residentMonth":90,"month":129,"year":1290,"motoMonth":45,"evMonth":97,"pmrMonth":0,"veloMonth":10,"veloDay":null},"info":["tarif PMR = 1,80 euros"],"updated":"2026-06-01","sources":["paris","saemes","bnls","osm"],"forfaits":[{"label":"Week-end (ven. 14h → lun. 9h)","price":45},{"label":"1 semaine","price":110},{"label":"1 mois","price":142}],"ev":true,"pricesSource":"paris"},"geometry":{"type":"Point","coordinates":[2.344273,48.817333]}},{"type":"Feature","properties":{"id":"paris:75116-P-016","name":"Passy","address":"82 ter Rue de Passy, 75016 Paris","arr":16,"operator":"Indigo","source":"paris","url":"https://fr.parkindigo.com/parking/paris-75016/passy-75161100","phone":"0141720270","public":true,"hours":"24 h/24","places":344,"placesPmr":9,"placesMoto":30,"placesVelo":20,"motoAccess":true,"veloAccess":true,"covered":true,"kind":"underground","placesEv":null,"heightMax":1.9,"relay":false,"prices":{"15":1.3,"30":2.6,"60":5.2,"90":7.8,"120":10.4,"180":15.6,"240":20.8,"420":36.4,"480":41.6,"540":46.8,"600":46.8,"660":46.8,"720":46.8,"1440":46.8},"pricesDate":"2026-06-01","motoPrices":{"15":0.45,"30":0.9,"60":1.8,"1440":16.2},"subscriptions":{"residentMonth":240,"month":415,"year":4358,"motoMonth":145,"evMonth":291,"pmrMonth":0,"veloMonth":10,"veloDay":2},"info":["tarif PMR = 2,60 euros"],"updated":"2026-06-01","sources":["paris","bnls","indigo"],"pricesSource":"paris"},"geometry":{"type":"Point","coordinates":[2.275325,48.858193]}},{"type":"Feature","properties":{"id":"paris:75101-P-006","name":"Vendome","address":"26 ter Place Vendome, 75001 Paris","arr":1,"operator":"Indigo","source":"paris","url":"https://fr.parkindigo.com/parking/paris-75001/vendome-75010800","phone":"0142605000","public":true,"hours":"24 h/24","places":748,"placesPmr":27,"placesMoto":98,"placesVelo":40,"motoAccess":true,"veloAccess":true,"covered":true,"kind":"underground","placesEv":null,"heightMax":1.9,"relay":false,"prices":{"15":1.5,"30":2.95,"60":5.85,"90":8.8,"120":11.7,"180":17.55,"240":23.4,"420":40.95,"480":46.8,"540":52.65,"600":52.65,"660":52.65,"720":52.65,"1440":52.65},"pricesDate":"2026-06-01","motoPrices":{"15":0.55,"30":1.05,"60":2.05,"1440":18.45},"subscriptions":{"residentMonth":244,"month":349,"year":3629,"motoMonth":122,"evMonth":174,"pmrMonth":null,"veloMonth":10,"veloDay":null},"info":[],"updated":"2026-06-01","sources":["paris","bnls","indigo"],"pricesSource":"paris"},"geometry":{"type":"Point","coordinates":[2.330001,48.867835]}},{"type":"Feature","properties":{"id":"paris:75107-P-075","name":"Champagny","address":"15 M Rue Casimir Perier, 75007 Paris","arr":7,"operator":"Saemes","source":"paris","url":"https://www.saemes.fr/fr/parking/parking-champagny","phone":"0144829999","public":false,"hours":"Abonnés uniquement","places":111,"placesPmr":0,"placesMoto":0,"placesVelo":0,"motoAccess":false,"veloAccess":true,"covered":true,"kind":"underground","placesEv":null,"heightMax":1.9,"relay":false,"prices":null,"pricesDate":"2026-06-01","motoPrices":null,"subscriptions":{"residentMonth":null,"month":362,"year":null,"motoMonth":null,"evMonth":null,"pmrMonth":null,"veloMonth":null,"veloDay":null},"info":["abonnements avec reservation uniquement"],"updated":"2026-06-01","sources":["paris","saemes","bnls"],"forfaits":[],"pricesSource":null},"geometry":{"type":"Point","coordinates":[2.319365,48.85807]}},{"type":"Feature","properties":{"id":"paris:75101-P-008","name":"Les Halles St Eustache","address":"22 Rue des Halles, 75001 Paris","arr":1,"operator":"Saemes","source":"paris","url":"https://www.saemes.fr/fr/parking/parking-les-halles-st-eustache","phone":"0142365737","public":true,"hours":"24 h/24","places":357,"placesPmr":6,"placesMoto":30,"placesVelo":65,"motoAccess":true,"veloAccess":true,"covered":true,"kind":"underground","placesEv":null,"heightMax":1.85,"relay":false,"prices":{"15":1.25,"30":2.5,"60":5,"90":7.5,"120":10,"180":15,"240":20,"420":35,"480":40,"540":45,"600":45,"660":45,"720":45,"1440":45},"pricesDate":"2026-06-01","motoPrices":{"15":0.45,"30":0.9,"60":1.75,"1440":15.75},"subscriptions":{"residentMonth":234,"month":293,"year":2930,"motoMonth":102,"evMonth":146,"pmrMonth":146,"veloMonth":18,"veloDay":null},"info":["tarif petit rouleur -40 % = contacter le parc","tarif PMR = 2,50 euros"],"updated":"2026-06-01","sources":["paris","saemes","bnls"],"forfaits":[{"label":"Week-end (ven. 14h → lun. 9h)","price":57},{"label":"5 jours","price":124},{"label":"1 semaine","price":151},{"label":"2 semaines","price":213},{"label":"1 mois","price":322}],"ev":true,"pricesSource":"paris"},"geometry":{"type":"Point","coordinates":[2.345964,48.860682]}},{"type":"Feature","properties":{"id":"paris:75110-P-126","name":"Recollets","address":"3 ter Passage des Recollets, 75010 Paris","arr":10,"operator":"Indigo","source":"paris","url":"https://www.saemes.fr/fr/parking/parking-recollets","phone":"0144829999","public":false,"hours":"Abonnés uniquement","places":98,"placesPmr":2,"placesMoto":5,"placesVelo":0,"motoAccess":true,"veloAccess":true,"covered":true,"kind":"underground","placesEv":null,"heightMax":2,"relay":false,"prices":null,"pricesDate":"2026-06-01","motoPrices":null,"subscriptions":{"residentMonth":null,"month":null,"year":null,"motoMonth":null,"evMonth":null,"pmrMonth":null,"veloMonth":10,"veloDay":null},"info":[],"updated":"2026-06-01","sources":["paris","bnls","indigo","osm"],"pricesSource":null},"geometry":{"type":"Point","coordinates":[2.359119,48.874184]}},{"type":"Feature","properties":{"id":"paris:75106-P-003","name":"Odeon","address":"8 ter Rue de l Ecole de Medecine, 75006 Paris","arr":6,"operator":"Indigo","source":"paris","url":"https://fr.parkindigo.com/parking/paris-75006/odeon-75061600","phone":"0140469561","public":true,"hours":"24 h/24","places":271,"placesPmr":6,"placesMoto":17,"placesVelo":15,"motoAccess":true,"veloAccess":true,"covered":true,"kind":"underground","placesEv":null,"heightMax":1.9,"relay":false,"prices":{"15":1.15,"30":2.3,"60":4.6,"90":6.9,"120":9.2,"180":13.8,"240":18.4,"420":32.2,"480":36.8,"540":41.4,"600":41.4,"660":41.4,"720":41.4,"1440":41.4},"pricesDate":"2026-06-01","motoPrices":{"15":0.4,"30":0.8,"60":1.6,"1440":14.4},"subscriptions":{"residentMonth":170,"month":320,"year":3200,"motoMonth":96,"evMonth":240,"pmrMonth":0,"veloMonth":10,"veloDay":null},"info":["tarif PMR = 2,30 euros"],"updated":"2026-06-01","sources":["paris","indigo","osm"],"pricesSource":"paris"},"geometry":{"type":"Point","coordinates":[2.341121,48.850962]}},{"type":"Feature","properties":{"id":"paris:75113-P-151","name":"Bibliotheque F. Mitterrand (Rive Gauche)","address":"16 Rue Emile Durkheim, 75013 Paris","arr":13,"operator":"Indigo","source":"paris","url":"https://fr.parkindigo.com/parking/paris-75013/bibliotheque-francois-mitterrand-75131100","phone":"0144066050","public":true,"hours":"24 h/24","places":1012,"placesPmr":21,"placesMoto":32,"placesVelo":10,"motoAccess":true,"veloAccess":true,"covered":true,"kind":"underground","placesEv":null,"heightMax":1.9,"relay":true,"prices":{"15":1.05,"30":2.1,"60":4.2,"90":6.3,"120":8.4,"180":12.6,"240":16.8,"420":29.4,"480":33.6,"540":37.8,"600":37.8,"660":37.8,"720":37.8,"1440":37.8},"pricesDate":"2026-06-01","motoPrices":{"15":0.4,"30":0.75,"60":1.45,"1440":13.05},"subscriptions":{"residentMonth":100,"month":250,"year":2625,"motoMonth":87,"evMonth":174,"pmrMonth":0,"veloMonth":10,"veloDay":null},"info":[],"updated":"2026-06-01","sources":["paris","bnls","indigo","osm"],"pricesSource":"paris"},"geometry":{"type":"Point","coordinates":[2.37733,48.83225]}},{"type":"Feature","properties":{"id":"paris:75117-P-064","name":"Porte Maillot","address":"16 Place de la Porte Maillot, 75017 Paris","arr":17,"operator":"Indigo","source":"paris","url":"https://fr.parkindigo.com/parking/paris-75017/porte-maillot-75172200","phone":"0141720270","public":true,"hours":"24 h/24","places":1293,"placesPmr":14,"placesMoto":29,"placesVelo":0,"motoAccess":true,"veloAccess":true,"covered":true,"kind":"underground","placesEv":null,"heightMax":1.9,"relay":true,"prices":{"15":1.25,"30":2.5,"60":4.9,"90":7.4,"120":9.8,"180":14.7,"240":19.6,"420":34.3,"480":39.2,"540":44.1,"600":44.1,"660":44.1,"720":44.1,"1440":44.1},"pricesDate":"2026-06-01","motoPrices":{"15":0.45,"30":0.9,"60":1.7,"1440":15.3},"subscriptions":{"residentMonth":168,"month":211,"year":2163,"motoMonth":73,"evMonth":168,"pmrMonth":105,"veloMonth":10,"veloDay":null},"info":["tarif petit rouleur -44 % = contacter le parc","tarif PMR = 2,45 euros"],"updated":"2026-06-01","sources":["paris","bnls","indigo"],"pricesSource":"paris"},"geometry":{"type":"Point","coordinates":[2.282264,48.878739]}},{"type":"Feature","properties":{"id":"paris:75112-P-103","name":"Faubourg Saint Antoine","address":"83 ter Avenue Ledru Rollin, 75012 Paris","arr":12,"operator":"Indigo","source":"paris","url":"https://fr.parkindigo.com/parking/paris-75012/faubourg-saint-antoine-75120200","phone":"0144755243","public":true,"hours":"24 h/24","places":329,"placesPmr":6,"placesMoto":35,"placesVelo":56,"motoAccess":true,"veloAccess":true,"covered":true,"kind":"underground","placesEv":null,"heightMax":1.9,"relay":false,"prices":{"15":1.35,"30":2.7,"60":5.4,"90":8.1,"120":10.8,"180":16.2,"240":21.6,"420":37.8,"480":43.2,"540":48.6,"600":48.6,"660":48.6,"720":48.6,"1440":48.6},"pricesDate":"2026-06-01","motoPrices":null,"subscriptions":{"residentMonth":null,"month":277,"year":2880,"motoMonth":151,"evMonth":null,"pmrMonth":null,"veloMonth":10,"veloDay":2},"info":[],"updated":"2026-06-01","sources":["paris","bnls","indigo","osm"],"pricesSource":"paris"},"geometry":{"type":"Point","coordinates":[2.375561,48.850842]}},{"type":"Feature","properties":{"id":"paris:75105-P-070","name":"Gay Lussac","address":"45 ter Rue Gay Lussac, 75005 Paris","arr":5,"operator":"Saemes","source":"paris","url":"https://www.saemes.fr/fr/parking/parking-gay-lussac","phone":"0144829999","public":false,"hours":"Abonnés uniquement","places":102,"placesPmr":0,"placesMoto":5,"placesVelo":0,"motoAccess":true,"veloAccess":false,"covered":true,"kind":"underground","placesEv":null,"heightMax":1.95,"relay":false,"prices":null,"pricesDate":"2026-06-01","motoPrices":null,"subscriptions":{"residentMonth":null,"month":190,"year":null,"motoMonth":null,"evMonth":null,"pmrMonth":null,"veloMonth":null,"veloDay":null},"info":["abonnements avec reservation uniquement"],"updated":"2026-06-01","sources":["paris","saemes","bnls"],"forfaits":[],"pricesSource":null},"geometry":{"type":"Point","coordinates":[2.343329,48.841875]}},{"type":"Feature","properties":{"id":"paris:75117-P-108","name":"Jouffroy d Abbans","address":"6 ter Rue Jouffroy d Abbans, 75017 Paris","arr":17,"operator":"Saemes","source":"paris","url":"?","phone":"0141720270","public":false,"hours":"Abonnés uniquement","places":209,"placesPmr":0,"placesMoto":0,"placesVelo":0,"motoAccess":null,"veloAccess":null,"covered":true,"kind":"underground","placesEv":null,"heightMax":1.9,"relay":false,"prices":null,"pricesDate":"2026-06-01","motoPrices":null,"subscriptions":{"residentMonth":null,"month":null,"year":null,"motoMonth":null,"evMonth":null,"pmrMonth":null,"veloMonth":null,"veloDay":null},"info":["abonnes tres longue duree"],"updated":"2026-06-01","sources":["paris","bnls","indigo"],"pricesSource":null},"geometry":{"type":"Point","coordinates":[2.313201,48.887162]}},{"type":"Feature","properties":{"id":"paris:75117-P-112","name":"Mac Mahon","address":"17 ter Avenue Mac Mahon, 75017 Paris","arr":17,"operator":"Indigo","source":"paris","url":"https://fr.parkindigo.com/parking/paris-75017/mac-mahon-75171100","phone":"0144826800","public":true,"hours":"24 h/24","places":409,"placesPmr":0,"placesMoto":39,"placesVelo":116,"motoAccess":true,"veloAccess":true,"covered":true,"kind":"underground","placesEv":null,"heightMax":1.9,"relay":false,"prices":{"15":1.35,"30":2.7,"60":5.4,"90":8.1,"120":10.8,"180":16.2,"240":21.6,"420":37.8,"480":43.2,"540":48.6,"600":48.6,"660":48.6,"720":48.6,"1440":48.6},"pricesDate":"2026-06-01","motoPrices":{"15":0.5,"30":0.95,"60":1.85,"1440":16.65},"subscriptions":{"residentMonth":200,"month":295,"year":3068,"motoMonth":103,"evMonth":236,"pmrMonth":0,"veloMonth":10,"veloDay":null},"info":["tarif PMR = 2,70 euros"],"updated":"2026-06-01","sources":["paris","bnls","indigo"],"pricesSource":"paris"},"geometry":{"type":"Point","coordinates":[2.294409,48.876552]}},{"type":"Feature","properties":{"id":"paris:75106-P-057","name":"Saint Sulpice","address":"8 M Place Saint Sulpice, 75006 Paris","arr":6,"operator":"Saemes","source":"paris","url":"https://www.saemes.fr/fr/parking/parking-saint-sulpice","phone":"0187896259","public":true,"hours":"24 h/24","places":559,"placesPmr":10,"placesMoto":14,"placesVelo":137,"motoAccess":true,"veloAccess":true,"covered":true,"kind":"underground","placesEv":null,"heightMax":1.9,"relay":false,"prices":{"15":1.35,"30":2.7,"60":5.4,"90":8.1,"120":10.8,"180":16.2,"240":21.6,"420":37.8,"480":43.2,"540":48.6,"600":48.6,"660":48.6,"720":48.6,"1440":48.6},"pricesDate":"2026-06-01","motoPrices":{"15":0.45,"30":0.9,"60":1.85,"1440":17},"subscriptions":{"residentMonth":200,"month":365,"year":3650,"motoMonth":127,"evMonth":292,"pmrMonth":0,"veloMonth":10,"veloDay":2},"info":[],"updated":"2026-06-01","sources":["paris","saemes","bnls"],"forfaits":[],"pricesSource":"paris"},"geometry":{"type":"Point","coordinates":[2.333558,48.851182]}},{"type":"Feature","properties":{"id":"paris:75102-P-048","name":"Bourse","address":"12 Quater Place de la Bourse, 75002 Paris","arr":2,"operator":"Sags","source":"paris","url":"https://www.sags-parking.fr/parking/62/paris-bourse-grands-boulevards","phone":"0186222327","public":true,"hours":"24 h/24","places":904,"placesPmr":3,"placesMoto":64,"placesVelo":20,"motoAccess":true,"veloAccess":true,"covered":true,"kind":"underground","placesEv":null,"heightMax":1.9,"relay":false,"prices":{"15":1.25,"30":2.5,"60":5,"90":7.5,"120":10,"180":15,"240":20,"420":35,"480":40,"540":45,"600":45,"660":45,"720":45,"1440":45},"pricesDate":"2026-06-01","motoPrices":{"15":0.45,"30":0.9,"60":1.75,"1440":15.75},"subscriptions":{"residentMonth":154.6,"month":391.7,"year":3917.3,"motoMonth":137.1,"evMonth":333,"pmrMonth":0,"veloMonth":10,"veloDay":null},"info":["tarif PMR = 2,50 euros"],"updated":"2026-06-01","sources":["paris","bnls","osm"],"pricesSource":"paris"},"geometry":{"type":"Point","coordinates":[2.340774,48.869638]}},{"type":"Feature","properties":{"id":"paris:75114-P-111","name":"Didot","address":"2 ter Rue Didot, 75014 Paris","arr":14,"operator":"Saemes","source":"paris","url":"https://www.saemes.fr/fr/parking/parking-didot","phone":"0144829999","public":false,"hours":"Abonnés uniquement","places":235,"placesPmr":0,"placesMoto":31,"placesVelo":45,"motoAccess":true,"veloAccess":true,"covered":true,"kind":"underground","placesEv":null,"heightMax":1.9,"relay":false,"prices":null,"pricesDate":"2026-06-01","motoPrices":null,"subscriptions":{"residentMonth":112,"month":148,"year":1480,"motoMonth":51,"evMonth":107,"pmrMonth":0,"veloMonth":10,"veloDay":null},"info":[],"updated":"2026-06-01","sources":["paris","saemes","bnls"],"forfaits":[],"pricesSource":null},"geometry":{"type":"Point","coordinates":[2.321613,48.833997]}},{"type":"Feature","properties":{"id":"paris:75114-P-117","name":"Maine Basch Alesia","address":"204 ter Avenue du Maine, 75014 Paris","arr":14,"operator":"Indigo","source":"paris","url":"https://fr.parkindigo.com/parking/paris-75014/alesia-75140400","phone":"0144829999","public":true,"hours":"24 h/24","places":469,"placesPmr":11,"placesMoto":44,"placesVelo":89,"motoAccess":true,"veloAccess":true,"covered":true,"kind":"underground","placesEv":null,"heightMax":1.9,"relay":false,"prices":{"15":1.25,"30":2.5,"60":4.9,"90":7.4,"120":9.8,"180":14.7,"240":19.6,"420":34.3,"480":39.2,"540":44.1,"600":44.1,"660":44.1,"720":44.1,"1440":44.1},"pricesDate":"2026-06-01","motoPrices":{"15":0.45,"30":0.9,"60":1.7,"1440":15.3},"subscriptions":{"residentMonth":null,"month":229,"year":2371,"motoMonth":78,"evMonth":114,"pmrMonth":114,"veloMonth":10,"veloDay":2},"info":["tarif PMR = 2,45 euros"],"updated":"2026-06-01","sources":["paris","bnls","indigo"],"pricesSource":"paris"},"geometry":{"type":"Point","coordinates":[2.32572,48.830275]}},{"type":"Feature","properties":{"id":"paris:75117-P-154","name":"Cardinet","address":"149 ter Rue Cardinet, 75017 Paris","arr":17,"operator":"Sags","source":"paris","url":"https://www.sags-parking.fr/parking/163/paris-cardinet","phone":"0142640382","public":false,"hours":"Abonnés uniquement","places":588,"placesPmr":12,"placesMoto":32,"placesVelo":32,"motoAccess":true,"veloAccess":true,"covered":true,"kind":"underground","placesEv":null,"heightMax":1.95,"relay":false,"prices":null,"pricesDate":"2026-06-01","motoPrices":null,"subscriptions":{"residentMonth":143,"month":265,"year":2650,"motoMonth":92.7,"evMonth":225.25,"pmrMonth":0,"veloMonth":10,"veloDay":null},"info":[],"updated":"2026-06-01","sources":["paris","osm"],"pricesSource":null},"geometry":{"type":"Point","coordinates":[2.316921,48.890066]}},{"type":"Feature","properties":{"id":"paris:75114-P-051","name":"Porte d Orleans","address":"8 Avenue de la Porte d Orleans, 75014 Paris","arr":14,"operator":"Saemes","source":"paris","url":"https://www.saemes.fr/fr/parking/parking-porte-dorleans","phone":"0140520920","public":true,"hours":"24 h/24","places":657,"placesPmr":13,"placesMoto":43,"placesVelo":45,"motoAccess":true,"veloAccess":true,"covered":true,"kind":"underground","placesEv":null,"heightMax":1.85,"relay":true,"prices":{"15":1.05,"30":2.1,"60":4.2,"90":6.3,"120":8.4,"180":12.6,"240":16.8,"420":29.4,"480":33.6,"540":37.8,"600":37.8,"660":37.8,"720":37.8,"1440":37.8},"pricesDate":"2026-06-01","motoPrices":{"15":0.4,"30":0.75,"60":1.45,"1440":13.05},"subscriptions":{"residentMonth":112,"month":160,"year":1600,"motoMonth":56,"evMonth":115,"pmrMonth":0,"veloMonth":10,"veloDay":null},"info":["autre hauteur = 260 cm","hauteur 260 cm niveau -1 seulement autres niveaux 185"],"updated":"2026-06-01","sources":["paris","osm"],"pricesSource":"paris"},"geometry":{"type":"Point","coordinates":[2.325849,48.820547]}},{"type":"Feature","properties":{"id":"paris:75118-P-038","name":"Porte de Clignancourt","address":"20 ter Avenue de la Porte de Clignancourt, 75018 Paris","arr":18,"operator":"Sags","source":"paris","url":"https://www.sags-parking.fr/parking/166/paris-porte-de-clignancourt","phone":"0142640382","public":true,"hours":"24 h/24","places":522,"placesPmr":13,"placesMoto":17,"placesVelo":20,"motoAccess":true,"veloAccess":true,"covered":true,"kind":"underground","placesEv":null,"heightMax":1.9,"relay":false,"prices":{"15":1,"30":2,"60":4,"90":6,"120":8,"180":12,"240":16,"420":28,"480":32,"540":36,"600":36,"660":36,"720":36,"1440":36},"pricesDate":"2026-06-01","motoPrices":{"15":0.35,"30":0.7,"60":1.4,"1440":12.6},"subscriptions":{"residentMonth":100.5,"month":145,"year":1450,"motoMonth":50.8,"evMonth":110.1,"pmrMonth":0,"veloMonth":10,"veloDay":null},"info":["tarif PMR = 2,00 euros"],"updated":"2026-06-01","sources":["paris","bnls","osm"],"pricesSource":"paris"},"geometry":{"type":"Point","coordinates":[2.344528,48.899608]}},{"type":"Feature","properties":{"id":"paris:75104-P-124","name":"Baudoyer","address":"25 ter Rue de Rivoli, 75004 Paris","arr":4,"operator":"Realpark S.A.","source":"paris","url":"http://realpark.fr/parking/baudoyer.html","phone":"0144171819","public":true,"hours":"24 h/24","places":317,"placesPmr":6,"placesMoto":11,"placesVelo":6,"motoAccess":true,"veloAccess":true,"covered":true,"kind":"underground","placesEv":null,"heightMax":1.95,"relay":false,"prices":{"15":1.3,"30":2.6,"60":5.2,"90":7.8,"120":10.4,"180":15.6,"240":20.8,"420":36.4,"480":41.6,"540":46.8,"600":46.8,"660":46.8,"720":46.8,"1440":46.8},"pricesDate":"2026-06-01","motoPrices":null,"subscriptions":{"residentMonth":null,"month":249,"year":2500,"motoMonth":100,"evMonth":null,"pmrMonth":null,"veloMonth":10.83333333,"veloDay":null},"info":[],"updated":"2026-06-01","sources":["paris","bnls","osm"],"pricesSource":"paris"},"geometry":{"type":"Point","coordinates":[2.355399,48.856476]}},{"type":"Feature","properties":{"id":"paris:75116-P-074","name":"Gros Boulainvilliers","address":"15 ter Rue de Boulainvilliers, 75016 Paris","arr":16,"operator":"Saemes","source":"paris","url":"https://www.saemes.fr/fr/parking/parking-gros-boulainvilliers","phone":"0144826800","public":false,"hours":"Abonnés uniquement","places":404,"placesPmr":1,"placesMoto":12,"placesVelo":24,"motoAccess":true,"veloAccess":true,"covered":true,"kind":"underground","placesEv":null,"heightMax":1.95,"relay":false,"prices":null,"pricesDate":"2026-06-01","motoPrices":null,"subscriptions":{"residentMonth":166,"month":225,"year":2250,"motoMonth":78,"evMonth":112,"pmrMonth":0,"veloMonth":10,"veloDay":null},"info":[],"updated":"2026-06-01","sources":["paris","saemes","bnls"],"forfaits":[],"ev":true,"pricesSource":null},"geometry":{"type":"Point","coordinates":[2.276035,48.852515]}},{"type":"Feature","properties":{"id":"paris:75105-P-084","name":"Maubert College des Bernardins","address":"39 ter Boulevard Saint Germain, 75005 Paris","arr":5,"operator":"Saemes","source":"paris","url":"https://www.saemes.fr/fr/parking/parking-maubert-college-des-bernardins","phone":"0143269701","public":true,"hours":"24 h/24","places":607,"placesPmr":12,"placesMoto":41,"placesVelo":26,"motoAccess":true,"veloAccess":true,"covered":true,"kind":"underground","placesEv":null,"heightMax":1.85,"relay":false,"prices":{"15":1.25,"30":2.5,"60":5,"90":7.5,"120":10,"180":15,"240":20,"420":35,"480":40,"540":45,"600":45,"660":45,"720":45,"1440":45},"pricesDate":"2026-06-01","motoPrices":{"15":0.45,"30":0.9,"60":1.75,"1440":15.75},"subscriptions":{"residentMonth":null,"month":254,"year":2540,"motoMonth":88,"evMonth":127,"pmrMonth":127,"veloMonth":18,"veloDay":null},"info":["tarif PMR = 2,50 euros"],"updated":"2026-06-01","sources":["paris","saemes","bnls"],"forfaits":[{"label":"Week-end (ven. 14h → lun. 9h)","price":59},{"label":"5 jours","price":124},{"label":"1 semaine","price":151},{"label":"1 mois","price":283}],"ev":true,"pricesSource":"paris"},"geometry":{"type":"Point","coordinates":[2.350911,48.849492]}},{"type":"Feature","properties":{"id":"paris:75109-P-018","name":"Meyerbeer (Opera)","address":"2 ter Rue de la Chaussee d Antin, 75009 Paris","arr":9,"operator":"Sags","source":"paris","url":"https://www.sags-parking.fr/parking/68/paris-meyerbeer-opera","phone":"0186221858","public":true,"hours":"24 h/24","places":520,"placesPmr":12,"placesMoto":76,"placesVelo":0,"motoAccess":true,"veloAccess":true,"covered":true,"kind":"underground","placesEv":null,"heightMax":1.9,"relay":false,"prices":{"15":1.2,"30":2.4,"60":4.7,"90":7.1,"120":9.4,"180":14.1,"240":18.8,"420":32.9,"480":37.6,"540":42.3,"600":42.3,"660":42.3,"720":42.3,"1440":42.3},"pricesDate":"2026-06-01","motoPrices":{"15":0.4,"30":0.8,"60":1.6,"1440":14.4},"subscriptions":{"residentMonth":159,"month":318,"year":3180,"motoMonth":111.3,"evMonth":270.3,"pmrMonth":0,"veloMonth":10,"veloDay":null},"info":["tarif PMR = 2,35 euros"],"updated":"2026-06-01","sources":["paris","osm"],"pricesSource":"paris"},"geometry":{"type":"Point","coordinates":[2.334056,48.871352]}},{"type":"Feature","properties":{"id":"paris:75104-P-007","name":"Hotel de Ville","address":"6 ter Quai de Gesvres, 75004 Paris","arr":4,"operator":"Saemes","source":"paris","url":"https://www.saemes.fr/fr/parking/parking-hotel-de-ville","phone":"0142715196","public":true,"hours":"24 h/24","places":457,"placesPmr":10,"placesMoto":82,"placesVelo":94,"motoAccess":true,"veloAccess":true,"covered":true,"kind":"underground","placesEv":null,"heightMax":1.8,"relay":false,"prices":{"15":1.2,"30":2.35,"60":4.7,"90":7.05,"120":9.4,"180":14.1,"240":18.8,"420":32.9,"480":37.6,"540":42.3,"600":42.3,"660":42.3,"720":42.3,"1440":42.3},"pricesDate":"2026-06-01","motoPrices":{"15":0.4,"30":0.8,"60":1.6,"1440":14.4},"subscriptions":{"residentMonth":234,"month":293,"year":2930,"motoMonth":95,"evMonth":146,"pmrMonth":146,"veloMonth":18,"veloDay":null},"info":["tarif petit rouleur -40 % = contacter le parc","tarif PMR = 2,35 euros"],"updated":"2026-06-01","sources":["paris","saemes","bnls","osm"],"forfaits":[{"label":"Week-end (ven. 14h → lun. 9h)","price":54},{"label":"3 jours","price":83},{"label":"1 semaine","price":135},{"label":"2 semaines","price":191}],"ev":true,"pricesSource":"paris"},"geometry":{"type":"Point","coordinates":[2.349561,48.856587]}},{"type":"Feature","properties":{"id":"paris:75107-P-063","name":"Suffren","address":"8 ter Place Joffre, 75007 Paris","arr":7,"operator":"Indigo","source":"paris","url":"https://fr.parkindigo.com","phone":"0145484330","public":false,"hours":"Abonnés uniquement","places":162,"placesPmr":0,"placesMoto":0,"placesVelo":0,"motoAccess":null,"veloAccess":null,"covered":true,"kind":"underground","placesEv":null,"heightMax":1.9,"relay":false,"prices":null,"pricesDate":"2026-06-01","motoPrices":null,"subscriptions":{"residentMonth":null,"month":null,"year":null,"motoMonth":null,"evMonth":null,"pmrMonth":null,"veloMonth":null,"veloDay":null},"info":["abonnes tres longue duree"],"updated":"2026-06-01","sources":["paris","bnls","indigo","osm"],"pricesSource":null},"geometry":{"type":"Point","coordinates":[2.301875,48.851998]}},{"type":"Feature","properties":{"id":"paris:75107-P-155","name":"Sevres Babylone","address":"1 bis Rue de Babylone, 75007 Paris","arr":7,"operator":"Indigo","source":"paris","url":"https://fr.parkindigo.com/parking/paris-75007/sevres-babylone-75071100","phone":"0145484330","public":true,"hours":"24 h/24","places":891,"placesPmr":18,"placesMoto":85,"placesVelo":137,"motoAccess":true,"veloAccess":true,"covered":true,"kind":"underground","placesEv":null,"heightMax":1.9,"relay":false,"prices":{"15":1.3,"30":2.6,"60":5.2,"90":7.8,"120":10.4,"180":15.6,"240":20.8,"420":36.4,"480":41.6,"540":46.8,"600":46.8,"660":46.8,"720":46.8,"1440":46.8},"pricesDate":"2026-06-01","motoPrices":{"15":0.45,"30":0.9,"60":1.8,"1440":16.2},"subscriptions":{"residentMonth":214,"month":336,"year":3494,"motoMonth":117,"evMonth":268,"pmrMonth":0,"veloMonth":10,"veloDay":null},"info":["tarif PMR = 2,60 euros"],"updated":"2026-06-01","sources":["paris","bnls","indigo","osm"],"pricesSource":"paris"},"geometry":{"type":"Point","coordinates":[2.324959,48.851593]}},{"type":"Feature","properties":{"id":"paris:75109-P-023","name":"Anvers","address":"41 bis Boulevard de Rochechouart, 75009 Paris","arr":9,"operator":"Sags","source":"paris","url":"https://www.sags-parking.fr/parking/161/paris-anvers-montmartre","phone":"0142810511","public":true,"hours":"24 h/24","places":486,"placesPmr":11,"placesMoto":37,"placesVelo":111,"motoAccess":true,"veloAccess":true,"covered":true,"kind":"underground","placesEv":null,"heightMax":1.9,"relay":false,"prices":{"15":1.2,"30":2.4,"60":4.7,"90":7.1,"120":9.4,"180":14.1,"240":18.8,"420":32.9,"480":37.6,"540":42.3,"600":42.3,"660":42.3,"720":42.3,"1440":42.3},"pricesDate":"2026-06-01","motoPrices":{"15":0.4,"30":0.8,"60":1.6,"1440":14.4},"subscriptions":{"residentMonth":143,"month":265,"year":2650,"motoMonth":92.7,"evMonth":225.25,"pmrMonth":0,"veloMonth":10,"veloDay":null},"info":["tarif PMR = 2,35 euros"],"updated":"2026-06-01","sources":["paris"],"pricesSource":"paris"},"geometry":{"type":"Point","coordinates":[2.344019,48.88266]}},{"type":"Feature","properties":{"id":"paris:94080-P-156","name":"Marigny Chateau","address":"10 Cours Marigny","arr":94,"operator":"Indigo","source":"paris","url":"https://fr.parkindigo.com/parking/vincennes-94300/marigny-chateau-94120700","phone":"0143749643","public":true,"hours":"24 h/24","places":583,"placesPmr":11,"placesMoto":38,"placesVelo":12,"motoAccess":true,"veloAccess":true,"covered":true,"kind":"underground","placesEv":null,"heightMax":1.9,"relay":true,"prices":{"15":0.5,"30":1,"60":2,"90":3,"120":4,"180":6,"240":8,"420":14,"480":16,"540":18,"600":18,"660":18,"720":18,"1440":18},"pricesDate":"2026-06-01","motoPrices":{"15":0.2,"30":0.4,"60":0.7,"1440":6.3},"subscriptions":{"residentMonth":null,"month":125,"year":1250,"motoMonth":43,"evMonth":62,"pmrMonth":62,"veloMonth":10,"veloDay":null},"info":["tarif PMR = 1 euro","le parc, propriete de la Ville de Paris, se situe a Vincennes"],"updated":"2026-06-01","sources":["paris"],"pricesSource":"paris"},"geometry":{"type":"Point","coordinates":[2.439537,48.845354]}},{"type":"Feature","properties":{"id":"paris:75113-P-153","name":"Universite Diderot (Rive Gauche)","address":"29 Quater Rue Thomas Mann, 75013 Paris","arr":13,"operator":"Indigo","source":"paris","url":"https://fr.parkindigo.com/parking/paris-75013/universite-diderot-75131200","phone":"0144066050","public":true,"hours":"24 h/24","places":494,"placesPmr":12,"placesMoto":29,"placesVelo":16,"motoAccess":true,"veloAccess":true,"covered":true,"kind":"underground","placesEv":null,"heightMax":1.9,"relay":true,"prices":{"15":0.9,"30":1.8,"60":3.6,"90":5.4,"120":7.2,"180":10.8,"240":14.4,"420":25.2,"480":28.8,"540":32.4,"600":32.4,"660":32.4,"720":32.4,"1440":32.4},"pricesDate":"2026-06-01","motoPrices":{"15":0.35,"30":0.65,"60":1.25,"1440":11.25},"subscriptions":{"residentMonth":100,"month":230,"year":2415,"motoMonth":80,"evMonth":161,"pmrMonth":0,"veloMonth":10,"veloDay":null},"info":[],"updated":"2026-06-01","sources":["paris","bnls","indigo","osm"],"pricesSource":"paris"},"geometry":{"type":"Point","coordinates":[2.378907,48.829433]}},{"type":"Feature","properties":{"id":"paris:75117-P-072","name":"Mairie du 17 Eme","address":"20 Rue des Batignolles, 75017 Paris","arr":17,"operator":"Saemes","source":"paris","url":"https://www.saemes.fr/fr/parking/parking-mairie-du-17eme","phone":"0144829999","public":true,"hours":"24 h/24","places":316,"placesPmr":7,"placesMoto":37,"placesVelo":117,"motoAccess":true,"veloAccess":true,"covered":true,"kind":"underground","placesEv":null,"heightMax":1.9,"relay":false,"prices":{"15":1.2,"30":2.35,"60":4.7,"90":7.05,"120":9.4,"180":14.1,"240":18.8,"420":32.9,"480":37.6,"540":42.3,"600":42.3,"660":42.3,"720":42.3,"1440":42.3},"pricesDate":"2026-06-01","motoPrices":{"15":0.4,"30":0.8,"60":1.6,"1440":14.4},"subscriptions":{"residentMonth":null,"month":257,"year":2570,"motoMonth":103,"evMonth":null,"pmrMonth":null,"veloMonth":10,"veloDay":null},"info":[],"updated":"2026-06-01","sources":["paris","saemes","bnls","osm"],"forfaits":[{"label":"Week-end (ven. 14h → lun. 9h)","price":58},{"label":"1 semaine","price":127},{"label":"2 semaines","price":179},{"label":"1 mois","price":280}],"ev":true,"pricesSource":"paris"},"geometry":{"type":"Point","coordinates":[2.321459,48.884697]}},{"type":"Feature","properties":{"id":"paris:75115-P-049","name":"Porte de Versailles","address":"40 ter Boulevard Victor, 75015 Paris","arr":15,"operator":"Saemes","source":"paris","url":"https://www.saemes.fr/fr/parking/parking-porte-de-versailles","phone":"0187896258","public":true,"hours":"24 h/24","places":472,"placesPmr":10,"placesMoto":20,"placesVelo":10,"motoAccess":true,"veloAccess":true,"covered":true,"kind":"underground","placesEv":null,"heightMax":1.9,"relay":false,"prices":{"15":1.25,"30":2.5,"60":5,"90":7.5,"120":10,"180":15,"240":20,"420":35,"480":40,"540":45,"600":50,"660":55,"720":55,"1440":55},"pricesDate":"2026-06-01","motoPrices":{"15":0.4,"30":0.85,"60":1.75,"1440":19.25},"subscriptions":{"residentMonth":183,"month":255,"year":2550,"motoMonth":89,"evMonth":204,"pmrMonth":0,"veloMonth":10,"veloDay":null},"info":["tarif PMR = 2,50 euros"],"updated":"2026-06-01","sources":["paris","saemes","bnls","osm"],"forfaits":[],"pricesSource":"paris"},"geometry":{"type":"Point","coordinates":[2.285401,48.833645]}},{"type":"Feature","properties":{"id":"paris:75117-P-004","name":"Villiers","address":"14 ter Avenue de Villiers, 75017 Paris","arr":17,"operator":"Indigo","source":"paris","url":"https://fr.parkindigo.com/parking/paris-75017/villiers-75171800","phone":"0141720270","public":true,"hours":"24 h/24","places":388,"placesPmr":4,"placesMoto":9,"placesVelo":10,"motoAccess":true,"veloAccess":true,"covered":true,"kind":"underground","placesEv":null,"heightMax":1.9,"relay":false,"prices":{"15":1.35,"30":2.7,"60":5.4,"90":8.1,"120":10.8,"180":16.2,"240":21.6,"420":37.8,"480":43.2,"540":48.6,"600":48.6,"660":48.6,"720":48.6,"1440":48.6},"pricesDate":"2026-06-01","motoPrices":{"15":0.5,"30":0.95,"60":1.85,"1440":16.65},"subscriptions":{"residentMonth":295,"month":369,"year":3837,"motoMonth":129,"evMonth":184,"pmrMonth":184,"veloMonth":10,"veloDay":null},"info":["tarif petit rouleur -40 % = contacter le parc","tarif PMR = 2,70 euros"],"updated":"2026-06-01","sources":["paris","bnls","indigo"],"pricesSource":"paris"},"geometry":{"type":"Point","coordinates":[2.314306,48.881856]}},{"type":"Feature","properties":{"id":"paris:75107-P-058","name":"Joffre","address":"2 ter Place Joffre, 75007 Paris","arr":7,"operator":"Indigo","source":"paris","url":"https://fr.parkindigo.com/parking/paris-75007/joffre-ecole-militaire-75070200","phone":"0145484330","public":true,"hours":"24 h/24","places":928,"placesPmr":10,"placesMoto":61,"placesVelo":6,"motoAccess":true,"veloAccess":true,"covered":true,"kind":"underground","placesEv":null,"heightMax":1.9,"relay":false,"prices":{"15":1.35,"30":2.7,"60":5.4,"90":8.1,"120":10.8,"180":16.2,"240":21.6,"420":37.8,"480":43.2,"540":48.6,"600":48.6,"660":48.6,"720":48.6,"1440":48.6},"pricesDate":"2026-06-01","motoPrices":{"15":0.5,"30":0.95,"60":1.85,"1440":16.65},"subscriptions":{"residentMonth":null,"month":227,"year":2360,"motoMonth":79,"evMonth":113.5,"pmrMonth":113.5,"veloMonth":10,"veloDay":null},"info":["tarif PMR = 2,70 euros"],"updated":"2026-06-01","sources":["paris","bnls"],"pricesSource":"paris"},"geometry":{"type":"Point","coordinates":[2.305207,48.854227]}},{"type":"Feature","properties":{"id":"paris:75116-P-022","name":"Porte d Auteuil","address":"6 ter Avenue du General Sarrail, 75016 Paris","arr":16,"operator":"Saemes","source":"paris","url":"https://www.saemes.fr/fr/parking/parking-porte-dauteuil","phone":"0146519018","public":true,"hours":"24 h/24","places":1116,"placesPmr":23,"placesMoto":56,"placesVelo":37,"motoAccess":true,"veloAccess":true,"covered":true,"kind":"underground","placesEv":null,"heightMax":1.85,"relay":false,"prices":{"15":1.2,"30":2.4,"60":4.7,"90":7.1,"120":9.4,"180":14.1,"240":18.8,"420":32.9,"480":37.6,"540":42.3,"600":42.3,"660":42.3,"720":42.3,"1440":42.3},"pricesDate":"2026-06-01","motoPrices":{"15":0.4,"30":0.8,"60":1.6,"1440":14.4},"subscriptions":{"residentMonth":136,"month":171,"year":1710,"motoMonth":59,"evMonth":153,"pmrMonth":85,"veloMonth":11,"veloDay":null},"info":["tarif petit rouleur -40 % = contacter le parc"],"updated":"2026-06-01","sources":["paris","osm"],"pricesSource":"paris"},"geometry":{"type":"Point","coordinates":[2.256171,48.846571]}},{"type":"Feature","properties":{"id":"paris:75101-P-147","name":"Sebastopol","address":"37 ter Boulevard Sebastopol, 75001 Paris","arr":1,"operator":"Indigo","source":"paris","url":"https://fr.parkindigo.com/parking/paris-75001/sebastopol-75010500","phone":"0141720255","public":true,"hours":"24 h/24","places":476,"placesPmr":10,"placesMoto":66,"placesVelo":0,"motoAccess":true,"veloAccess":null,"covered":true,"kind":"underground","placesEv":null,"heightMax":1.9,"relay":false,"prices":{"15":1.35,"30":2.7,"60":5.4,"90":8.1,"120":10.8,"180":16.2,"240":21.6,"420":37.8,"480":43.2,"540":48.6,"600":48.6,"660":48.6,"720":48.6,"1440":48.6},"pricesDate":"2026-06-01","motoPrices":null,"subscriptions":{"residentMonth":195,"month":279,"year":2901,"motoMonth":97,"evMonth":139,"pmrMonth":null,"veloMonth":null,"veloDay":null},"info":[],"updated":"2026-06-01","sources":["paris","bnls","indigo"],"pricesSource":"paris"},"geometry":{"type":"Point","coordinates":[2.349474,48.860989]}},{"type":"Feature","properties":{"id":"paris:75115-P-118","name":"General Beuret","address":"31 ter Rue du General Beuret, 75015 Paris","arr":15,"operator":"Saemes","source":"paris","url":"https://www.saemes.fr/fr/parking/parking-general-beuret","phone":"0144829999","public":false,"hours":"Abonnés uniquement","places":167,"placesPmr":1,"placesMoto":7,"placesVelo":0,"motoAccess":true,"veloAccess":false,"covered":true,"kind":"underground","placesEv":null,"heightMax":1.85,"relay":false,"prices":null,"pricesDate":"2026-06-01","motoPrices":null,"subscriptions":{"residentMonth":null,"month":192,"year":null,"motoMonth":66,"evMonth":null,"pmrMonth":null,"veloMonth":null,"veloDay":null},"info":[],"updated":"2026-06-01","sources":["paris","saemes","bnls"],"forfaits":[],"pricesSource":null},"geometry":{"type":"Point","coordinates":[2.302316,48.840258]}},{"type":"Feature","properties":{"id":"paris:75112-P-017","name":"Picpus Nation","address":"65 M Boulevard de Picpus, 75012 Paris","arr":12,"operator":"Saemes","source":"paris","url":"https://fr.parkindigo.com/parking/paris-75012/picpus-nation-75120100","phone":"0146286047","public":true,"hours":"24 h/24","places":901,"placesPmr":16,"placesMoto":32,"placesVelo":0,"motoAccess":true,"veloAccess":true,"covered":true,"kind":"underground","placesEv":null,"heightMax":1.9,"relay":false,"prices":{"15":0.95,"30":1.9,"60":3.8,"90":5.7,"120":7.6,"180":11.4,"240":15.2,"420":26.6,"480":30.4,"540":34.2,"600":34.2,"660":34.2,"720":34.2,"1440":34.2},"pricesDate":"2026-06-01","motoPrices":{"15":0.3,"30":0.65,"60":1.3,"1440":11.7},"subscriptions":{"residentMonth":120,"month":150,"year":1500,"motoMonth":52,"evMonth":120,"pmrMonth":0,"veloMonth":10,"veloDay":2},"info":["tarif PMR = 1,90 euros"],"updated":"2026-06-01","sources":["paris","saemes","bnls"],"forfaits":[],"pricesSource":"paris"},"geometry":{"type":"Point","coordinates":[2.399144,48.847155]}},{"type":"Feature","properties":{"id":"paris:75117-P-001","name":"Ampere","address":"93 ter Rue Ampere, 75017 Paris","arr":17,"operator":"Indigo","source":"paris","url":"https://fr.parkindigo.com","phone":"0141720270","public":false,"hours":"Abonnés uniquement","places":198,"placesPmr":0,"placesMoto":0,"placesVelo":0,"motoAccess":null,"veloAccess":null,"covered":true,"kind":"underground","placesEv":null,"heightMax":1.9,"relay":false,"prices":null,"pricesDate":"2026-06-01","motoPrices":null,"subscriptions":{"residentMonth":null,"month":null,"year":null,"motoMonth":null,"evMonth":null,"pmrMonth":null,"veloMonth":null,"veloDay":null},"info":["abonnes tres longue duree"],"updated":"2026-06-01","sources":["paris","bnls","indigo"],"pricesSource":null},"geometry":{"type":"Point","coordinates":[2.298557,48.885301]}},{"type":"Feature","properties":{"id":"paris:75106-P-121","name":"Saints Peres","address":"47 ter Rue Jacob, 75006 Paris","arr":6,"operator":"Indigo","source":"paris","url":"https://fr.parkindigo.com/parking/paris-75006/saints-peres-75060300","phone":"0145491855","public":false,"hours":"Abonnés uniquement","places":460,"placesPmr":0,"placesMoto":5,"placesVelo":0,"motoAccess":true,"veloAccess":null,"covered":true,"kind":"underground","placesEv":null,"heightMax":1.9,"relay":false,"prices":null,"pricesDate":"2026-06-01","motoPrices":null,"subscriptions":{"residentMonth":null,"month":null,"year":null,"motoMonth":null,"evMonth":null,"pmrMonth":null,"veloMonth":null,"veloDay":null},"info":["abonnes tres longue duree"],"updated":"2026-06-01","sources":["paris","bnls","indigo"],"pricesSource":null},"geometry":{"type":"Point","coordinates":[2.332364,48.856009]}},{"type":"Feature","properties":{"id":"paris:75105-P-076","name":"Patriarches","address":"42 ter Rue Daubenton, 75005 Paris","arr":5,"operator":"Indigo","source":"paris","url":"https://fr.parkindigo.com/parking/paris-75005/patriarches-75050300","phone":"0143374353","public":true,"hours":"24 h/24","places":330,"placesPmr":7,"placesMoto":34,"placesVelo":105,"motoAccess":true,"veloAccess":true,"covered":true,"kind":"underground","placesEv":null,"heightMax":1.9,"relay":false,"prices":{"15":1.3,"30":2.6,"60":5.1,"90":7.7,"120":10.2,"180":15.3,"240":20.4,"420":35.7,"480":40.8,"540":45.9,"600":45.9,"660":45.9,"720":45.9,"1440":45.9},"pricesDate":"2026-06-01","motoPrices":{"15":0.45,"30":0.9,"60":1.75,"1440":15.75},"subscriptions":{"residentMonth":264,"month":330,"year":3432,"motoMonth":115,"evMonth":165,"pmrMonth":165,"veloMonth":10,"veloDay":null},"info":["tarif petit rouleur -40 % = contacter le parc","tarif PMR = 2,55 euros"],"updated":"2026-06-01","sources":["paris","bnls","indigo","osm"],"pricesSource":"paris"},"geometry":{"type":"Point","coordinates":[2.350888,48.840344]}},{"type":"Feature","properties":{"id":"paris:75117-P-079","name":"Pereire","address":"211 M Boulevard Pereire, 75017 Paris","arr":17,"operator":"Saemes","source":"paris","url":"https://www.saemes.fr/fr/parking/parking-pereire","phone":"0144829999","public":false,"hours":"Abonnés uniquement","places":275,"placesPmr":0,"placesMoto":21,"placesVelo":0,"motoAccess":true,"veloAccess":null,"covered":true,"kind":"underground","placesEv":null,"heightMax":2,"relay":false,"prices":null,"pricesDate":"2026-06-01","motoPrices":null,"subscriptions":{"residentMonth":null,"month":215,"year":2150,"motoMonth":null,"evMonth":null,"pmrMonth":null,"veloMonth":null,"veloDay":null},"info":[],"updated":"2026-06-01","sources":["paris"],"pricesSource":null},"geometry":{"type":"Point","coordinates":[2.290204,48.881026]}},{"type":"Feature","properties":{"id":"paris:75114-P-033","name":"Mairie du 14 Eme","address":"1 ter Rue Charles Divry, 75014 Paris","arr":14,"operator":"Saemes","source":"paris","url":"https://www.saemes.fr/fr/parking/parking-mairie-du-14eme","phone":"0148285708","public":false,"hours":"Abonnés uniquement","places":161,"placesPmr":0,"placesMoto":0,"placesVelo":72,"motoAccess":false,"veloAccess":true,"covered":true,"kind":"underground","placesEv":null,"heightMax":1.9,"relay":false,"prices":null,"pricesDate":"2026-06-01","motoPrices":null,"subscriptions":{"residentMonth":222,"month":277,"year":2770,"motoMonth":null,"evMonth":138,"pmrMonth":138,"veloMonth":null,"veloDay":null},"info":["tarif petit rouleur -40 % = contacter le parc"],"updated":"2026-06-01","sources":["paris","saemes","bnls"],"forfaits":[],"ev":true,"pricesSource":null},"geometry":{"type":"Point","coordinates":[2.327383,48.833056]}},{"type":"Feature","properties":{"id":"paris:75104-P-116","name":"Rivoli Sebastopol","address":"5 ter Rue Pernelle, 75004 Paris","arr":4,"operator":"Saemes","source":"paris","url":"https://www.saemes.fr/fr/parking/parking-rivoli-sebastopol","phone":"0142722993","public":true,"hours":"24 h/24","places":238,"placesPmr":4,"placesMoto":22,"placesVelo":0,"motoAccess":true,"veloAccess":true,"covered":true,"kind":"underground","placesEv":null,"heightMax":1.85,"relay":false,"prices":{"15":1.35,"30":2.65,"60":5.3,"90":7.95,"120":10.6,"180":15.9,"240":21.2,"420":37.1,"480":42.4,"540":47.7,"600":47.7,"660":47.7,"720":47.7,"1440":47.7},"pricesDate":"2026-06-01","motoPrices":{"15":0.45,"30":0.95,"60":1.85,"1440":16.65},"subscriptions":{"residentMonth":199,"month":286,"year":2860,"motoMonth":114,"evMonth":143,"pmrMonth":null,"veloMonth":null,"veloDay":null},"info":[],"updated":"2026-06-01","sources":["paris","saemes","bnls"],"forfaits":[{"label":"Week-end (ven. 14h → lun. 9h)","price":59},{"label":"3 jours","price":97},{"label":"5 jours","price":131},{"label":"1 semaine","price":160},{"label":"2 semaines","price":225},{"label":"1 mois","price":315}],"ev":true,"pricesSource":"paris"},"geometry":{"type":"Point","coordinates":[2.349448,48.858565]}},{"type":"Feature","properties":{"id":"paris:75104-P-025","name":"Marais - Lobau","address":"2 Quater Rue de Lobau, 75004 Paris","arr":4,"operator":"Sags","source":"paris","url":"https://www.sags-parking.fr/parking/66/paris-lobau-marais-hotel-de-ville","phone":"0141720261","public":true,"hours":"24 h/24","places":726,"placesPmr":17,"placesMoto":122,"placesVelo":306,"motoAccess":true,"veloAccess":true,"covered":true,"kind":"underground","placesEv":null,"heightMax":1.9,"relay":false,"prices":{"15":1.25,"30":2.45,"60":4.85,"90":7.3,"120":9.7,"180":14.55,"240":19.4,"420":33.95,"480":38.8,"540":43.65,"600":43.65,"660":43.65,"720":43.65,"1440":43.65},"pricesDate":"2026-06-01","motoPrices":{"15":0.45,"30":0.85,"60":1.65,"1440":14.85},"subscriptions":{"residentMonth":179.9,"month":290.2,"year":2901.6,"motoMonth":101.6,"evMonth":232.1,"pmrMonth":0,"veloMonth":10,"veloDay":null},"info":["tarif PMR = 2,40 euros"],"updated":"2026-06-01","sources":["paris","bnls","osm"],"pricesSource":"paris"},"geometry":{"type":"Point","coordinates":[2.35341,48.856102]}},{"type":"Feature","properties":{"id":"paris:75116-P-082","name":"Mozart","address":"2 Quater Rue de la Cure, 75016 Paris","arr":16,"operator":"Saemes","source":"paris","url":"https://www.saemes.fr/fr/parking/parking-mozart","phone":"0144829999","public":false,"hours":"Abonnés uniquement","places":161,"placesPmr":0,"placesMoto":5,"placesVelo":123,"motoAccess":true,"veloAccess":true,"covered":true,"kind":"underground","placesEv":null,"heightMax":1.9,"relay":false,"prices":null,"pricesDate":"2026-06-01","motoPrices":null,"subscriptions":{"residentMonth":null,"month":307.67,"year":null,"motoMonth":null,"evMonth":null,"pmrMonth":null,"veloMonth":null,"veloDay":null},"info":["abonnements avec reservation uniquement"],"updated":"2026-06-01","sources":["paris"],"pricesSource":null},"geometry":{"type":"Point","coordinates":[2.268663,48.853722]}},{"type":"Feature","properties":{"id":"paris:75110-P-130","name":"Franz Liszt","address":"32 ter Rue des Petits Hotels, 75010 Paris","arr":10,"operator":"Indigo","source":"paris","url":"https://fr.parkindigo.com/parking/paris-75010/franz-liszt-75100300","phone":"0141720255","public":true,"hours":"24 h/24","places":281,"placesPmr":5,"placesMoto":43,"placesVelo":1,"motoAccess":true,"veloAccess":true,"covered":true,"kind":"underground","placesEv":null,"heightMax":1.9,"relay":false,"prices":{"15":1.35,"30":2.7,"60":5.4,"90":8.1,"120":10.8,"180":16.2,"240":21.6,"420":37.8,"480":43.2,"540":48.6,"600":48.6,"660":48.6,"720":48.6,"1440":48.6},"pricesDate":"2026-06-01","motoPrices":null,"subscriptions":{"residentMonth":null,"month":279,"year":2901,"motoMonth":97,"evMonth":223,"pmrMonth":0,"veloMonth":10,"veloDay":null},"info":[],"updated":"2026-06-01","sources":["paris","bnls","indigo","osm"],"pricesSource":"paris"},"geometry":{"type":"Point","coordinates":[2.352655,48.877565]}},{"type":"Feature","properties":{"id":"paris:75113-P-152","name":"Cite de la Mode Austerlitz (Rive Gauche)","address":"29 ter Quai d Austerlitz, 75013 Paris","arr":13,"operator":"Indigo","source":"paris","url":"https://fr.parkindigo.com/parking/paris-75013/cite-de-la-mode-austerlitz-75130900","phone":"0144066050","public":true,"hours":"24 h/24","places":327,"placesPmr":7,"placesMoto":30,"placesVelo":80,"motoAccess":true,"veloAccess":true,"covered":true,"kind":"underground","placesEv":null,"heightMax":1.9,"relay":false,"prices":{"15":1.05,"30":2.1,"60":4.2,"90":6.3,"120":8.4,"180":12.6,"240":16.8,"420":29.4,"480":33.6,"540":37.8,"600":37.8,"660":37.8,"720":37.8,"1440":37.8},"pricesDate":"2026-06-01","motoPrices":{"15":0.4,"30":0.75,"60":1.45,"1440":13.05},"subscriptions":{"residentMonth":130,"month":250,"year":2625,"motoMonth":87,"evMonth":175,"pmrMonth":0,"veloMonth":10,"veloDay":null},"info":[],"updated":"2026-06-01","sources":["paris","bnls","indigo","osm"],"pricesSource":"paris"},"geometry":{"type":"Point","coordinates":[2.371114,48.839417]}},{"type":"Feature","properties":{"id":"paris:75113-P-119","name":"Charlety Thomire","address":"2 Rue Thomire, 75013 Paris","arr":13,"operator":"Saemes","source":"paris","url":"https://www.saemes.fr/fr/parking/parking-charlety-thomire","phone":"0144829999","public":false,"hours":"Abonnés uniquement","places":883,"placesPmr":26,"placesMoto":31,"placesVelo":0,"motoAccess":true,"veloAccess":true,"covered":true,"kind":"underground","placesEv":null,"heightMax":1.9,"relay":false,"prices":null,"pricesDate":"2026-06-01","motoPrices":null,"subscriptions":{"residentMonth":130,"month":162.5,"year":1625,"motoMonth":56,"evMonth":122,"pmrMonth":0,"veloMonth":10,"veloDay":null},"info":[],"updated":"2026-06-01","sources":["paris","bnls","osm"],"pricesSource":null},"geometry":{"type":"Point","coordinates":[2.348154,48.819789]}},{"type":"Feature","properties":{"id":"paris:75113-P-163","name":"Watt (Rive Gauche)","address":"50 Rue Watt, 75013 Paris","arr":13,"operator":"Indigo","source":"paris","url":"https://fr.parkindigo.com/parking/paris-75013/zac-rive-gauche-watt-75131300","phone":"0144066050","public":false,"hours":"Abonnés uniquement","places":598,"placesPmr":17,"placesMoto":16,"placesVelo":10,"motoAccess":true,"veloAccess":true,"covered":true,"kind":"underground","placesEv":null,"heightMax":1.9,"relay":false,"prices":null,"pricesDate":"2026-06-01","motoPrices":null,"subscriptions":{"residentMonth":50,"month":130,"year":1365,"motoMonth":45,"evMonth":91,"pmrMonth":0,"veloMonth":10,"veloDay":null},"info":[],"updated":"2026-06-01","sources":["paris","bnls","indigo"],"pricesSource":null},"geometry":{"type":"Point","coordinates":[2.378678,48.82651]}},{"type":"Feature","properties":{"id":"paris:75108-P-110","name":"Alma George V","address":"6 ter Avenue George V, 75008 Paris","arr":8,"operator":"Indigo","source":"paris","url":"https://fr.parkindigo.com/parking/paris-75008/alma-george-v-75080700","phone":"0141720261","public":true,"hours":"24 h/24","places":460,"placesPmr":7,"placesMoto":43,"placesVelo":80,"motoAccess":true,"veloAccess":true,"covered":true,"kind":"underground","placesEv":null,"heightMax":1.9,"relay":false,"prices":{"15":1.45,"30":2.9,"60":5.8,"90":8.7,"120":11.6,"180":17.4,"240":23.2,"420":40.6,"480":46.4,"540":52.2,"600":52.2,"660":52.2,"720":52.2,"1440":52.2},"pricesDate":"2026-06-01","motoPrices":null,"subscriptions":{"residentMonth":252,"month":360,"year":3744,"motoMonth":126,"evMonth":180,"pmrMonth":null,"veloMonth":10,"veloDay":2},"info":[],"updated":"2026-06-01","sources":["paris","bnls","indigo"],"pricesSource":"paris"},"geometry":{"type":"Point","coordinates":[2.301572,48.865329]}},{"type":"Feature","properties":{"id":"paris:75108-P-030","name":"Madeleine Tronchet","address":"21 M Place de la Madeleine, 75008 Paris","arr":8,"operator":"Saemes","source":"paris","url":"https://www.saemes.fr/fr/parking/parking-madeleine-tronchet","phone":"0141720255","public":true,"hours":"24 h/24","places":938,"placesPmr":20,"placesMoto":181,"placesVelo":87,"motoAccess":true,"veloAccess":true,"covered":true,"kind":"underground","placesEv":null,"heightMax":1.9,"relay":false,"prices":{"15":1.25,"30":2.5,"60":5,"90":7.5,"120":10,"180":15,"240":20,"420":35,"480":40,"540":45,"600":45,"660":45,"720":45,"1440":45},"pricesDate":"2026-06-01","motoPrices":{"15":0.45,"30":0.9,"60":1.75,"1440":15.75},"subscriptions":{"residentMonth":251,"month":314,"year":3140,"motoMonth":109,"evMonth":266,"pmrMonth":157,"veloMonth":13,"veloDay":null},"info":["tarif petit rouleur -40 % = contacter le parc"],"updated":"2026-06-01","sources":["paris","osm"],"pricesSource":"paris"},"geometry":{"type":"Point","coordinates":[2.324429,48.870869]}},{"type":"Feature","properties":{"id":"paris:75106-P-055","name":"Saint Germain des Pres","address":"169 ter Boulevard Saint Germain, 75006 Paris","arr":6,"operator":"Indigo","source":"paris","url":"https://fr.parkindigo.com/parking/paris-75006/saint-germain-des-pres-75060800","phone":"0145491855","public":true,"hours":"24 h/24","places":342,"placesPmr":17,"placesMoto":19,"placesVelo":0,"motoAccess":true,"veloAccess":true,"covered":true,"kind":"underground","placesEv":null,"heightMax":1.9,"relay":false,"prices":{"15":1.45,"30":2.9,"60":5.8,"90":8.7,"120":11.6,"180":17.4,"240":23.2,"420":40.6,"480":46.4,"540":52.2,"600":52.2,"660":52.2,"720":52.2,"1440":52.2},"pricesDate":"2026-06-01","motoPrices":null,"subscriptions":{"residentMonth":null,"month":364,"year":3785,"motoMonth":156,"evMonth":null,"pmrMonth":null,"veloMonth":null,"veloDay":null},"info":[],"updated":"2026-06-01","sources":["paris","bnls","indigo","osm"],"pricesSource":"paris"},"geometry":{"type":"Point","coordinates":[2.331134,48.854204]}},{"type":"Feature","properties":{"id":"paris:75112-P-047","name":"Reuilly Diderot","address":"30 ter Rue de Reuilly, 75012 Paris","arr":12,"operator":"Saemes","source":"paris","url":"https://www.saemes.fr/fr/parking/parking-reuilly-diderot","phone":"0143458121","public":true,"hours":"24 h/24","places":135,"placesPmr":3,"placesMoto":17,"placesVelo":19,"motoAccess":true,"veloAccess":true,"covered":true,"kind":"underground","placesEv":null,"heightMax":1.85,"relay":false,"prices":{"15":1.2,"30":2.35,"60":4.7,"90":7.05,"120":9.4,"180":14.1,"240":18.8,"420":32.9,"480":37.6,"540":42.3,"600":42.3,"660":42.3,"720":42.3,"1440":42.3},"pricesDate":"2026-06-01","motoPrices":{"15":0.4,"30":0.8,"60":1.6,"1440":14.4},"subscriptions":{"residentMonth":167,"month":209,"year":2090,"motoMonth":73,"evMonth":104,"pmrMonth":null,"veloMonth":18,"veloDay":null},"info":["hauteur 350 cm niveau -1 seulement autres niveaux 185 cm"],"updated":"2026-06-01","sources":["paris","saemes","bnls","osm"],"forfaits":[{"label":"Week-end (ven. 14h → lun. 9h)","price":55},{"label":"3 jours","price":88},{"label":"1 semaine","price":143}],"ev":true,"pricesSource":"paris"},"geometry":{"type":"Point","coordinates":[2.387258,48.846546]}},{"type":"Feature","properties":{"id":"paris:75116-P-013","name":"Eylau","address":"6 Avenue d Eylau, 75016 Paris","arr":16,"operator":"Indigo","source":"paris","url":"https://fr.parkindigo.com","phone":"0141720270","public":false,"hours":"Abonnés uniquement","places":174,"placesPmr":0,"placesMoto":0,"placesVelo":0,"motoAccess":null,"veloAccess":null,"covered":true,"kind":"underground","placesEv":null,"heightMax":1.9,"relay":false,"prices":null,"pricesDate":"2026-06-01","motoPrices":null,"subscriptions":{"residentMonth":null,"month":null,"year":null,"motoMonth":null,"evMonth":null,"pmrMonth":null,"veloMonth":null,"veloDay":null},"info":["abonnes tres longue duree"],"updated":"2026-06-01","sources":["paris","bnls","indigo"],"pricesSource":null},"geometry":{"type":"Point","coordinates":[2.286144,48.863767]}},{"type":"Feature","properties":{"id":"paris:75108-P-109","name":"Etoile Friedland","address":"14 ter Avenue de Friedland, 75008 Paris","arr":8,"operator":"Indigo","source":"paris","url":"https://fr.parkindigo.com/parking/paris-75008/etoile-friedland-75080800","phone":"0141720261","public":true,"hours":"24 h/24","places":548,"placesPmr":6,"placesMoto":24,"placesVelo":111,"motoAccess":true,"veloAccess":true,"covered":true,"kind":"underground","placesEv":null,"heightMax":1.9,"relay":false,"prices":{"15":1.45,"30":2.9,"60":5.8,"90":8.7,"120":11.6,"180":17.4,"240":23.2,"420":40.6,"480":46.4,"540":52.2,"600":52.2,"660":52.2,"720":52.2,"1440":52.2},"pricesDate":"2026-06-01","motoPrices":null,"subscriptions":{"residentMonth":null,"month":333,"year":3463,"motoMonth":149,"evMonth":167,"pmrMonth":null,"veloMonth":10,"veloDay":2},"info":[],"updated":"2026-06-01","sources":["paris","bnls","osm"],"pricesSource":"paris"},"geometry":{"type":"Point","coordinates":[2.301231,48.87452]}},{"type":"Feature","properties":{"id":"paris:75112-P-029","name":"Bastille","address":"29 Boulevard de la Bastille, 75012 Paris","arr":12,"operator":"Indigo","source":"paris","url":"https://fr.parkindigo.com/parking/paris-75012/bastille-75121100","phone":"0143467415","public":true,"hours":"24 h/24","places":442,"placesPmr":5,"placesMoto":27,"placesVelo":80,"motoAccess":true,"veloAccess":true,"covered":true,"kind":"underground","placesEv":null,"heightMax":1.9,"relay":false,"prices":{"15":1.2,"30":2.4,"60":4.8,"90":7.2,"120":9.6,"180":14.4,"240":19.2,"420":33.6,"480":38.4,"540":43.2,"600":43.2,"660":43.2,"720":43.2,"1440":43.2},"pricesDate":"2026-06-01","motoPrices":{"15":0.45,"30":0.85,"60":1.65,"1440":14.85},"subscriptions":{"residentMonth":175,"month":219,"year":2190,"motoMonth":76,"evMonth":175,"pmrMonth":109,"veloMonth":10,"veloDay":null},"info":["tarif petit rouleur -40 % : contacter le parc","tarif PMR = 2,40 euros"],"updated":"2026-06-01","sources":["paris","bnls","indigo","osm"],"pricesSource":"paris"},"geometry":{"type":"Point","coordinates":[2.368182,48.849486]}},{"type":"Feature","properties":{"id":"paris:75112-P-062","name":"Bercy Relais Mercure","address":"69 ter Rue de Bercy, 75012 Paris","arr":12,"operator":"Sim","source":"paris","url":"https://all.accor.com/hotel/0941/index.fr.shtml","phone":"0153465050","public":true,"hours":"24 h/24","places":157,"placesPmr":4,"placesMoto":0,"placesVelo":0,"motoAccess":null,"veloAccess":null,"covered":true,"kind":"underground","placesEv":null,"heightMax":1.9,"relay":false,"prices":{"15":0.9,"30":1.8,"60":3.6,"90":5.4,"120":7.2,"180":10.8,"240":14.4,"420":22,"480":24,"540":26,"600":28,"660":30,"720":30,"1440":30},"pricesDate":"2026-06-01","motoPrices":null,"subscriptions":{"residentMonth":null,"month":155,"year":1860,"motoMonth":null,"evMonth":null,"pmrMonth":null,"veloMonth":null,"veloDay":null},"info":["URL indique est celui de l'hotel dont depend le parc de stationnement"],"updated":"2026-06-01","sources":["paris","bnls","osm"],"pricesSource":"paris"},"geometry":{"type":"Point","coordinates":[2.381531,48.838178]}},{"type":"Feature","properties":{"id":"paris:75108-P-015","name":"Hoche","address":"14 Quater Avenue Hoche, 75008 Paris","arr":8,"operator":"Indigo","source":"paris","url":"https://fr.parkindigo.com/parking/paris-75008/hoche-75080500","phone":"0141720270","public":true,"hours":"24 h/24","places":943,"placesPmr":11,"placesMoto":35,"placesVelo":0,"motoAccess":true,"veloAccess":null,"covered":true,"kind":"underground","placesEv":null,"heightMax":1.9,"relay":false,"prices":{"15":1.4,"30":2.8,"60":5.6,"90":8.4,"120":11.2,"180":16.8,"240":22.4,"420":39.2,"480":44.8,"540":50.4,"600":50.4,"660":50.4,"720":50.4,"1440":50.4},"pricesDate":"2026-06-01","motoPrices":null,"subscriptions":{"residentMonth":null,"month":347,"year":3608,"motoMonth":null,"evMonth":null,"pmrMonth":null,"veloMonth":null,"veloDay":null},"info":[],"updated":"2026-06-01","sources":["paris","bnls","indigo","osm"],"pricesSource":"paris"},"geometry":{"type":"Point","coordinates":[2.302159,48.876844]}},{"type":"Feature","properties":{"id":"paris:75105-P-077","name":"Lagrange Maubert","address":"19 ter Rue Lagrange, 75005 Paris","arr":5,"operator":"Saemes","source":"paris","url":"https://www.saemes.fr/fr/parking/parking-lagrange-maubert","phone":"0143258447","public":true,"hours":"24 h/24","places":361,"placesPmr":8,"placesMoto":21,"placesVelo":48,"motoAccess":true,"veloAccess":true,"covered":true,"kind":"underground","placesEv":null,"heightMax":1.85,"relay":false,"prices":{"15":1.25,"30":2.45,"60":4.9,"90":7.35,"120":9.8,"180":14.7,"240":19.6,"420":34.3,"480":39.2,"540":44.1,"600":44.1,"660":44.1,"720":44.1,"1440":44.1},"pricesDate":"2026-06-01","motoPrices":{"15":0.45,"30":0.85,"60":1.7,"1440":15.3},"subscriptions":{"residentMonth":222,"month":287,"year":2870,"motoMonth":100,"evMonth":143,"pmrMonth":null,"veloMonth":12,"veloDay":null},"info":["tarif petit rouleur -42 % = contacter le parc"],"updated":"2026-06-01","sources":["paris","saemes","bnls"],"forfaits":[{"label":"Week-end (ven. 14h → lun. 9h)","price":66},{"label":"5 jours","price":130},{"label":"1 semaine","price":164},{"label":"2 semaines","price":230},{"label":"1 mois","price":312}],"ev":true,"pricesSource":"paris"},"geometry":{"type":"Point","coordinates":[2.348639,48.850542]}},{"type":"Feature","properties":{"id":"paris:75105-P-050","name":"Soufflot","address":"18 M Rue Soufflot, 75005 Paris","arr":5,"operator":"Indigo","source":"paris","url":"https://fr.parkindigo.com/parking/paris-75005/soufflot-pantheon-75050100","phone":"0143261554","public":true,"hours":"24 h/24","places":669,"placesPmr":13,"placesMoto":44,"placesVelo":108,"motoAccess":true,"veloAccess":true,"covered":true,"kind":"underground","placesEv":null,"heightMax":1.9,"relay":false,"prices":{"15":1.3,"30":2.6,"60":5.2,"90":7.8,"120":10.4,"180":15.6,"240":20.8,"420":36.4,"480":41.6,"540":46.8,"600":46.8,"660":46.8,"720":46.8,"1440":46.8},"pricesDate":"2026-06-01","motoPrices":{"15":0.45,"30":0.9,"60":1.8,"1440":16.2},"subscriptions":{"residentMonth":null,"month":281,"year":2922,"motoMonth":98,"evMonth":140,"pmrMonth":140,"veloMonth":10,"veloDay":2},"info":["tarif PMR = 2,60 euros"],"updated":"2026-06-01","sources":["paris","bnls","indigo"],"pricesSource":"paris"},"geometry":{"type":"Point","coordinates":[2.342419,48.847088]}},{"type":"Feature","properties":{"id":"paris:75105-P-085","name":"Poliveau","address":"39 bis Rue Poliveau, 75005 Paris","arr":5,"operator":"Saemes","source":"paris","url":"https://www.saemes.fr/fr/parking/parking-poliveau","phone":"0144829999","public":false,"hours":"Abonnés uniquement","places":55,"placesPmr":0,"placesMoto":2,"placesVelo":0,"motoAccess":true,"veloAccess":false,"covered":true,"kind":"underground","placesEv":null,"heightMax":1.9,"relay":false,"prices":null,"pricesDate":"2026-06-01","motoPrices":null,"subscriptions":{"residentMonth":null,"month":193,"year":null,"motoMonth":null,"evMonth":null,"pmrMonth":null,"veloMonth":null,"veloDay":null},"info":["abonnements avec reservation uniquement"],"updated":"2026-06-01","sources":["paris","saemes","bnls","osm"],"forfaits":[],"pricesSource":null},"geometry":{"type":"Point","coordinates":[2.35756,48.839852]}},{"type":"Feature","properties":{"id":"paris:75106-P-086","name":"Marche Saint Germain","address":"2 ter Rue Lobineau, 75006 Paris","arr":6,"operator":"Saemes","source":"paris","url":"https://www.saemes.fr/fr/parking/parking-marche-saint-germain","phone":"0144829999","public":false,"hours":"Abonnés uniquement","places":111,"placesPmr":0,"placesMoto":11,"placesVelo":65,"motoAccess":true,"veloAccess":true,"covered":true,"kind":"underground","placesEv":null,"heightMax":1.9,"relay":false,"prices":null,"pricesDate":"2026-06-01","motoPrices":null,"subscriptions":{"residentMonth":null,"month":295,"year":null,"motoMonth":103,"evMonth":null,"pmrMonth":null,"veloMonth":null,"veloDay":null},"info":["abonnements avec reservation uniquement"],"updated":"2026-06-01","sources":["paris","saemes","bnls"],"forfaits":[],"pricesSource":null},"geometry":{"type":"Point","coordinates":[2.336693,48.851792]}},{"type":"Feature","properties":{"id":"paris:75116-P-138","name":"Versailles Reynaud","address":"178 ter Avenue de Versailles, 75016 Paris","arr":16,"operator":"Indigo","source":"paris","url":"https://fr.parkindigo.com/parking/paris-75016/versailles-reynaud-75160900","phone":"0145484330","public":true,"hours":"24 h/24","places":259,"placesPmr":5,"placesMoto":30,"placesVelo":0,"motoAccess":true,"veloAccess":null,"covered":true,"kind":"underground","placesEv":null,"heightMax":1.9,"relay":false,"prices":{"15":1.4,"30":2.8,"60":5.6,"90":8.4,"120":11.2,"180":16.8,"240":22.4,"420":39.2,"480":44.8,"540":50.4,"600":50.4,"660":50.4,"720":50.4,"1440":50.4},"pricesDate":"2026-06-01","motoPrices":{"15":0.5,"30":1,"60":1.95,"1440":17.55},"subscriptions":{"residentMonth":null,"month":247,"year":2568,"motoMonth":103.5,"evMonth":null,"pmrMonth":null,"veloMonth":null,"veloDay":null},"info":[],"updated":"2026-06-01","sources":["paris","bnls","indigo"],"pricesSource":"paris"},"geometry":{"type":"Point","coordinates":[2.262605,48.83966]}},{"type":"Feature","properties":{"id":"paris:75115-P-165","name":"Velostation Gare Montparnasse","address":"22 M Rue de l Arrivee, 75015 Paris","arr":15,"operator":"Indigo","source":"paris","url":"https://fr.parkindigo.com/parking/paris-75015/velostation-gare-montparnasse-75150800","phone":"0145484330","public":false,"hours":"Abonnés uniquement","places":0,"placesPmr":0,"placesMoto":0,"placesVelo":394,"motoAccess":null,"veloAccess":true,"covered":true,"kind":"underground","placesEv":null,"heightMax":2.3,"relay":false,"prices":null,"pricesDate":"2026-06-01","motoPrices":null,"subscriptions":{"residentMonth":null,"month":null,"year":null,"motoMonth":null,"evMonth":null,"pmrMonth":null,"veloMonth":10,"veloDay":null},"info":["uniquement velos et velos avec assistance electrique"],"updated":"2026-06-01","sources":["paris","bnls"],"pricesSource":null},"geometry":{"type":"Point","coordinates":[2.321009,48.84267]}},{"type":"Feature","properties":{"id":"paris:75107-P-071","name":"Gouraud","address":"5 Avenue Emile Pouvillon, 75007 Paris","arr":7,"operator":"Saemes","source":"paris","url":"https://www.saemes.fr/fr/parking/parking-gouraud","phone":"0145484330","public":false,"hours":"Abonnés uniquement","places":338,"placesPmr":0,"placesMoto":0,"placesVelo":0,"motoAccess":false,"veloAccess":true,"covered":true,"kind":"underground","placesEv":null,"heightMax":1.9,"relay":false,"prices":null,"pricesDate":"2026-06-01","motoPrices":null,"subscriptions":{"residentMonth":null,"month":null,"year":null,"motoMonth":null,"evMonth":null,"pmrMonth":null,"veloMonth":null,"veloDay":null},"info":["abonnes tres longue duree"],"updated":"2026-06-01","sources":["paris","saemes","bnls","osm"],"forfaits":[],"pricesSource":null},"geometry":{"type":"Point","coordinates":[2.299134,48.85746]}},{"type":"Feature","properties":{"id":"paris:75108-P-014","name":"Saint Augustin","address":"18 Rue de Laborde, 75008 Paris","arr":8,"operator":"Saemes","source":"paris","url":"https://www.saemes.fr/fr/parking/parking-st-augustin-bergson","phone":"0144826800","public":true,"hours":"24 h/24","places":777,"placesPmr":10,"placesMoto":87,"placesVelo":70,"motoAccess":true,"veloAccess":true,"covered":true,"kind":"underground","placesEv":null,"heightMax":1.9,"relay":false,"prices":{"15":1.25,"30":2.5,"60":5,"90":7.5,"120":10,"180":15,"240":20,"420":35,"480":40,"540":45,"600":45,"660":45,"720":45,"1440":45},"pricesDate":"2026-06-01","motoPrices":{"15":0.45,"30":0.9,"60":1.75,"1440":15.75},"subscriptions":{"residentMonth":251,"month":314,"year":3140,"motoMonth":109,"evMonth":266,"pmrMonth":157,"veloMonth":12,"veloDay":null},"info":["tarif petit rouleur -40 % = contacter le parc"],"updated":"2026-06-01","sources":["paris","saemes","bnls"],"forfaits":[{"label":"Week-end (ven. 14h → lun. 9h)","price":74},{"label":"3 jours","price":93},{"label":"5 jours","price":124},{"label":"1 semaine","price":151},{"label":"2 semaines","price":213},{"label":"1 mois","price":351}],"ev":true,"pricesSource":"paris"},"geometry":{"type":"Point","coordinates":[2.320321,48.87575]}},{"type":"Feature","properties":{"id":"paris:75106-P-135","name":"Saint Placide","address":"33 ter Rue Saint Placide, 75006 Paris","arr":6,"operator":"Q Park","source":"paris","url":"https://www.q-park.fr/fr-fr/villes/paris/saint-placide-sèvres-rue-de-rennes/","phone":"0140701010","public":false,"hours":"Abonnés uniquement","places":207,"placesPmr":0,"placesMoto":0,"placesVelo":0,"motoAccess":true,"veloAccess":null,"covered":true,"kind":"underground","placesEv":null,"heightMax":1.9,"relay":false,"prices":null,"pricesDate":"2026-06-01","motoPrices":null,"subscriptions":{"residentMonth":null,"month":null,"year":null,"motoMonth":null,"evMonth":null,"pmrMonth":null,"veloMonth":null,"veloDay":null},"info":["abonnes tres longue duree"],"updated":"2026-06-01","sources":["paris","bnls","osm"],"pricesSource":null},"geometry":{"type":"Point","coordinates":[2.325692,48.848612]}},{"type":"Feature","properties":{"id":"paris:75117-P-114","name":"Porte d Asnieres","address":"2 Avenue de la Porte d Asnieres, 75017 Paris","arr":17,"operator":"Indigo","source":"paris","url":"https://fr.parkindigo.com/parking/paris-75017/porte-dasnieres-75170600","phone":"0141720270","public":false,"hours":"Abonnés uniquement","places":302,"placesPmr":0,"placesMoto":0,"placesVelo":0,"motoAccess":true,"veloAccess":null,"covered":true,"kind":"underground","placesEv":null,"heightMax":1.9,"relay":false,"prices":null,"pricesDate":"2026-06-01","motoPrices":null,"subscriptions":{"residentMonth":null,"month":181,"year":null,"motoMonth":103,"evMonth":null,"pmrMonth":null,"veloMonth":null,"veloDay":null},"info":["abonnements avec reservation uniquement"],"updated":"2026-06-01","sources":["paris","bnls","indigo"],"pricesSource":null},"geometry":{"type":"Point","coordinates":[2.303753,48.890373]}},{"type":"Feature","properties":{"id":"paris:75108-P-054","name":"Francois 1er","address":"17 Quater Rue Francois 1er, 75008 Paris","arr":8,"operator":"Interparking","source":"paris","url":"https://www.interparking-france.com/fr-FR/find-parking/ParcFrancois1er/","phone":"0147234145","public":true,"hours":"24 h/24","places":550,"placesPmr":13,"placesMoto":18,"placesVelo":59,"motoAccess":true,"veloAccess":true,"covered":true,"kind":"underground","placesEv":null,"heightMax":1.9,"relay":false,"prices":{"15":1.2,"30":2.35,"60":4.65,"90":7,"120":9.3,"180":13.95,"240":18.6,"420":32.55,"480":37.2,"540":41.85,"600":41.85,"660":41.85,"720":41.85,"1440":41.85},"pricesDate":"2026-06-01","motoPrices":{"15":0.4,"30":0.8,"60":1.6,"1440":14.4},"subscriptions":{"residentMonth":258.4,"month":323,"year":3230,"motoMonth":114,"evMonth":161.5,"pmrMonth":161.5,"veloMonth":10,"veloDay":null},"info":["tarif petit rouleur -60 % = contacter le parc","tarif PMR = 2,30 euros"],"updated":"2026-06-01","sources":["paris","bnls"],"pricesSource":"paris"},"geometry":{"type":"Point","coordinates":[2.305648,48.867369]}},{"type":"Feature","properties":{"id":"paris:75108-P-031","name":"Haussmann Berri","address":"163 ter Boulevard Haussmann, 75008 Paris","arr":8,"operator":"Saemes","source":"paris","url":"https://www.saemes.fr/fr/parking/parking-haussmann-berri","phone":"0145639462","public":true,"hours":"24 h/24","places":1649,"placesPmr":20,"placesMoto":196,"placesVelo":57,"motoAccess":true,"veloAccess":true,"covered":true,"kind":"underground","placesEv":null,"heightMax":1.9,"relay":false,"prices":{"15":1.25,"30":2.5,"60":5,"90":7.5,"120":10,"180":15,"240":20,"420":35,"480":40,"540":45,"600":45,"660":45,"720":45,"1440":45},"pricesDate":"2026-06-01","motoPrices":{"15":0.45,"30":0.9,"60":1.75,"1440":15.75},"subscriptions":{"residentMonth":219,"month":274,"year":2740,"motoMonth":95,"evMonth":137,"pmrMonth":137,"veloMonth":12,"veloDay":null},"info":["tarif petit rouleur -40 % = contacter le parc","tarif PMR = 2,50 euros"],"updated":"2026-06-01","sources":["paris"],"pricesSource":"paris"},"geometry":{"type":"Point","coordinates":[2.308628,48.874911]}},{"type":"Feature","properties":{"id":"paris:75118-P-105","name":"Carpeaux","address":"5 ter Rue Carpeaux, 75018 Paris","arr":18,"operator":"Saemes","source":"paris","url":"https://www.saemes.fr/fr/parking/parking-carpeaux","phone":"0144829999","public":false,"hours":"Abonnés uniquement","places":100,"placesPmr":0,"placesMoto":2,"placesVelo":0,"motoAccess":true,"veloAccess":true,"covered":true,"kind":"underground","placesEv":null,"heightMax":1.9,"relay":false,"prices":null,"pricesDate":"2026-06-01","motoPrices":null,"subscriptions":{"residentMonth":145,"month":200,"year":2000,"motoMonth":70,"evMonth":160,"pmrMonth":0,"veloMonth":10,"veloDay":null},"info":[],"updated":"2026-06-01","sources":["paris","saemes","bnls"],"forfaits":[],"pricesSource":null},"geometry":{"type":"Point","coordinates":[2.329736,48.890298]}},{"type":"Feature","properties":{"id":"paris:75116-P-012","name":"Foch","address":"4 ter Avenue Foch, 75016 Paris","arr":16,"operator":"Indigo","source":"paris","url":"https://fr.parkindigo.com/parking/paris-75016/foch-75161300","phone":"0141720270","public":true,"hours":"24 h/24","places":2065,"placesPmr":17,"placesMoto":88,"placesVelo":5,"motoAccess":true,"veloAccess":true,"covered":true,"kind":"underground","placesEv":null,"heightMax":1.9,"relay":true,"prices":{"15":2.35,"30":3.6,"60":5.4,"90":8.1,"120":10.8,"180":16.2,"240":21.6,"420":37.8,"480":43.2,"540":48.6,"600":51.3,"660":51.3,"720":51.3,"1440":51.3},"pricesDate":"2026-06-01","motoPrices":{"15":0.8,"30":1.25,"60":1.9,"1440":17.65},"subscriptions":{"residentMonth":244,"month":349,"year":3629,"motoMonth":122,"evMonth":244,"pmrMonth":0,"veloMonth":10,"veloDay":null},"info":["tarif PMR = 2,70 euros"],"updated":"2026-06-01","sources":["paris","bnls","indigo"],"pricesSource":"paris"},"geometry":{"type":"Point","coordinates":[2.291993,48.87365]}},{"type":"Feature","properties":{"id":"paris:75112-P-115","name":"Hector Malot","address":"61 Quater Avenue Daumesnil, 75012 Paris","arr":12,"operator":"Saemes","source":"paris","url":"https://www.saemes.fr/fr/parking/parking-hector-malot","phone":"0144829999","public":false,"hours":"Abonnés uniquement","places":438,"placesPmr":6,"placesMoto":43,"placesVelo":7,"motoAccess":true,"veloAccess":true,"covered":true,"kind":"underground","placesEv":null,"heightMax":2,"relay":false,"prices":null,"pricesDate":"2026-06-01","motoPrices":null,"subscriptions":{"residentMonth":110,"month":159,"year":1590,"motoMonth":55,"evMonth":127,"pmrMonth":0,"veloMonth":10,"veloDay":null},"info":[],"updated":"2026-06-01","sources":["paris","saemes","bnls","osm"],"forfaits":[],"pricesSource":null},"geometry":{"type":"Point","coordinates":[2.376332,48.846901]}},{"type":"Feature","properties":{"id":"paris:75115-P-034","name":"Citroen Cevennes","address":"45 bis Rue Leblanc, 75015 Paris","arr":15,"operator":"Indigo","source":"paris","url":"https://fr.parkindigo.com/parking/paris-75015/citroen-cevennes-75150300","phone":"0145484330","public":true,"hours":"24 h/24","places":506,"placesPmr":12,"placesMoto":18,"placesVelo":6,"motoAccess":true,"veloAccess":true,"covered":true,"kind":"underground","placesEv":null,"heightMax":1.9,"relay":false,"prices":{"15":1.1,"30":2.2,"60":4.4,"90":6.6,"120":8.8,"180":13.2,"240":17.6,"420":30.8,"480":35.2,"540":39.6,"600":39.6,"660":39.6,"720":39.6,"1440":39.6},"pricesDate":"2026-06-01","motoPrices":{"15":0.35,"30":0.7,"60":1.4,"1440":12.6},"subscriptions":{"residentMonth":161,"month":238,"year":2475,"motoMonth":83,"evMonth":190,"pmrMonth":0,"veloMonth":10,"veloDay":null},"info":["tarif PMR = 2,20 euros"],"updated":"2026-06-01","sources":["paris","bnls","indigo","osm"],"pricesSource":"paris"},"geometry":{"type":"Point","coordinates":[2.276337,48.838753]}},{"type":"Feature","properties":{"id":"paris:75107-P-042","name":"Bac Montalembert","address":"39 Rue du Bac, 75007 Paris","arr":7,"operator":"Saemes","source":"paris","url":"https://www.saemes.fr/fr/parking/parking-bac-montalembert","phone":"0142221566","public":true,"hours":"24 h/24","places":410,"placesPmr":9,"placesMoto":20,"placesVelo":86,"motoAccess":true,"veloAccess":true,"covered":true,"kind":"underground","placesEv":null,"heightMax":1.9,"relay":false,"prices":{"15":1.3,"30":2.55,"60":5.1,"90":7.65,"120":10.2,"180":15.3,"240":20.4,"420":35.7,"480":40.8,"540":45.9,"600":45.9,"660":45.9,"720":45.9,"1440":45.9},"pricesDate":"2026-06-01","motoPrices":{"15":0.45,"30":0.9,"60":1.75,"1440":15.75},"subscriptions":{"residentMonth":211,"month":403,"year":4030,"motoMonth":141,"evMonth":302,"pmrMonth":0,"veloMonth":10,"veloDay":null},"info":["tarif PMR = 2,55 euros"],"updated":"2026-06-01","sources":["paris","saemes","bnls"],"forfaits":[{"label":"3 jours","price":94},{"label":"1 semaine","price":154},{"label":"2 semaines","price":217},{"label":"1 mois","price":443}],"ev":true,"pricesSource":"paris"},"geometry":{"type":"Point","coordinates":[2.326977,48.856592]}},{"type":"Feature","properties":{"id":"paris:75108-P-020","name":"George V","address":"113 Avenue des Champs Elysees, 75008 Paris","arr":8,"operator":"Saemes","source":"paris","url":"https://www.saemes.fr/fr/parking/parking-george-v","phone":"0141720261","public":true,"hours":"24 h/24","places":1117,"placesPmr":23,"placesMoto":84,"placesVelo":75,"motoAccess":true,"veloAccess":true,"covered":true,"kind":"underground","placesEv":null,"heightMax":1.9,"relay":false,"prices":{"15":1.4,"30":2.8,"60":5.5,"90":8.3,"120":11,"180":16.5,"240":22,"420":38.5,"480":44,"540":49.5,"600":49.5,"660":49.5,"720":49.5,"1440":49.5},"pricesDate":"2026-06-01","motoPrices":{"15":0.45,"30":0.95,"60":1.9,"1440":17.1},"subscriptions":{"residentMonth":150,"month":290,"year":2900,"motoMonth":102,"evMonth":232,"pmrMonth":0,"veloMonth":10,"veloDay":2},"info":["tarif PMR = 2,75 euros"],"updated":"2026-06-01","sources":["paris","saemes","bnls"],"forfaits":[{"label":"3 jours","price":123},{"label":"5 jours","price":138},{"label":"1 semaine","price":168},{"label":"2 semaines","price":236},{"label":"1 mois","price":319}],"pricesSource":"paris"},"geometry":{"type":"Point","coordinates":[2.2995,48.872154]}},{"type":"Feature","properties":{"id":"paris:75101-P-041","name":"Harlay (Pont Neuf)","address":"40 bis Quai des Orfevres, 75001 Paris","arr":1,"operator":"Indigo","source":"paris","url":"https://fr.parkindigo.com/parking/paris-75001/harlay-pont-neuf-75010300","phone":"0146339748","public":true,"hours":"24 h/24","places":738,"placesPmr":9,"placesMoto":61,"placesVelo":1,"motoAccess":true,"veloAccess":true,"covered":true,"kind":"underground","placesEv":null,"heightMax":1.9,"relay":false,"prices":{"15":1.3,"30":2.6,"60":5.2,"90":7.8,"120":10.4,"180":15.6,"240":20.8,"420":36.4,"480":41.6,"540":46.8,"600":46.8,"660":46.8,"720":46.8,"1440":46.8},"pricesDate":"2026-06-01","motoPrices":null,"subscriptions":{"residentMonth":202,"month":289,"year":3005,"motoMonth":101,"evMonth":144,"pmrMonth":null,"veloMonth":10,"veloDay":2},"info":[],"updated":"2026-06-01","sources":["paris","bnls","indigo"],"pricesSource":"paris"},"geometry":{"type":"Point","coordinates":[2.342786,48.855665]}},{"type":"Feature","properties":{"id":"paris:75112-P-100","name":"Van Gogh","address":"203 ter Rue de Bercy, 75012 Paris","arr":12,"operator":"Indigo","source":"paris","url":"https://fr.parkindigo.com","phone":"0144829999","public":true,"hours":"Abonnés uniquement","places":175,"placesPmr":0,"placesMoto":0,"placesVelo":1,"motoAccess":true,"veloAccess":true,"covered":true,"kind":"underground","placesEv":null,"heightMax":1.9,"relay":false,"prices":{"15":1.5,"30":2.9,"60":5.3,"90":7.9,"120":10.3,"180":15.3,"240":20.2,"420":33.2,"480":37.4,"540":41.5,"600":41.5,"660":41.5,"720":41.5,"1440":41.5},"pricesDate":"2026-06-01","motoPrices":{"15":0.4,"30":0.8,"60":1.5,"1440":12.1},"subscriptions":{"residentMonth":130,"month":250,"year":2625,"motoMonth":87,"evMonth":175,"pmrMonth":0,"veloMonth":10,"veloDay":null},"info":["hauteur 260 cm niveaux 0 et +1 autres niveaux 190 cm"],"updated":"2026-06-01","sources":["paris","bnls","indigo","osm"],"pricesSource":"paris"},"geometry":{"type":"Point","coordinates":[2.371853,48.844675]}},{"type":"Feature","properties":{"id":"paris:75116-P-043","name":"Porte de Saint Cloud","address":"10 Avenue de la Porte de Saint Cloud, 75016 Paris","arr":16,"operator":"Indigo","source":"paris","url":"https://fr.parkindigo.com/parking/paris-75016/porte-de-saint-cloud-75161400","phone":"0146512868","public":true,"hours":"24 h/24","places":1206,"placesPmr":28,"placesMoto":66,"placesVelo":12,"motoAccess":true,"veloAccess":true,"covered":true,"kind":"underground","placesEv":null,"heightMax":1.9,"relay":true,"prices":{"15":1.2,"30":2.4,"60":4.7,"90":7.1,"120":9.4,"180":14.1,"240":18.8,"420":32.9,"480":37.6,"540":42.3,"600":42.3,"660":42.3,"720":42.3,"1440":42.3},"pricesDate":"2026-06-01","motoPrices":{"15":0.4,"30":0.8,"60":1.6,"1440":14.4},"subscriptions":{"residentMonth":164,"month":205,"year":2132,"motoMonth":71,"evMonth":102,"pmrMonth":102,"veloMonth":10,"veloDay":null},"info":["tarif petit rouleur -41 % = contacter le parc","tarif PMR = 2,35 euros"],"updated":"2026-06-01","sources":["paris","bnls","indigo"],"pricesSource":"paris"},"geometry":{"type":"Point","coordinates":[2.253734,48.838793]}},{"type":"Feature","properties":{"id":"paris:75108-P-024","name":"Concorde","address":"14 Place de la Concorde, 75008 Paris","arr":8,"operator":"Indigo","source":"paris","url":"https://fr.parkindigo.com/parking/paris-75008/place-de-la-concorde-75082100","phone":"0141720261","public":true,"hours":"24 h/24","places":821,"placesPmr":13,"placesMoto":5,"placesVelo":0,"motoAccess":true,"veloAccess":true,"covered":true,"kind":"underground","placesEv":null,"heightMax":1.9,"relay":false,"prices":{"15":1.35,"30":2.7,"60":5.4,"90":8.1,"120":10.8,"180":16.2,"240":21.6,"420":37.8,"480":43.2,"540":48.6,"600":48.6,"660":48.6,"720":48.6,"1440":48.6},"pricesDate":"2026-06-01","motoPrices":{"15":0.5,"30":0.95,"60":1.85,"1440":16.65},"subscriptions":{"residentMonth":215.2,"month":269,"year":2797,"motoMonth":94,"evMonth":134,"pmrMonth":134,"veloMonth":10,"veloDay":null},"info":["tarif petit rouleur -40 % = contacter le parc","tarif PMR = 2,70 euros"],"updated":"2026-06-01","sources":["paris","osm"],"pricesSource":"paris"},"geometry":{"type":"Point","coordinates":[2.320004,48.866172]}},{"type":"Feature","properties":{"id":"paris:75116-P-053","name":"Place Victor Hugo","address":"76 ter Avenue Victor Hugo, 75016 Paris","arr":16,"operator":"Indigo","source":"paris","url":"https://fr.parkindigo.com/parking/paris-75016/place-victor-hugo-75160400","phone":"0141720270","public":true,"hours":"24 h/24","places":528,"placesPmr":6,"placesMoto":36,"placesVelo":80,"motoAccess":true,"veloAccess":true,"covered":true,"kind":"underground","placesEv":null,"heightMax":1.9,"relay":false,"prices":{"15":1.35,"30":2.7,"60":5.3,"90":8,"120":10.6,"180":15.9,"240":21.2,"420":37.1,"480":42.4,"540":47.7,"600":47.7,"660":47.7,"720":47.7,"1440":47.7},"pricesDate":"2026-06-01","motoPrices":{"15":0.5,"30":0.95,"60":1.85,"1440":16.65},"subscriptions":{"residentMonth":null,"month":366,"year":3806,"motoMonth":128,"evMonth":183,"pmrMonth":183,"veloMonth":10,"veloDay":2},"info":["tarif PMR = 2,65 euros"],"updated":"2026-06-01","sources":["paris","bnls","indigo"],"pricesSource":"paris"},"geometry":{"type":"Point","coordinates":[2.284541,48.86939]}},{"type":"Feature","properties":{"id":"paris:75107-P-134","name":"La Tour Maubourg Orsay","address":"45 ter Quai d Orsay, 75007 Paris","arr":7,"operator":"Q Park","source":"paris","url":"https://www.q-park-resa.fr/fr/parking/paris/tour-maubourg-33.html","phone":"0144180405","public":true,"hours":"24 h/24","places":434,"placesPmr":9,"placesMoto":11,"placesVelo":0,"motoAccess":true,"veloAccess":null,"covered":true,"kind":"underground","placesEv":null,"heightMax":1.9,"relay":false,"prices":{"15":1.55,"30":3.1,"60":6.15,"90":9.25,"120":12.3,"180":18.45,"240":24.6,"420":43.05,"480":49.2,"540":50.75,"600":50.75,"660":50.75,"720":50.75,"1440":50.75},"pricesDate":"2026-06-01","motoPrices":null,"subscriptions":{"residentMonth":210,"month":385,"year":3720,"motoMonth":176,"evMonth":165,"pmrMonth":null,"veloMonth":null,"veloDay":null},"info":[],"updated":"2026-06-01","sources":["paris","bnls","osm"],"pricesSource":"paris"},"geometry":{"type":"Point","coordinates":[2.309746,48.862367]}},{"type":"Feature","properties":{"id":"paris:75110-P-131","name":"Euronord Lariboisiere","address":"10 ter Rue Ambroise Pare, 75010 Paris","arr":10,"operator":"Indigo","source":"paris","url":"https://fr.parkindigo.com/parking/paris-75010/euronord-lariboisiere-75100400","phone":"0141720255","public":true,"hours":"24 h/24","places":476,"placesPmr":10,"placesMoto":48,"placesVelo":6,"motoAccess":true,"veloAccess":true,"covered":true,"kind":"underground","placesEv":null,"heightMax":1.9,"relay":false,"prices":{"15":1.35,"30":2.7,"60":5.4,"90":8.1,"120":10.8,"180":16.2,"240":21.6,"420":37.8,"480":43.2,"540":48.6,"600":48.6,"660":48.6,"720":48.6,"1440":48.6},"pricesDate":"2026-06-01","motoPrices":{"15":0.5,"30":0.95,"60":1.85,"1440":16.65},"subscriptions":{"residentMonth":198,"month":248,"year":2579,"motoMonth":86,"evMonth":124,"pmrMonth":124,"veloMonth":10,"veloDay":2},"info":["tarif petit rouleur -40 % = contacter le parc","tarif PMR = 2,70 euros"],"updated":"2026-06-01","sources":["paris","bnls","indigo"],"pricesSource":"paris"},"geometry":{"type":"Point","coordinates":[2.352176,48.88204]}},{"type":"Feature","properties":{"id":"paris:75106-P-139","name":"Saint Michel","address":"5 Place Saint Andre des Arts, 75006 Paris","arr":6,"operator":"Indigo","source":"paris","url":"https://fr.parkindigo.com/parking/paris-75005/place-saint-michel-75050200","phone":"0156244432","public":true,"hours":"24 h/24","places":421,"placesPmr":7,"placesMoto":26,"placesVelo":12,"motoAccess":true,"veloAccess":true,"covered":true,"kind":"underground","placesEv":null,"heightMax":1.9,"relay":false,"prices":{"15":1.4,"30":2.8,"60":5.5,"90":8.3,"120":11,"180":16.5,"240":22,"420":38.5,"480":44,"540":49.5,"600":49.5,"660":49.5,"720":49.5,"1440":49.5},"pricesDate":"2026-06-01","motoPrices":{"15":0.5,"30":1,"60":1.9,"1440":17.1},"subscriptions":{"residentMonth":316,"month":395,"year":4108,"motoMonth":138,"evMonth":197,"pmrMonth":197,"veloMonth":10,"veloDay":null},"info":["tarif petit rouleur -40 % = contacter le parc","tarif PMR = 2,75 euros"],"updated":"2026-06-01","sources":["paris","bnls","indigo","osm"],"pricesSource":"paris"},"geometry":{"type":"Point","coordinates":[2.343321,48.852924]}},{"type":"Feature","properties":{"id":"paris:75109-P-045","name":"Montholon","address":"3 M Rue Mayran, 75009 Paris","arr":9,"operator":"Saemes","source":"paris","url":"https://fr.parkindigo.com/parking/paris-75009/montholon-75091600","phone":"0142853757","public":true,"hours":"24 h/24","places":429,"placesPmr":9,"placesMoto":49,"placesVelo":136,"motoAccess":true,"veloAccess":true,"covered":true,"kind":"underground","placesEv":null,"heightMax":1.9,"relay":false,"prices":{"15":1.15,"30":2.3,"60":4.6,"90":6.9,"120":9.2,"180":13.8,"240":18.4,"420":32.2,"480":36.8,"540":41.4,"600":41.4,"660":41.4,"720":41.4,"1440":41.4},"pricesDate":"2026-06-01","motoPrices":{"15":0.4,"30":0.8,"60":1.6,"1440":14.4},"subscriptions":{"residentMonth":145,"month":260,"year":2600,"motoMonth":91,"evMonth":208,"pmrMonth":0,"veloMonth":10,"veloDay":2},"info":[],"updated":"2026-06-01","sources":["paris","saemes","bnls"],"forfaits":[{"label":"3 jours","price":86},{"label":"5 jours","price":115},{"label":"1 semaine","price":140},{"label":"2 semaines","price":197}],"pricesSource":"paris"},"geometry":{"type":"Point","coordinates":[2.345951,48.876874]}},{"type":"Feature","properties":{"id":"paris:75118-P-073","name":"Damremont","address":"73 ter Rue Damremont, 75018 Paris","arr":18,"operator":"Sags","source":"paris","url":"https://www.sags-parking.fr/parking/164/paris-damremont","phone":"0385204315","public":false,"hours":"Abonnés uniquement","places":134,"placesPmr":3,"placesMoto":13,"placesVelo":26,"motoAccess":true,"veloAccess":true,"covered":true,"kind":"underground","placesEv":null,"heightMax":2.2,"relay":false,"prices":null,"pricesDate":"2026-06-01","motoPrices":null,"subscriptions":{"residentMonth":152.2,"month":239.2,"year":2391.6,"motoMonth":83.7,"evMonth":179.4,"pmrMonth":0,"veloMonth":10,"veloDay":null},"info":[],"updated":"2026-06-01","sources":["paris","osm"],"pricesSource":null},"geometry":{"type":"Point","coordinates":[2.335754,48.89289]}},{"type":"Feature","properties":{"id":"paris:75117-P-123","name":"Wagram Courcelles","address":"103 ter Rue Jouffroy d Abbans, 75017 Paris","arr":17,"operator":"Indigo","source":"paris","url":"https://fr.parkindigo.com/parking/paris-75017/wagram-courcelles-75170700","phone":"0141720270","public":true,"hours":"24 h/24","places":560,"placesPmr":5,"placesMoto":18,"placesVelo":0,"motoAccess":true,"veloAccess":null,"covered":true,"kind":"underground","placesEv":null,"heightMax":1.9,"relay":false,"prices":{"15":1.4,"30":2.8,"60":5.6,"90":8.4,"120":11.2,"180":16.8,"240":22.4,"420":39.2,"480":44.8,"540":50.4,"600":0,"660":0,"720":0,"1440":50.4},"pricesDate":"2026-06-01","motoPrices":null,"subscriptions":{"residentMonth":null,"month":364,"year":3785,"motoMonth":129,"evMonth":null,"pmrMonth":null,"veloMonth":null,"veloDay":null},"info":[],"updated":"2026-06-01","sources":["paris","bnls","indigo","osm"],"pricesSource":"paris"},"geometry":{"type":"Point","coordinates":[2.301288,48.881897]}},{"type":"Feature","properties":{"id":"paris:75111-P-080","name":"Roquette","address":"16 bis Rue Servan, 75011 Paris","arr":11,"operator":"Saemes","source":"paris","url":"https://www.saemes.fr/fr/parking/parking-roquette","phone":"0144829999","public":false,"hours":"Abonnés uniquement","places":283,"placesPmr":0,"placesMoto":12,"placesVelo":0,"motoAccess":true,"veloAccess":true,"covered":true,"kind":"underground","placesEv":null,"heightMax":1.9,"relay":false,"prices":null,"pricesDate":"2026-06-01","motoPrices":null,"subscriptions":{"residentMonth":null,"month":127,"year":null,"motoMonth":52,"evMonth":null,"pmrMonth":63,"veloMonth":null,"veloDay":null},"info":["abonnements avec reservation uniquement"],"updated":"2026-06-01","sources":["paris","saemes","bnls"],"forfaits":[],"pricesSource":null},"geometry":{"type":"Point","coordinates":[2.383706,48.85986]}},{"type":"Feature","properties":{"id":"paris:75118-P-078","name":"Marcadet","address":"142 A Rue Marcadet, 75018 Paris","arr":18,"operator":"Saemes","source":"paris","url":"https://www.saemes.fr/fr/parking/parking-marcadet","phone":"0144829999","public":false,"hours":"Abonnés uniquement","places":135,"placesPmr":0,"placesMoto":9,"placesVelo":0,"motoAccess":true,"veloAccess":false,"covered":true,"kind":"underground","placesEv":null,"heightMax":2,"relay":false,"prices":null,"pricesDate":"2026-06-01","motoPrices":null,"subscriptions":{"residentMonth":null,"month":216,"year":null,"motoMonth":87,"evMonth":null,"pmrMonth":null,"veloMonth":null,"veloDay":null},"info":["abonnements avec reservation uniquement"],"updated":"2026-06-01","sources":["paris","saemes","bnls"],"forfaits":[],"pricesSource":null},"geometry":{"type":"Point","coordinates":[2.339012,48.891306]}},{"type":"Feature","properties":{"id":"paris:75109-P-113","name":"Milton","address":"31 ter Rue Milton, 75009 Paris","arr":9,"operator":"Saemes","source":"paris","url":"https://www.saemes.fr/fr/parking/parking-milton","phone":"0144829999","public":false,"hours":"Abonnés uniquement","places":99,"placesPmr":0,"placesMoto":0,"placesVelo":8,"motoAccess":false,"veloAccess":true,"covered":true,"kind":"underground","placesEv":null,"heightMax":1.9,"relay":false,"prices":null,"pricesDate":"2026-06-01","motoPrices":null,"subscriptions":{"residentMonth":null,"month":null,"year":null,"motoMonth":null,"evMonth":null,"pmrMonth":null,"veloMonth":null,"veloDay":null},"info":["abonnes tres longue duree"],"updated":"2026-06-01","sources":["paris","saemes"],"forfaits":[],"ev":false,"pricesSource":null},"geometry":{"type":"Point","coordinates":[2.34197,48.87906]}},{"type":"Feature","properties":{"id":"paris:75115-P-021","name":"Mairie du 15 Eme Lecourbe","address":"147 Rue Lecourbe, 75015 Paris","arr":15,"operator":"Saemes","source":"paris","url":"https://www.saemes.fr/fr/parking/parking-mairie-du-15eme-lecourbe","phone":"0153043010","public":true,"hours":"24 h/24","places":275,"placesPmr":6,"placesMoto":40,"placesVelo":0,"motoAccess":true,"veloAccess":true,"covered":true,"kind":"underground","placesEv":null,"heightMax":1.8,"relay":false,"prices":{"15":1.2,"30":2.35,"60":4.7,"90":7.05,"120":9.4,"180":14.1,"240":18.8,"420":32.9,"480":37.6,"540":42.3,"600":42.3,"660":42.3,"720":42.3,"1440":42.3},"pricesDate":"2026-06-01","motoPrices":{"15":0.4,"30":0.8,"60":1.6,"1440":14.4},"subscriptions":{"residentMonth":205,"month":257,"year":2570,"motoMonth":89,"evMonth":128,"pmrMonth":128,"veloMonth":12,"veloDay":null},"info":["tarif petit rouleur -40 % = contacter le parc"],"updated":"2026-06-01","sources":["paris","saemes","bnls"],"forfaits":[{"label":"Week-end (ven. 14h → lun. 9h)","price":58},{"label":"1 semaine","price":143},{"label":"2 semaines","price":201}],"ev":true,"pricesSource":"paris"},"geometry":{"type":"Point","coordinates":[2.299567,48.841624]}},{"type":"Feature","properties":{"id":"paris:75113-P-150","name":"Bords de Seine Freyssinet (Rive Gauche)","address":"25 ter Rue Abel Gance, 75013 Paris","arr":13,"operator":"Indigo","source":"paris","url":"https://fr.parkindigo.com/parking/paris-75013/bords-de-seine-freyssinet-75131000","phone":"0144066050","public":true,"hours":"24 h/24","places":392,"placesPmr":9,"placesMoto":32,"placesVelo":16,"motoAccess":true,"veloAccess":true,"covered":true,"kind":"underground","placesEv":null,"heightMax":1.9,"relay":false,"prices":{"15":1.05,"30":2.1,"60":4.2,"90":6.3,"120":8.4,"180":12.6,"240":16.8,"420":29.4,"480":33.6,"540":37.8,"600":37.8,"660":37.8,"720":37.8,"1440":37.8},"pricesDate":"2026-06-01","motoPrices":{"15":0.4,"30":0.75,"60":1.45,"1440":13.05},"subscriptions":{"residentMonth":100,"month":250,"year":2625,"motoMonth":87,"evMonth":175,"pmrMonth":0,"veloMonth":10,"veloDay":null},"info":[],"updated":"2026-06-01","sources":["paris","bnls","indigo","osm"],"pricesSource":"paris"},"geometry":{"type":"Point","coordinates":[2.373009,48.835157]}},{"type":"Feature","properties":{"id":"paris:75105-P-009","name":"Polytechnique","address":"13 ter Rue Jacques Henri Lartigue, 75005 Paris","arr":5,"operator":"Saemes","source":"paris","url":"https://www.saemes.fr/fr/parking/parking-polytechnique","phone":"0144829999","public":false,"hours":"Abonnés uniquement","places":144,"placesPmr":0,"placesMoto":17,"placesVelo":0,"motoAccess":true,"veloAccess":false,"covered":true,"kind":"underground","placesEv":null,"heightMax":1.9,"relay":false,"prices":null,"pricesDate":"2026-06-01","motoPrices":null,"subscriptions":{"residentMonth":null,"month":258,"year":null,"motoMonth":103,"evMonth":null,"pmrMonth":null,"veloMonth":null,"veloDay":null},"info":["abonnements avec reservation uniquement"],"updated":"2026-06-01","sources":["paris","saemes","bnls"],"forfaits":[],"pricesSource":null},"geometry":{"type":"Point","coordinates":[2.351001,48.847014]}},{"type":"Feature","properties":{"id":"paris:75108-P-002","name":"Malesherbes Anjou","address":"20 ter Boulevard Malesherbes, 75008 Paris","arr":8,"operator":"Sags","source":"paris","url":"https://www.sags-parking.fr/parking/67/paris-malesherbes-anjou","phone":"0142778853","public":true,"hours":"24 h/24","places":846,"placesPmr":12,"placesMoto":105,"placesVelo":0,"motoAccess":true,"veloAccess":true,"covered":true,"kind":"underground","placesEv":null,"heightMax":1.9,"relay":false,"prices":{"15":1.35,"30":2.7,"60":5.3,"90":8,"120":10.6,"180":15.9,"240":21.2,"420":37.1,"480":42.4,"540":47.7,"600":47.7,"660":47.7,"720":47.7,"1440":47.7},"pricesDate":"2026-06-01","motoPrices":{"15":0.5,"30":0.95,"60":1.85,"1440":16.65},"subscriptions":{"residentMonth":206.5,"month":332.4,"year":3323.7,"motoMonth":116.3,"evMonth":282.5,"pmrMonth":0,"veloMonth":10,"veloDay":null},"info":["tarif PMR = 2,65 euros"],"updated":"2026-06-01","sources":["paris","bnls","osm"],"pricesSource":"paris"},"geometry":{"type":"Point","coordinates":[2.321702,48.87251]}},{"type":"Feature","properties":{"id":"paris:75117-P-065","name":"Prony","address":"37 ter Rue de Prony, 75017 Paris","arr":17,"operator":"Saemes","source":"paris","url":"https://www.saemes.fr/fr/parking/parking-prony","phone":"0144829999","public":false,"hours":"Abonnés uniquement","places":172,"placesPmr":0,"placesMoto":0,"placesVelo":0,"motoAccess":null,"veloAccess":null,"covered":true,"kind":"underground","placesEv":null,"heightMax":1.9,"relay":false,"prices":null,"pricesDate":"2026-06-01","motoPrices":null,"subscriptions":{"residentMonth":null,"month":null,"year":null,"motoMonth":null,"evMonth":null,"pmrMonth":null,"veloMonth":null,"veloDay":null},"info":["abonnes tres longue duree"],"updated":"2026-06-01","sources":["paris","bnls"],"pricesSource":null},"geometry":{"type":"Point","coordinates":[2.305829,48.881585]}},{"type":"Feature","properties":{"id":"paris:75114-P-019","name":"Montparnasse Raspail","address":"120 Quater Boulevard du Montparnasse, 75014 Paris","arr":14,"operator":"Indigo","source":"paris","url":"https://fr.parkindigo.com/parking/paris-75014/montparnasse-raspail-75140300","phone":"0145484330","public":true,"hours":"24 h/24","places":691,"placesPmr":14,"placesMoto":52,"placesVelo":0,"motoAccess":true,"veloAccess":true,"covered":true,"kind":"underground","placesEv":null,"heightMax":1.9,"relay":false,"prices":{"15":1.2,"30":2.4,"60":4.8,"90":7.2,"120":9.6,"180":14.4,"240":19.2,"420":33.6,"480":38.4,"540":43.2,"600":43.2,"660":43.2,"720":43.2,"1440":43.2},"pricesDate":"2026-06-01","motoPrices":{"15":0.4,"30":0.8,"60":1.65,"1440":14.85},"subscriptions":{"residentMonth":146,"month":239,"year":2390,"motoMonth":83,"evMonth":210,"pmrMonth":0,"veloMonth":10,"veloDay":null},"info":["tarif PMR = 2,40 euros"],"updated":"2026-06-01","sources":["paris","bnls","indigo"],"pricesSource":"paris"},"geometry":{"type":"Point","coordinates":[2.330794,48.841466]}},{"type":"Feature","properties":{"id":"paris:75105-P-133","name":"Caserne Monge","address":"17 ter Rue Gracieuse, 75005 Paris","arr":5,"operator":"Saemes","source":"paris","url":"https://www.saemes.fr/fr/parking/parking-monge","phone":"0144829999","public":false,"hours":"Abonnés uniquement","places":358,"placesPmr":7,"placesMoto":16,"placesVelo":0,"motoAccess":true,"veloAccess":true,"covered":true,"kind":"underground","placesEv":null,"heightMax":1.9,"relay":false,"prices":null,"pricesDate":"2026-06-01","motoPrices":null,"subscriptions":{"residentMonth":null,"month":225,"year":2250,"motoMonth":112,"evMonth":null,"pmrMonth":126,"veloMonth":null,"veloDay":null},"info":[],"updated":"2026-06-01","sources":["paris","saemes","bnls"],"forfaits":[],"pricesSource":null},"geometry":{"type":"Point","coordinates":[2.351416,48.842538]}},{"type":"Feature","properties":{"id":"paris:75103-P-044","name":"Saint Martin","address":"245 ter Rue Saint Martin, 75003 Paris","arr":3,"operator":"Indigo","source":"paris","url":"https://fr.parkindigo.com/parking/paris-75003/saint-martin-75030100","phone":"0141720255","public":true,"hours":"24 h/24","places":537,"placesPmr":4,"placesMoto":46,"placesVelo":0,"motoAccess":true,"veloAccess":true,"covered":true,"kind":"underground","placesEv":null,"heightMax":1.9,"relay":false,"prices":{"15":1.35,"30":2.7,"60":5.4,"90":8.1,"120":10.8,"180":16.2,"240":21.6,"420":37.8,"480":43.2,"540":48.6,"600":48.6,"660":48.6,"720":48.6,"1440":48.6},"pricesDate":"2026-06-01","motoPrices":{"15":0.5,"30":0.95,"60":1.85,"1440":16.65},"subscriptions":{"residentMonth":160,"month":339,"year":3560,"motoMonth":119,"evMonth":271,"pmrMonth":0,"veloMonth":10,"veloDay":2},"info":["tarif PMR = 2,70 euros"],"updated":"2026-06-01","sources":["paris","bnls","indigo"],"pricesSource":"paris"},"geometry":{"type":"Point","coordinates":[2.353603,48.865884]}},{"type":"Feature","properties":{"id":"saemes:PMO60","name":"Parking Quai branly-Tour Eiffel","address":"25 Quai Jacques Chirac, 75007 Paris","arr":7,"operator":"Saemes","source":"saemes","url":"http://www.saemes.fr/fr/parking/parking-quai-branly-tour-eiffel","phone":"01 44 42 99 30","public":true,"hours":"24 h/24","places":543,"placesPmr":null,"placesMoto":0,"placesVelo":19,"motoAccess":true,"veloAccess":true,"covered":true,"kind":"underground","placesEv":null,"heightMax":1.9,"relay":false,"prices":{"15":1.3,"60":5.1,"180":15.4,"1440":39.2},"pricesDate":"2026-01-01","motoPrices":{"15":0.7,"60":2.6,"180":7.7,"1440":19.6},"subscriptions":{"residentMonth":236,"month":317,"motoMonth":126,"evMonth":158,"veloMonth":20},"forfaits":[{"label":"5 jours","price":126.1},{"label":"1 semaine","price":163},{"label":"2 semaines","price":236.8},{"label":"1 mois","price":349.5}],"info":[],"updated":"2026-01-01","sources":["saemes","bnls","osm"],"pricesSource":"saemes"},"geometry":{"type":"Point","coordinates":[2.298733,48.861935]}},{"type":"Feature","properties":{"id":"saemes:PMO28","name":"Parking Madeleine-Tronchet","address":"Face au 21 place de la Madeleine, 75008 Paris","arr":8,"operator":"Saemes","source":"saemes","url":"http://www.saemes.fr/fr/parking/parking-madeleine-tronchet","phone":"01 47 42 30 86","public":true,"hours":"24 h/24","places":975,"placesPmr":null,"placesMoto":154,"placesVelo":50,"motoAccess":true,"veloAccess":true,"covered":true,"kind":"underground","placesEv":null,"ev":true,"heightMax":1.9,"relay":false,"prices":{"15":1.25,"60":5,"180":15,"1440":45},"pricesDate":"2026-01-01","motoPrices":{"15":0.45,"60":1.75,"180":5.25,"1440":15.75},"subscriptions":{"residentMonth":null,"month":314,"motoMonth":109,"evMonth":266,"veloMonth":13},"forfaits":[{"label":"Week-end (ven. 14h → lun. 9h)","price":73},{"label":"5 jours","price":124},{"label":"1 semaine","price":151},{"label":"2 semaines","price":213},{"label":"1 mois","price":347}],"info":[],"updated":"2026-01-01","sources":["saemes","bnls"],"pricesSource":"saemes"},"geometry":{"type":"Point","coordinates":[2.324685,48.870124]}},{"type":"Feature","properties":{"id":"saemes:PMO15","name":"Parking Haussmann Berri","address":"Face au 155 boulevard Haussmann, 75008 Paris","arr":8,"operator":"Saemes","source":"saemes","url":"http://www.saemes.fr/fr/parking/parking-haussmann-berri","phone":"01 45 63 94 62","public":true,"hours":"24 h/24","places":2182,"placesPmr":null,"placesMoto":199,"placesVelo":6,"motoAccess":true,"veloAccess":true,"covered":true,"kind":"underground","placesEv":null,"heightMax":1.85,"relay":false,"prices":{"15":1.25,"60":5,"180":15,"1440":45},"pricesDate":"2026-01-01","motoPrices":{"15":0.45,"60":1.75,"180":5.25,"1440":15.75},"subscriptions":{"residentMonth":null,"month":274,"motoMonth":95,"evMonth":137,"veloMonth":12},"forfaits":[{"label":"Week-end (ven. 14h → lun. 9h)","price":73},{"label":"5 jours","price":126},{"label":"1 semaine","price":153}],"info":[],"updated":"2026-01-01","sources":["saemes","bnls","osm"],"pricesSource":"saemes"},"geometry":{"type":"Point","coordinates":[2.309631,48.875263]}},{"type":"Feature","properties":{"id":"saemes:PRO01","name":"Parking Mayran","address":"5 rue Mayran, 75009 Paris","arr":9,"operator":"Saemes","source":"saemes","url":"http://www.saemes.fr/fr/parking/parking-mayran","phone":"01 44 82 99 99","public":false,"hours":"Abonnés uniquement","places":80,"placesPmr":null,"placesMoto":23,"placesVelo":0,"motoAccess":true,"veloAccess":true,"covered":true,"kind":"underground","placesEv":null,"ev":true,"heightMax":1.9,"relay":false,"prices":null,"pricesDate":"2026-01-01","motoPrices":null,"subscriptions":{"residentMonth":null,"month":206,"motoMonth":null,"evMonth":null,"veloMonth":null},"forfaits":[],"info":[],"updated":"2026-01-01","sources":["saemes","bnls"],"pricesSource":null},"geometry":{"type":"Point","coordinates":[2.345712,48.877146]}},{"type":"Feature","properties":{"id":"saemes:PMO19","name":"Parking Hôpital Saint Louis","address":"1 avenue Claude Vellefaux, 75010 Paris","arr":10,"operator":"Saemes","source":"saemes","url":"http://www.saemes.fr/fr/parking/parking-hopital-saint-louis","phone":"01 42 41 51 80","public":true,"hours":"7h / 21h30","places":478,"placesPmr":null,"placesMoto":10,"placesVelo":0,"motoAccess":true,"veloAccess":true,"covered":true,"kind":"underground","placesEv":null,"heightMax":1.75,"relay":false,"prices":{"15":1.05,"60":4.1,"180":11.6,"1440":22.2},"pricesDate":"2026-01-01","motoPrices":{"15":0.4,"60":1.6,"180":4.6,"1440":8.9},"subscriptions":{"residentMonth":null,"month":183,"motoMonth":73,"evMonth":null,"veloMonth":13},"forfaits":[{"label":"Week-end (ven. 14h → lun. 9h)","price":45},{"label":"5 jours","price":75},{"label":"1 semaine","price":97}],"info":[],"updated":"2026-01-01","sources":["saemes","bnls","osm"],"pricesSource":"saemes"},"geometry":{"type":"Point","coordinates":[2.369972,48.873379]}},{"type":"Feature","properties":{"id":"saemes:PMO65","name":"Parking Bercy Seine","address":"210 quai de Bercy, 75012 Paris","arr":12,"operator":"Saemes","source":"saemes","url":"http://www.saemes.fr/fr/parking/parking-bercy","phone":"01 43 47 00 01","public":true,"hours":"24 h/24","places":310,"placesPmr":null,"placesMoto":7,"placesVelo":10,"motoAccess":true,"veloAccess":true,"covered":true,"kind":"underground","placesEv":null,"ev":true,"heightMax":1.9,"relay":false,"prices":{"15":1.15,"60":4.6,"180":13.8,"1440":41.4},"pricesDate":"2026-01-01","motoPrices":{"15":0.4,"60":1.6,"180":4.8,"1440":14.4},"subscriptions":{"residentMonth":130,"month":187,"motoMonth":74,"evMonth":131,"veloMonth":10},"forfaits":[{"label":"Week-end (ven. 14h → lun. 9h)","price":49},{"label":"5 jours","price":115},{"label":"1 semaine","price":140}],"info":[],"updated":"2026-01-01","sources":["saemes","bnls"],"pricesSource":"saemes"},"geometry":{"type":"Point","coordinates":[2.382319,48.833875]}},{"type":"Feature","properties":{"id":"saemes:PMO70","name":"Parking Gare Bercy Seine","address":"210 quai de Bercy, 75012 Paris","arr":12,"operator":"Saemes","source":"saemes","url":"http://www.saemes.fr/fr/parking/parking-bercy-autocars","phone":"01 43 47 00 01","public":true,"hours":"24 h/24","places":81,"placesPmr":null,"placesMoto":0,"placesVelo":0,"motoAccess":false,"veloAccess":false,"covered":true,"kind":"underground","placesEv":null,"heightMax":4,"relay":false,"prices":null,"pricesDate":"2024-05-01","motoPrices":null,"subscriptions":{"residentMonth":null,"month":null,"motoMonth":null,"evMonth":null,"veloMonth":null},"forfaits":[],"info":[],"updated":"2024-05-01","sources":["saemes","bnls","osm"],"pricesSource":null,"estimate":{"60":4.2,"1440":37.8,"n":7,"radiusM":1000}},"geometry":{"type":"Point","coordinates":[2.3801,48.83578]}},{"type":"Feature","properties":{"id":"saemes:PMO24","name":"Parking Porte d'Orléans","address":"1 rue de la Légion Etrangère, 75014 Paris","arr":14,"operator":"Saemes","source":"saemes","url":"http://www.saemes.fr/fr/parking/parking-porte-orleans","phone":"01 40 52 09 20","public":true,"hours":"24 h/24","places":688,"placesPmr":null,"placesMoto":0,"placesVelo":0,"motoAccess":true,"veloAccess":true,"covered":true,"kind":"underground","placesEv":null,"ev":true,"heightMax":1.85,"relay":false,"prices":{"15":1.05,"60":4.2,"180":12.6,"1440":37.8},"pricesDate":"2025-01-01","motoPrices":{"15":0.4,"60":1.45,"180":4.35,"1440":13.05},"subscriptions":{"residentMonth":112,"month":160,"motoMonth":56,"evMonth":115,"veloMonth":10},"forfaits":[{"label":"Week-end (ven. 14h → lun. 9h)","price":51},{"label":"5 jours","price":90},{"label":"1 semaine","price":110},{"label":"2 semaines","price":138},{"label":"1 mois","price":175}],"info":[],"updated":"2025-01-01","sources":["saemes","bnls"],"pricesSource":"saemes"},"geometry":{"type":"Point","coordinates":[2.34258,48.87926]}},{"type":"Feature","properties":{"id":"saemes:PMO10","name":"Parking Hôpital Sainte Anne","address":"100 rue de la Santé, 75014 Paris","arr":14,"operator":"Saemes","source":"saemes","url":"http://www.saemes.fr/fr/parking/parking-hopital-sainte-anne","phone":"01 40 22 93 77","public":true,"hours":"7h / 21h","places":278,"placesPmr":null,"placesMoto":34,"placesVelo":30,"motoAccess":true,"veloAccess":true,"covered":true,"kind":"underground","placesEv":null,"ev":true,"heightMax":1.9,"relay":false,"prices":{"15":1.3,"60":3.8,"180":10.5,"1440":22.4},"pricesDate":"2026-01-01","motoPrices":{"15":0.6,"60":1.4,"180":3.7,"1440":8.1},"subscriptions":{"residentMonth":null,"month":172,"motoMonth":60,"evMonth":null,"veloMonth":null},"forfaits":[{"label":"3 jours","price":57},{"label":"5 jours","price":81},{"label":"1 semaine","price":105}],"info":[],"updated":"2026-01-01","sources":["saemes","bnls"],"pricesSource":"saemes"},"geometry":{"type":"Point","coordinates":[2.341523,48.827057]}},{"type":"Feature","properties":{"id":"saemes:PMO75","name":"Parking Jean Bouin","address":"17 rue Nungesser et Coli, 75016 Paris","arr":16,"operator":"Saemes","source":"saemes","url":"http://www.saemes.fr/fr/parking/parking-jean-bouin","phone":"01 46 51 90 18","public":true,"hours":"6h à 22h, 7j/7 sauf jours des manifestations sportives","places":487,"placesPmr":null,"placesMoto":53,"placesVelo":52,"motoAccess":true,"veloAccess":true,"covered":true,"kind":"underground","placesEv":null,"ev":true,"heightMax":1.85,"relay":false,"prices":{"15":1.1,"60":4.4,"180":13.2,"1440":39.6},"pricesDate":"2026-01-01","motoPrices":{"15":0.4,"60":1.5,"180":4.5,"1440":13.5},"subscriptions":{"residentMonth":null,"month":171,"motoMonth":59,"evMonth":153,"veloMonth":11.3},"forfaits":[],"info":[],"updated":"2026-01-01","sources":["saemes","bnls"],"pricesSource":"saemes"},"geometry":{"type":"Point","coordinates":[2.253626,48.845261]}},{"type":"Feature","properties":{"id":"saemes:PRO15","name":"Parking Mozart","address":"face au 67 avenue Mozart, 75016 Paris","arr":16,"operator":"Saemes","source":"saemes","url":"http://www.saemes.fr/fr/parking/parking-mozart","phone":"01 44 82 99 99","public":false,"hours":"Abonnés uniquement","places":267,"placesPmr":null,"placesMoto":5,"placesVelo":0,"motoAccess":true,"veloAccess":false,"covered":true,"kind":"underground","placesEv":null,"heightMax":1.9,"relay":false,"prices":null,"pricesDate":"2026-01-01","motoPrices":null,"subscriptions":{"residentMonth":null,"month":null,"motoMonth":null,"evMonth":null,"veloMonth":null},"forfaits":[],"info":[],"updated":"2026-01-01","sources":["saemes","bnls"],"pricesSource":null},"geometry":{"type":"Point","coordinates":[2.269472,48.854801]}},{"type":"Feature","properties":{"id":"saemes:PMO74","name":"Parking Porte d'Auteuil","address":"1-3 avenue du Général Sarail, 75016 Paris","arr":16,"operator":"Saemes","source":"saemes","url":"http://www.saemes.fr/fr/parking/parking-porte-auteuil","phone":"01 46 51 90 18","public":true,"hours":"24 h/24","places":1128,"placesPmr":null,"placesMoto":31,"placesVelo":6,"motoAccess":true,"veloAccess":true,"covered":true,"kind":"underground","placesEv":null,"ev":true,"heightMax":1.85,"relay":false,"prices":{"15":1.2,"60":4.7,"180":14.1,"1440":42.3},"pricesDate":"2026-01-01","motoPrices":{"15":0.4,"60":1.6,"180":4.8,"1440":14.4},"subscriptions":{"residentMonth":null,"month":171,"motoMonth":59,"evMonth":153,"veloMonth":11},"forfaits":[{"label":"5 jours","price":118},{"label":"1 semaine","price":143},{"label":"2 semaines","price":201},{"label":"1 mois","price":255}],"info":[],"updated":"2026-01-01","sources":["saemes","bnls"],"pricesSource":"saemes"},"geometry":{"type":"Point","coordinates":[2.256245,48.847473]}},{"type":"Feature","properties":{"id":"saemes:PRU89.1","name":"Parking Emile Augier","address":"face au 50  boulevard Emile Augier, 75016 Paris","arr":16,"operator":"Saemes","source":"saemes","url":"http://www.saemes.fr/fr/parking/parking-flandrin-emile-augier","phone":"01 44 82 99 99","public":false,"hours":"Abonnés uniquement","places":70,"placesPmr":null,"placesMoto":0,"placesVelo":0,"motoAccess":false,"veloAccess":false,"covered":true,"kind":"underground","placesEv":null,"heightMax":0,"relay":false,"prices":null,"pricesDate":"2026-01-02","motoPrices":null,"subscriptions":{"residentMonth":null,"month":null,"motoMonth":null,"evMonth":null,"veloMonth":null},"forfaits":[],"info":[],"updated":"2026-01-02","sources":["saemes","bnls"],"pricesSource":null},"geometry":{"type":"Point","coordinates":[2.2726,48.86269]}},{"type":"Feature","properties":{"id":"saemes:PRU89","name":"Parking Flandrin","address":"face au 2 boulevard Flandrin, 75016 Paris","arr":16,"operator":"Saemes","source":"saemes","url":"http://www.saemes.fr/fr/parking/parking-flandrin","phone":"01 44 82 99 99","public":false,"hours":"Abonnés uniquement","places":228,"placesPmr":null,"placesMoto":5,"placesVelo":0,"motoAccess":false,"veloAccess":false,"covered":true,"kind":"underground","placesEv":null,"heightMax":0,"relay":false,"prices":null,"pricesDate":"2026-01-03","motoPrices":null,"subscriptions":{"residentMonth":null,"month":178,"motoMonth":88,"evMonth":null,"veloMonth":null},"forfaits":[],"info":[],"updated":"2026-01-03","sources":["saemes","bnls"],"pricesSource":null},"geometry":{"type":"Point","coordinates":[2.27219,48.86438]}},{"type":"Feature","properties":{"id":"saemes:PRO03","name":"Parking Sainte Périne","address":"rue Mirabeau, 75016 Paris","arr":16,"operator":"Saemes","source":"saemes","url":"http://www.saemes.fr/fr/parking/parking-sainte-perine","phone":"01 44 82 99 99","public":false,"hours":"Abonnés uniquement","places":170,"placesPmr":null,"placesMoto":2,"placesVelo":5,"motoAccess":true,"veloAccess":true,"covered":true,"kind":"underground","placesEv":null,"heightMax":1.85,"relay":false,"prices":null,"pricesDate":"2026-01-01","motoPrices":null,"subscriptions":{"residentMonth":null,"month":null,"motoMonth":null,"evMonth":null,"veloMonth":20},"forfaits":[],"info":[],"updated":"2026-01-01","sources":["saemes","bnls"],"pricesSource":null},"geometry":{"type":"Point","coordinates":[2.266998,48.845256]}},{"type":"Feature","properties":{"id":"saemes:PRO14","name":"Parking Péreire","address":"209 Boulevard Pereire, 75017 Paris","arr":17,"operator":"Saemes","source":"saemes","url":"http://www.saemes.fr/fr/parking/parking-pereire","phone":"01 44 82 99 99","public":false,"hours":"Abonnés uniquement","places":298,"placesPmr":null,"placesMoto":21,"placesVelo":0,"motoAccess":true,"veloAccess":false,"covered":true,"kind":"underground","placesEv":null,"heightMax":2.1,"relay":false,"prices":null,"pricesDate":"2026-01-01","motoPrices":null,"subscriptions":{"residentMonth":null,"month":330,"motoMonth":null,"evMonth":null,"veloMonth":null},"forfaits":[],"info":[],"updated":"2026-01-01","sources":["saemes","bnls"],"pricesSource":null},"geometry":{"type":"Point","coordinates":[2.295416,48.883775]}},{"type":"Feature","properties":{"id":"saemes:PMO37","name":"Parking Ternes","address":"38 avenue des Ternes, 75017 Paris","arr":17,"operator":"Saemes","source":"saemes","url":"https://www.saemes.fr/fr/parking/parking-ternes","phone":"01 87 89 62 62","public":true,"hours":"24 h/24","places":1092,"placesPmr":null,"placesMoto":102,"placesVelo":0,"motoAccess":true,"veloAccess":true,"covered":true,"kind":"underground","placesEv":null,"ev":true,"heightMax":1.85,"relay":false,"prices":{"15":1.25,"60":5,"180":15,"1440":45},"pricesDate":"2026-01-01","motoPrices":{"15":0.45,"60":1.7,"180":5.1,"1440":15.3},"subscriptions":{"residentMonth":160,"month":280,"motoMonth":98,"evMonth":null,"veloMonth":10},"forfaits":[],"info":[],"updated":"2026-01-01","sources":["saemes","bnls"],"pricesSource":"saemes"},"geometry":{"type":"Point","coordinates":[2.29319,48.87897]}},{"type":"Feature","properties":{"id":"saemes:PRO09","name":"Parking Prony","address":"37 rue de Prony, 75017 Paris","arr":17,"operator":"Saemes","source":"saemes","url":"http://www.saemes.fr/fr/parking/parking-prony","phone":"01 44 82 99 99","public":false,"hours":"Abonnés uniquement","places":172,"placesPmr":null,"placesMoto":0,"placesVelo":0,"motoAccess":true,"veloAccess":true,"covered":true,"kind":"underground","placesEv":null,"heightMax":1.9,"relay":false,"prices":null,"pricesDate":"2026-01-01","motoPrices":null,"subscriptions":{"residentMonth":null,"month":null,"motoMonth":null,"evMonth":null,"veloMonth":null},"forfaits":[],"info":[],"updated":"2026-01-01","sources":["saemes","bnls"],"pricesSource":null},"geometry":{"type":"Point","coordinates":[2.303494,48.882637]}},{"type":"Feature","properties":{"id":"saemes:PRO40","name":"Parking Jouffroy d'Abbans","address":"10 Rue Jouffroy d'Abbans, 75017 Paris","arr":17,"operator":"Saemes","source":"saemes","url":"https://www.saemes.fr/fr/parking/parking-jouffroy-dabbans","phone":"01 44 82 99 99","public":false,"hours":"Abonnés uniquement","places":209,"placesPmr":null,"placesMoto":null,"placesVelo":null,"motoAccess":true,"veloAccess":true,"covered":true,"kind":"underground","placesEv":null,"ev":false,"heightMax":1.9,"relay":false,"prices":null,"pricesDate":"2025-04-01","motoPrices":null,"subscriptions":{"residentMonth":null,"month":null,"motoMonth":null,"evMonth":null,"veloMonth":null},"forfaits":[],"info":[],"updated":"2025-04-01","sources":["saemes"],"pricesSource":null},"geometry":{"type":"Point","coordinates":[2.31282,48.88801]}},{"type":"Feature","properties":{"id":"saemes:PMO39","name":"Parking Porte de Champerret","address":"10 Bvd de l'Yser, 75017 Paris","arr":17,"operator":"Saemes","source":"saemes","url":"https://www.saemes.fr/fr/parking/parking-porte-de-champerret","phone":"01 87 89 62 60","public":true,"hours":"24 h/24","places":1465,"placesPmr":null,"placesMoto":null,"placesVelo":null,"motoAccess":true,"veloAccess":true,"covered":true,"kind":"underground","placesEv":null,"ev":true,"heightMax":1.9,"relay":false,"prices":{"15":1.15,"60":4.5,"180":13.5,"1440":40.5},"pricesDate":"2025-04-01","motoPrices":{"15":0.4,"60":1.55,"180":4.65,"1440":13.95},"subscriptions":{"residentMonth":120,"month":165,"motoMonth":57,"evMonth":null,"veloMonth":10},"forfaits":[],"info":[],"updated":"2025-04-01","sources":["saemes"],"pricesSource":"saemes"},"geometry":{"type":"Point","coordinates":[2.28735,48.88507]}},{"type":"Feature","properties":{"id":"saemes:PMO20","name":"Parking Claude Bernard","address":"12-14 Rue Chana Orloff, 75019 Paris","arr":19,"operator":"Saemes","source":"saemes","url":"https://www.saemes.fr/fr/parking/parking-claude-bernard","phone":"142401269","public":true,"hours":"24 h/24","places":494,"placesPmr":null,"placesMoto":60,"placesVelo":95,"motoAccess":true,"veloAccess":false,"covered":true,"kind":"underground","placesEv":null,"ev":true,"heightMax":1.9,"relay":false,"prices":{"15":0.8,"60":3.2,"120":6.4,"180":8.4,"240":10,"1440":24},"pricesDate":"2024-01-09","motoPrices":{"15":0.3,"60":1.2,"180":3.15,"1440":9},"subscriptions":{"residentMonth":null,"month":126,"motoMonth":48,"evMonth":null,"veloMonth":null},"forfaits":[],"info":[],"updated":"2024-01-01","sources":["saemes","bnls"],"pricesSource":"bnls"},"geometry":{"type":"Point","coordinates":[2.378149,48.899575]}},{"type":"Feature","properties":{"id":"saemes:PMO30","name":"Parking Hôpital Robert-Debré","address":"48 boulevard Sérurier, 75019 Paris","arr":19,"operator":"Saemes","source":"saemes","url":"http://www.saemes.fr/fr/parking/parking-hopital-robert-debre","phone":"01 42 40 35 50","public":true,"hours":"24 h/24","places":180,"placesPmr":null,"placesMoto":0,"placesVelo":0,"motoAccess":false,"veloAccess":true,"covered":true,"kind":"underground","placesEv":null,"ev":true,"heightMax":1.9,"relay":false,"prices":{"15":1.05,"60":4.1,"180":11.6,"1440":22.2},"pricesDate":"2026-01-01","motoPrices":null,"subscriptions":{"residentMonth":null,"month":null,"motoMonth":null,"evMonth":null,"veloMonth":null},"forfaits":[{"label":"Week-end (ven. 14h → lun. 9h)","price":38},{"label":"5 jours","price":71},{"label":"1 semaine","price":93}],"info":[],"updated":"2026-01-01","sources":["saemes","bnls"],"pricesSource":"saemes"},"geometry":{"type":"Point","coordinates":[2.40177,48.87929]}},{"type":"Feature","properties":{"id":"bnls:75108-P-024","name":"Concorde","address":"12 place de la Concorde, 75008, Paris","arr":null,"operator":"Indigo","source":"bnls","url":"https://fr.parkindigo.com/parking/paris-75008/place-de-la-concorde-75082100","phone":null,"public":true,"hours":null,"places":836,"placesPmr":13,"placesMoto":17,"placesVelo":0,"motoAccess":true,"veloAccess":null,"covered":true,"kind":"underground","placesEv":0,"heightMax":1.9,"relay":false,"prices":{"60":4.4,"120":8.8,"180":13.2,"240":17.6,"1440":39.6},"pricesDate":"2024-01-09","motoPrices":null,"subscriptions":{"residentMonth":186.4,"month":233},"info":["tarif petit rouleur -25 % = contacter le parc"],"updated":"2024-01-09","sources":["bnls","indigo","osm"],"pricesSource":"bnls"},"geometry":{"type":"Point","coordinates":[2.320347,48.866919]}},{"type":"Feature","properties":{"id":"bnls:75117-P-040","name":"Porte de Saint Ouen","address":"27 ter avenue de la Porte de Saint Ouen, 75017, Paris","arr":null,"operator":null,"source":"bnls","url":"https://fr.parkindigo.com/parking/paris-75017/porte-de-saint-ouen-75172000","phone":null,"public":true,"hours":null,"places":535,"placesPmr":18,"placesMoto":4,"placesVelo":0,"motoAccess":true,"veloAccess":null,"covered":true,"kind":"underground","placesEv":1,"heightMax":1.9,"relay":true,"prices":{"60":3.2,"120":6.4,"180":9.6,"240":12.8,"1440":38.4},"pricesDate":"2024-01-09","motoPrices":null,"subscriptions":{"residentMonth":95,"month":124},"info":[],"updated":"2024-01-09","sources":["bnls"],"pricesSource":"bnls"},"geometry":{"type":"Point","coordinates":[2.329427,48.900141]}},{"type":"Feature","properties":{"id":"bnls:75110-P-002","name":"Colonel Fabien","address":"3 rue Louis Blanc, 75010 Paris","arr":null,"operator":null,"source":"bnls","url":"https://www.saemes.fr/fr/parking/parking-colonel-fabien","phone":null,"public":false,"hours":null,"places":96,"placesPmr":3,"placesMoto":16,"placesVelo":0,"motoAccess":true,"veloAccess":null,"covered":true,"kind":"underground","placesEv":0,"heightMax":1.9,"relay":false,"prices":null,"pricesDate":null,"motoPrices":null,"subscriptions":{"residentMonth":98,"month":100},"info":[],"updated":"2024-01-09","sources":["bnls"],"pricesSource":null},"geometry":{"type":"Point","coordinates":[2.369113,48.878795]}},{"type":"Feature","properties":{"id":"bnls:75110-P-004","name":"Rene Boulanger","address":"1 ter rue René Boulanger, 75010 Paris","arr":null,"operator":null,"source":"bnls","url":"https://www.saemes.fr/fr/parking/parking-rene-boulanger","phone":null,"public":false,"hours":null,"places":191,"placesPmr":0,"placesMoto":16,"placesVelo":0,"motoAccess":true,"veloAccess":null,"covered":true,"kind":"underground","placesEv":0,"heightMax":1.8,"relay":false,"prices":null,"pricesDate":null,"motoPrices":null,"subscriptions":{"residentMonth":null,"month":221},"info":[],"updated":"2024-01-09","sources":["bnls"],"pricesSource":null},"geometry":{"type":"Point","coordinates":[2.36174,48.86836]}},{"type":"Feature","properties":{"id":"indigo:1554","name":"Radio France","address":null,"arr":null,"operator":"Indigo","source":"indigo","url":"https://fr.parkindigo.com/","phone":null,"public":true,"hours":null,"places":495,"placesPmr":null,"placesMoto":null,"placesVelo":null,"motoAccess":null,"veloAccess":null,"covered":true,"kind":"underground","placesEv":null,"heightMax":null,"relay":false,"prices":null,"pricesDate":null,"motoPrices":null,"subscriptions":null,"info":[],"updated":null,"sources":["indigo"],"pricesSource":null},"geometry":{"type":"Point","coordinates":[2.278478,48.853343]}},{"type":"Feature","properties":{"id":"indigo:1559","name":"Rossini","address":null,"arr":null,"operator":"Indigo","source":"indigo","url":"https://fr.parkindigo.com/","phone":null,"public":true,"hours":null,"places":431,"placesPmr":null,"placesMoto":null,"placesVelo":null,"motoAccess":null,"veloAccess":null,"covered":true,"kind":"underground","placesEv":null,"heightMax":null,"relay":false,"prices":null,"pricesDate":null,"motoPrices":null,"subscriptions":null,"info":[],"updated":null,"sources":["indigo"],"pricesSource":null,"estimate":{"60":5,"1440":45,"n":2,"radiusM":1000}},"geometry":{"type":"Point","coordinates":[2.27128,48.8456]}},{"type":"Feature","properties":{"id":"indigo:1647","name":"Beaubourg Horloge","address":null,"arr":null,"operator":"Indigo","source":"indigo","url":"https://fr.parkindigo.com/","phone":null,"public":true,"hours":null,"places":436,"placesPmr":null,"placesMoto":null,"placesVelo":null,"motoAccess":null,"veloAccess":null,"covered":true,"kind":"underground","placesEv":null,"heightMax":null,"relay":false,"prices":null,"pricesDate":null,"motoPrices":null,"subscriptions":null,"info":[],"updated":null,"sources":["indigo","osm"],"pricesSource":null,"estimate":{"60":5.1,"1440":45.9,"n":8,"radiusM":1000}},"geometry":{"type":"Point","coordinates":[2.35381,48.861969]}},{"type":"Feature","properties":{"id":"indigo:1649","name":"Haussmann Galeries Lafayette","address":null,"arr":null,"operator":"Indigo","source":"indigo","url":"https://fr.parkindigo.com/","phone":null,"public":true,"hours":null,"places":1152,"placesPmr":null,"placesMoto":null,"placesVelo":null,"motoAccess":null,"veloAccess":null,"covered":true,"kind":"underground","placesEv":null,"heightMax":null,"relay":false,"prices":null,"pricesDate":null,"motoPrices":null,"subscriptions":null,"info":[],"updated":null,"sources":["indigo"],"pricesSource":null,"estimate":{"60":5,"1440":45,"n":8,"radiusM":1000}},"geometry":{"type":"Point","coordinates":[2.330813,48.873258]}},{"type":"Feature","properties":{"id":"indigo:1651","name":"Réaumur Saint-Denis","address":null,"arr":null,"operator":"Indigo","source":"indigo","url":"https://fr.parkindigo.com/","phone":null,"public":true,"hours":"24 h/24","places":345,"placesPmr":null,"placesMoto":null,"placesVelo":null,"motoAccess":null,"veloAccess":null,"covered":true,"kind":"underground","placesEv":null,"heightMax":null,"relay":false,"prices":null,"pricesDate":null,"motoPrices":null,"subscriptions":null,"info":[],"updated":null,"sources":["indigo","osm"],"pricesSource":null,"estimate":{"60":5.25,"1440":47.25,"n":6,"radiusM":1000}},"geometry":{"type":"Point","coordinates":[2.349594,48.866943]}},{"type":"Feature","properties":{"id":"indigo:1659","name":"Turbigo Saint-Denis","address":null,"arr":null,"operator":"Indigo","source":"indigo","url":"https://fr.parkindigo.com/","phone":null,"public":true,"hours":null,"places":427,"placesPmr":null,"placesMoto":null,"placesVelo":null,"motoAccess":null,"veloAccess":null,"covered":true,"kind":"underground","placesEv":null,"heightMax":1.95,"relay":false,"prices":null,"pricesDate":null,"motoPrices":null,"subscriptions":null,"info":[],"updated":null,"sources":["indigo","osm"],"pricesSource":null,"estimate":{"60":5.2,"1440":46.8,"n":10,"radiusM":1000}},"geometry":{"type":"Point","coordinates":[2.350152,48.864731]}},{"type":"Feature","properties":{"id":"indigo:1661","name":"Parc De La Villette Nord - Cité Des Sciences","address":null,"arr":null,"operator":"Indigo","source":"indigo","url":"https://fr.parkindigo.com/","phone":null,"public":true,"hours":null,"places":1463,"placesPmr":null,"placesMoto":null,"placesVelo":null,"motoAccess":null,"veloAccess":null,"covered":true,"kind":"underground","placesEv":null,"heightMax":null,"relay":false,"prices":null,"pricesDate":null,"motoPrices":null,"subscriptions":null,"info":[],"updated":null,"sources":["indigo","osm"],"pricesSource":null},"geometry":{"type":"Point","coordinates":[2.388356,48.897349]}},{"type":"Feature","properties":{"id":"indigo:1662","name":"Haussmann Printemps","address":null,"arr":null,"operator":"Indigo","source":"indigo","url":"https://fr.parkindigo.com/","phone":null,"public":true,"hours":null,"places":675,"placesPmr":null,"placesMoto":null,"placesVelo":null,"motoAccess":null,"veloAccess":null,"covered":true,"kind":"underground","placesEv":null,"heightMax":null,"relay":false,"prices":null,"pricesDate":null,"motoPrices":null,"subscriptions":null,"info":[],"updated":null,"sources":["indigo"],"pricesSource":null,"estimate":{"60":5,"1440":45,"n":6,"radiusM":1000}},"geometry":{"type":"Point","coordinates":[2.327052,48.874142]}},{"type":"Feature","properties":{"id":"indigo:1664","name":"Haussmann Opéra","address":null,"arr":null,"operator":"Indigo","source":"indigo","url":"https://fr.parkindigo.com/","phone":null,"public":true,"hours":null,"places":400,"placesPmr":null,"placesMoto":null,"placesVelo":null,"motoAccess":null,"veloAccess":null,"covered":true,"kind":"underground","placesEv":null,"heightMax":null,"relay":false,"prices":null,"pricesDate":null,"motoPrices":null,"subscriptions":null,"info":[],"updated":null,"sources":["indigo","osm"],"pricesSource":null,"estimate":{"60":5,"1440":45,"n":8,"radiusM":1000}},"geometry":{"type":"Point","coordinates":[2.32937,48.872908]}},{"type":"Feature","properties":{"id":"indigo:1779","name":"Italie 2","address":null,"arr":null,"operator":"Indigo","source":"indigo","url":"https://fr.parkindigo.com/","phone":null,"public":true,"hours":null,"places":1479,"placesPmr":null,"placesMoto":null,"placesVelo":null,"motoAccess":null,"veloAccess":null,"covered":true,"kind":"underground","placesEv":null,"heightMax":null,"relay":false,"prices":null,"pricesDate":null,"motoPrices":null,"subscriptions":null,"info":[],"updated":null,"sources":["indigo"],"pricesSource":null},"geometry":{"type":"Point","coordinates":[2.356216,48.829374]}},{"type":"Feature","properties":{"id":"indigo:1901","name":"Gare De Lyon","address":null,"arr":null,"operator":"Indigo","source":"indigo","url":"https://fr.parkindigo.com/","phone":null,"public":true,"hours":null,"places":465,"placesPmr":null,"placesMoto":null,"placesVelo":null,"motoAccess":null,"veloAccess":null,"covered":true,"kind":"underground","placesEv":null,"heightMax":null,"relay":false,"prices":null,"pricesDate":null,"motoPrices":null,"subscriptions":null,"info":[],"updated":null,"sources":["indigo","osm"],"pricesSource":null,"estimate":{"60":4.8,"1440":41.5,"n":7,"radiusM":1000}},"geometry":{"type":"Point","coordinates":[2.373433,48.843678]}},{"type":"Feature","properties":{"id":"indigo:1908","name":"Rennes Montparnasse","address":null,"arr":null,"operator":"Indigo","source":"indigo","url":"https://fr.parkindigo.com/","phone":null,"public":true,"hours":null,"places":573,"placesPmr":null,"placesMoto":null,"placesVelo":null,"motoAccess":null,"veloAccess":null,"covered":true,"kind":"underground","placesEv":null,"heightMax":1.85,"relay":false,"prices":null,"pricesDate":null,"motoPrices":null,"subscriptions":null,"info":[],"updated":null,"sources":["indigo","osm"],"pricesSource":null,"estimate":{"60":5.2,"1440":46.8,"n":3,"radiusM":1000}},"geometry":{"type":"Point","coordinates":[2.325456,48.845092]}},{"type":"Feature","properties":{"id":"indigo:1914","name":"Pasteur-Montparnasse","address":null,"arr":null,"operator":"Indigo","source":"indigo","url":"https://fr.parkindigo.com/","phone":null,"public":true,"hours":null,"places":254,"placesPmr":null,"placesMoto":null,"placesVelo":null,"motoAccess":null,"veloAccess":null,"covered":true,"kind":"underground","placesEv":null,"heightMax":null,"relay":false,"prices":null,"pricesDate":null,"motoPrices":null,"subscriptions":null,"info":[],"updated":null,"sources":["indigo"],"pricesSource":null},"geometry":{"type":"Point","coordinates":[2.312268,48.839527]}},{"type":"Feature","properties":{"id":"indigo:1916","name":"Vincent Auriol","address":null,"arr":null,"operator":"Indigo","source":"indigo","url":"https://fr.parkindigo.com/","phone":null,"public":true,"hours":null,"places":547,"placesPmr":null,"placesMoto":null,"placesVelo":null,"motoAccess":null,"veloAccess":null,"covered":true,"kind":"underground","placesEv":null,"heightMax":null,"relay":false,"prices":null,"pricesDate":null,"motoPrices":null,"subscriptions":null,"info":[],"updated":null,"sources":["indigo"],"pricesSource":null},"geometry":{"type":"Point","coordinates":[2.358835,48.831557]}},{"type":"Feature","properties":{"id":"indigo:1918","name":"Garages Invalides","address":null,"arr":null,"operator":"Indigo","source":"indigo","url":"https://fr.parkindigo.com/","phone":null,"public":true,"hours":null,"places":400,"placesPmr":null,"placesMoto":null,"placesVelo":null,"motoAccess":null,"veloAccess":null,"covered":true,"kind":"underground","placesEv":null,"heightMax":null,"relay":false,"prices":null,"pricesDate":null,"motoPrices":null,"subscriptions":null,"info":[],"updated":null,"sources":["indigo"],"pricesSource":null,"estimate":{"60":5.4,"1440":48.6,"n":4,"radiusM":1000}},"geometry":{"type":"Point","coordinates":[2.31124,48.85848]}},{"type":"Feature","properties":{"id":"indigo:1920","name":"Pont Marie","address":null,"arr":null,"operator":"Indigo","source":"indigo","url":"https://fr.parkindigo.com/","phone":null,"public":true,"hours":"24 h/24","places":460,"placesPmr":null,"placesMoto":null,"placesVelo":null,"motoAccess":null,"veloAccess":null,"covered":true,"kind":"underground","placesEv":null,"heightMax":null,"relay":false,"prices":null,"pricesDate":null,"motoPrices":null,"subscriptions":null,"info":[],"updated":null,"sources":["indigo","osm"],"pricesSource":null,"estimate":{"60":5.1,"1440":45.9,"n":10,"radiusM":1000}},"geometry":{"type":"Point","coordinates":[2.356052,48.854317]}},{"type":"Feature","properties":{"id":"indigo:1922","name":"Porte D'Italie","address":null,"arr":null,"operator":"Indigo","source":"indigo","url":"https://fr.parkindigo.com/","phone":null,"public":true,"hours":null,"places":212,"placesPmr":null,"placesMoto":null,"placesVelo":null,"motoAccess":null,"veloAccess":null,"covered":true,"kind":"underground","placesEv":null,"heightMax":null,"relay":false,"prices":null,"pricesDate":null,"motoPrices":null,"subscriptions":null,"info":[],"updated":null,"sources":["indigo","osm"],"pricesSource":null},"geometry":{"type":"Point","coordinates":[2.36009,48.8173]}},{"type":"Feature","properties":{"id":"indigo:1926","name":"Bercy Village","address":null,"arr":null,"operator":"Indigo","source":"indigo","url":"https://fr.parkindigo.com/","phone":null,"public":true,"hours":null,"places":1314,"placesPmr":null,"placesMoto":null,"placesVelo":null,"motoAccess":null,"veloAccess":null,"covered":true,"kind":"underground","placesEv":null,"heightMax":null,"relay":false,"prices":null,"pricesDate":null,"motoPrices":null,"subscriptions":null,"info":[],"updated":null,"sources":["indigo"],"pricesSource":null,"estimate":{"60":4.2,"1440":37.8,"n":5,"radiusM":1000}},"geometry":{"type":"Point","coordinates":[2.386547,48.832015]}},{"type":"Feature","properties":{"id":"indigo:1927","name":"Suffren","address":null,"arr":null,"operator":"Indigo","source":"indigo","url":"https://fr.parkindigo.com/","phone":null,"public":true,"hours":null,"places":162,"placesPmr":null,"placesMoto":null,"placesVelo":null,"motoAccess":null,"veloAccess":null,"covered":true,"kind":"underground","placesEv":null,"heightMax":null,"relay":false,"prices":null,"pricesDate":null,"motoPrices":null,"subscriptions":null,"info":[],"updated":null,"sources":["indigo"],"pricesSource":null,"estimate":{"60":5.35,"1440":48.15,"n":8,"radiusM":1000}},"geometry":{"type":"Point","coordinates":[2.31667,48.865002]}},{"type":"Feature","properties":{"id":"indigo:1958","name":"Louvre","address":null,"arr":null,"operator":"Indigo","source":"indigo","url":"https://fr.parkindigo.com/","phone":null,"public":true,"hours":null,"places":555,"placesPmr":null,"placesMoto":null,"placesVelo":null,"motoAccess":null,"veloAccess":null,"covered":true,"kind":"underground","placesEv":null,"heightMax":2.2,"relay":false,"prices":null,"pricesDate":null,"motoPrices":null,"subscriptions":null,"info":[],"updated":null,"sources":["indigo","osm"],"pricesSource":null,"estimate":{"60":5.4,"1440":48.6,"n":7,"radiusM":1000}},"geometry":{"type":"Point","coordinates":[2.331269,48.862202]}},{"type":"Feature","properties":{"id":"indigo:1960","name":"Marché Saint-Honoré","address":null,"arr":null,"operator":"Indigo","source":"indigo","url":"https://fr.parkindigo.com/","phone":null,"public":true,"hours":null,"places":692,"placesPmr":null,"placesMoto":null,"placesVelo":null,"motoAccess":null,"veloAccess":null,"covered":true,"kind":"underground","placesEv":null,"heightMax":2.7,"relay":false,"prices":null,"pricesDate":null,"motoPrices":null,"subscriptions":null,"info":[],"updated":null,"sources":["indigo","osm"],"pricesSource":null,"estimate":{"60":5,"1440":45,"n":9,"radiusM":1000}},"geometry":{"type":"Point","coordinates":[2.331516,48.867313]}},{"type":"Feature","properties":{"id":"indigo:1971","name":"Etoile Wagram","address":null,"arr":null,"operator":"Indigo","source":"indigo","url":"https://fr.parkindigo.com/","phone":null,"public":true,"hours":null,"places":468,"placesPmr":null,"placesMoto":null,"placesVelo":null,"motoAccess":null,"veloAccess":null,"covered":true,"kind":"underground","placesEv":null,"heightMax":null,"relay":false,"prices":null,"pricesDate":null,"motoPrices":null,"subscriptions":null,"info":[],"updated":null,"sources":["indigo","osm"],"pricesSource":null,"estimate":{"60":5.4,"1440":49.5,"n":13,"radiusM":1000}},"geometry":{"type":"Point","coordinates":[2.296894,48.876251]}},{"type":"Feature","properties":{"id":"indigo:2158","name":"Le Parks","address":null,"arr":null,"operator":"Indigo","source":"indigo","url":"https://fr.parkindigo.com/","phone":null,"public":true,"hours":null,"places":645,"placesPmr":null,"placesMoto":null,"placesVelo":null,"motoAccess":null,"veloAccess":null,"covered":true,"kind":"underground","placesEv":null,"heightMax":null,"relay":false,"prices":null,"pricesDate":null,"motoPrices":null,"subscriptions":null,"info":[],"updated":null,"sources":["indigo"],"pricesSource":null},"geometry":{"type":"Point","coordinates":[2.378171,48.898566]}},{"type":"Feature","properties":{"id":"indigo:2313","name":"Etoile Friedland","address":null,"arr":null,"operator":"Indigo","source":"indigo","url":"https://fr.parkindigo.com/","phone":null,"public":true,"hours":null,"places":567,"placesPmr":null,"placesMoto":null,"placesVelo":null,"motoAccess":null,"veloAccess":null,"covered":true,"kind":"underground","placesEv":null,"heightMax":null,"relay":false,"prices":null,"pricesDate":null,"motoPrices":null,"subscriptions":null,"info":[],"updated":null,"sources":["indigo"],"pricesSource":null,"estimate":{"60":5.4,"1440":49.5,"n":15,"radiusM":1000}},"geometry":{"type":"Point","coordinates":[2.29919,48.874149]}},{"type":"Feature","properties":{"id":"indigo:2386","name":"Marché Saint-Germain","address":null,"arr":null,"operator":"Indigo","source":"indigo","url":"https://fr.parkindigo.com/","phone":null,"public":true,"hours":null,"places":403,"placesPmr":null,"placesMoto":null,"placesVelo":null,"motoAccess":null,"veloAccess":null,"covered":true,"kind":"underground","placesEv":null,"heightMax":null,"relay":false,"prices":null,"pricesDate":null,"motoPrices":null,"subscriptions":null,"info":[],"updated":null,"sources":["indigo"],"pricesSource":null,"estimate":{"60":5.2,"1440":46.8,"n":11,"radiusM":1000}},"geometry":{"type":"Point","coordinates":[2.335722,48.852585]}},{"type":"Feature","properties":{"id":"indigo:4332","name":"Kléber-Trocadéro","address":null,"arr":null,"operator":"Indigo","source":"indigo","url":"https://fr.parkindigo.com/","phone":null,"public":true,"hours":null,"places":336,"placesPmr":null,"placesMoto":null,"placesVelo":null,"motoAccess":null,"veloAccess":null,"covered":true,"kind":"underground","placesEv":null,"heightMax":null,"relay":false,"prices":null,"pricesDate":null,"motoPrices":null,"subscriptions":null,"info":[],"updated":null,"sources":["indigo"],"pricesSource":null,"estimate":{"60":5.4,"1440":49.5,"n":7,"radiusM":1000}},"geometry":{"type":"Point","coordinates":[2.289945,48.86615]}},{"type":"Feature","properties":{"id":"indigo:4337","name":"Palais De Justice","address":null,"arr":null,"operator":"Indigo","source":"indigo","url":"https://fr.parkindigo.com/","phone":null,"public":true,"hours":null,"places":284,"placesPmr":null,"placesMoto":null,"placesVelo":null,"motoAccess":null,"veloAccess":null,"covered":true,"kind":"underground","placesEv":null,"heightMax":null,"relay":false,"prices":null,"pricesDate":null,"motoPrices":null,"subscriptions":null,"info":[],"updated":null,"sources":["indigo"],"pricesSource":null},"geometry":{"type":"Point","coordinates":[2.308588,48.892483]}},{"type":"Feature","properties":{"id":"indigo:4470","name":"Pigalle Théâtres Trinité","address":null,"arr":null,"operator":"Indigo","source":"indigo","url":"https://fr.parkindigo.com/","phone":null,"public":true,"hours":null,"places":760,"placesPmr":null,"placesMoto":null,"placesVelo":null,"motoAccess":null,"veloAccess":null,"covered":true,"kind":"multi-storey","placesEv":null,"heightMax":null,"relay":false,"prices":null,"pricesDate":null,"motoPrices":null,"subscriptions":null,"info":[],"updated":null,"sources":["indigo","osm"],"pricesSource":null,"estimate":{"60":4.7,"1440":42.3,"n":5,"radiusM":1000}},"geometry":{"type":"Point","coordinates":[2.332868,48.878426]}},{"type":"Feature","properties":{"id":"indigo:4803","name":"André Honnorat","address":null,"arr":null,"operator":"Indigo","source":"indigo","url":"https://fr.parkindigo.com/","phone":null,"public":true,"hours":null,"places":326,"placesPmr":null,"placesMoto":null,"placesVelo":null,"motoAccess":null,"veloAccess":null,"covered":true,"kind":"underground","placesEv":null,"heightMax":null,"relay":false,"prices":null,"pricesDate":null,"motoPrices":null,"subscriptions":null,"info":[],"updated":null,"sources":["indigo"],"pricesSource":null,"estimate":{"60":5,"1440":45,"n":4,"radiusM":1000}},"geometry":{"type":"Point","coordinates":[2.336359,48.844218]}},{"type":"Feature","properties":{"id":"indigo:8642","name":"Gare D'Austerlitz","address":null,"arr":null,"operator":"Indigo","source":"indigo","url":"https://fr.parkindigo.com/","phone":null,"public":true,"hours":null,"places":554,"placesPmr":null,"placesMoto":null,"placesVelo":null,"motoAccess":null,"veloAccess":null,"covered":true,"kind":"underground","placesEv":null,"heightMax":null,"relay":false,"prices":null,"pricesDate":null,"motoPrices":null,"subscriptions":null,"info":[],"updated":null,"sources":["indigo"],"pricesSource":null,"estimate":{"60":4.8,"1440":41.5,"n":5,"radiusM":1000}},"geometry":{"type":"Point","coordinates":[2.366274,48.842492]}},{"type":"Feature","properties":{"id":"indigo:15645","name":"Réaumur Sentier","address":"98 Rue Réaumur","arr":null,"operator":"Indigo","source":"indigo","url":"https://fr.parkindigo.com/","phone":null,"public":true,"hours":null,"places":273,"placesPmr":null,"placesMoto":null,"placesVelo":null,"motoAccess":null,"veloAccess":null,"covered":true,"kind":"underground","placesEv":null,"heightMax":null,"relay":false,"prices":null,"pricesDate":null,"motoPrices":null,"subscriptions":null,"info":[],"updated":null,"sources":["indigo","osm"],"pricesSource":null,"estimate":{"60":5.25,"1440":47.25,"n":6,"radiusM":1000}},"geometry":{"type":"Point","coordinates":[2.348808,48.867483]}},{"type":"Feature","properties":{"id":"indigo:16892","name":"Opéra Bastille","address":null,"arr":null,"operator":"Indigo","source":"indigo","url":"https://fr.parkindigo.com/","phone":null,"public":true,"hours":null,"places":680,"placesPmr":null,"placesMoto":null,"placesVelo":null,"motoAccess":null,"veloAccess":null,"covered":true,"kind":"underground","placesEv":null,"heightMax":null,"relay":false,"prices":null,"pricesDate":null,"motoPrices":null,"subscriptions":null,"info":[],"updated":null,"sources":["indigo","osm"],"pricesSource":null,"estimate":{"60":5.35,"1440":43.6,"n":4,"radiusM":1000}},"geometry":{"type":"Point","coordinates":[2.37195,48.84917]}},{"type":"Feature","properties":{"id":"osm:node/213173448","name":"Parking","address":null,"arr":null,"operator":null,"source":"osm","url":null,"phone":null,"public":true,"customersOnly":false,"hours":null,"places":null,"placesPmr":null,"placesMoto":null,"placesVelo":null,"motoAccess":null,"veloAccess":null,"covered":true,"kind":"underground","placesEv":null,"heightMax":null,"relay":false,"prices":null,"pricesDate":null,"free":false,"motoPrices":null,"subscriptions":null,"info":[],"updated":null,"sources":["osm"],"pricesSource":null,"estimate":{"60":5,"1440":45,"n":5,"radiusM":1000}},"geometry":{"type":"Point","coordinates":[2.353392,48.873035]}},{"type":"Feature","properties":{"id":"osm:node/248354494","name":"Parking Gaité-Montparnasse","address":null,"arr":null,"operator":null,"source":"osm","url":null,"phone":null,"public":true,"customersOnly":false,"hours":null,"places":null,"placesPmr":null,"placesMoto":null,"placesVelo":null,"motoAccess":null,"veloAccess":null,"covered":true,"kind":"underground","placesEv":null,"heightMax":null,"relay":false,"prices":null,"pricesDate":null,"free":false,"motoPrices":null,"subscriptions":null,"info":[],"updated":null,"sources":["osm"],"pricesSource":null,"estimate":{"60":4.85,"1440":43.65,"n":2,"radiusM":1000}},"geometry":{"type":"Point","coordinates":[2.320179,48.837658]}},{"type":"Feature","properties":{"id":"osm:node/259288193","name":"Parking","address":null,"arr":null,"operator":null,"source":"osm","url":null,"phone":null,"public":true,"customersOnly":false,"hours":null,"places":null,"placesPmr":null,"placesMoto":null,"placesVelo":null,"motoAccess":null,"veloAccess":null,"covered":true,"kind":"multi-storey","placesEv":null,"heightMax":null,"relay":false,"prices":null,"pricesDate":null,"free":false,"motoPrices":null,"subscriptions":null,"info":[],"updated":null,"sources":["osm"],"pricesSource":null,"estimate":{"60":4.7,"1440":47.3,"n":2,"radiusM":1000}},"geometry":{"type":"Point","coordinates":[2.277066,48.831077]}},{"type":"Feature","properties":{"id":"osm:node/307372956","name":"Parking","address":null,"arr":null,"operator":null,"source":"osm","url":null,"phone":null,"public":true,"customersOnly":false,"hours":null,"places":null,"placesPmr":null,"placesMoto":null,"placesVelo":null,"motoAccess":null,"veloAccess":null,"covered":true,"kind":"underground","placesEv":null,"heightMax":null,"relay":false,"prices":null,"pricesDate":null,"free":false,"motoPrices":null,"subscriptions":null,"info":[],"updated":null,"sources":["osm"],"pricesSource":null,"estimate":{"60":5.2,"1440":46.8,"n":11,"radiusM":1000}},"geometry":{"type":"Point","coordinates":[2.341434,48.861092]}},{"type":"Feature","properties":{"id":"osm:node/315462001","name":"Garage Mansart","address":null,"arr":null,"operator":null,"source":"osm","url":null,"phone":null,"public":true,"customersOnly":false,"hours":null,"places":null,"placesPmr":null,"placesMoto":null,"placesVelo":null,"motoAccess":null,"veloAccess":null,"covered":true,"kind":"underground","placesEv":null,"heightMax":null,"relay":false,"prices":null,"pricesDate":null,"free":false,"motoPrices":null,"subscriptions":null,"info":[],"updated":null,"sources":["osm"],"pricesSource":null,"estimate":{"60":4.7,"1440":42.3,"n":3,"radiusM":1000}},"geometry":{"type":"Point","coordinates":[2.333028,48.882001]}},{"type":"Feature","properties":{"id":"osm:node/316033081","name":"Parking Chalon","address":null,"arr":null,"operator":"Effia Stationnement","source":"osm","url":null,"phone":null,"public":true,"customersOnly":false,"hours":null,"places":null,"placesPmr":null,"placesMoto":null,"placesVelo":null,"motoAccess":null,"veloAccess":null,"covered":false,"kind":"surface","placesEv":null,"heightMax":null,"relay":false,"prices":null,"pricesDate":null,"free":false,"motoPrices":null,"subscriptions":null,"info":[],"updated":null,"sources":["osm"],"pricesSource":null,"estimate":{"60":4.8,"1440":42.3,"n":7,"radiusM":1000}},"geometry":{"type":"Point","coordinates":[2.376781,48.844288]}},{"type":"Feature","properties":{"id":"osm:node/599512409","name":"Parking","address":null,"arr":null,"operator":null,"source":"osm","url":null,"phone":null,"public":false,"customersOnly":true,"hours":null,"places":null,"placesPmr":null,"placesMoto":null,"placesVelo":null,"motoAccess":null,"veloAccess":null,"covered":true,"kind":"underground","placesEv":null,"heightMax":null,"relay":false,"prices":null,"pricesDate":null,"free":false,"motoPrices":null,"subscriptions":null,"info":[],"updated":null,"sources":["osm"],"pricesSource":null},"geometry":{"type":"Point","coordinates":[2.319094,48.889543]}},{"type":"Feature","properties":{"id":"osm:node/626584727","name":"Parking","address":null,"arr":null,"operator":null,"source":"osm","url":null,"phone":null,"public":true,"customersOnly":false,"hours":null,"places":null,"placesPmr":null,"placesMoto":null,"placesVelo":null,"motoAccess":null,"veloAccess":null,"covered":true,"kind":"underground","placesEv":null,"heightMax":null,"relay":false,"prices":null,"pricesDate":null,"free":false,"motoPrices":null,"subscriptions":null,"info":[],"updated":null,"sources":["osm"],"pricesSource":null},"geometry":{"type":"Point","coordinates":[2.406493,48.856599]}},{"type":"Feature","properties":{"id":"osm:node/679480157","name":"Le Louvre Parking","address":null,"arr":null,"operator":null,"source":"osm","url":null,"phone":null,"public":true,"customersOnly":false,"hours":null,"places":null,"placesPmr":null,"placesMoto":null,"placesVelo":null,"motoAccess":null,"veloAccess":null,"covered":true,"kind":"underground","placesEv":null,"heightMax":null,"relay":false,"prices":null,"pricesDate":null,"free":false,"motoPrices":null,"subscriptions":null,"info":[],"updated":null,"sources":["osm"],"pricesSource":null,"estimate":{"60":5.2,"1440":46.8,"n":11,"radiusM":1000}},"geometry":{"type":"Point","coordinates":[2.33909,48.86201]}},{"type":"Feature","properties":{"id":"osm:node/799532442","name":"Q-Park Daumesnil - Gare de Lyon","address":null,"arr":null,"operator":"Q-Park","source":"osm","url":"https://www.q-park.fr/fr-fr/villes/paris/Gare-de-Lyon/?utm_campaign=partoo&utm_medium=partoo&utm_source=partoo","phone":null,"public":true,"customersOnly":false,"hours":null,"places":null,"placesPmr":null,"placesMoto":null,"placesVelo":null,"motoAccess":null,"veloAccess":null,"covered":true,"kind":"underground","placesEv":null,"heightMax":1.9,"relay":false,"prices":null,"pricesDate":null,"free":false,"motoPrices":null,"subscriptions":null,"info":[],"updated":null,"sources":["osm"],"pricesSource":null,"estimate":{"60":5,"1440":41.9,"n":6,"radiusM":1000}},"geometry":{"type":"Point","coordinates":[2.382017,48.844399]}},{"type":"Feature","properties":{"id":"osm:node/829132634","name":"George V","address":null,"arr":null,"operator":null,"source":"osm","url":null,"phone":null,"public":true,"customersOnly":false,"hours":null,"places":null,"placesPmr":null,"placesMoto":null,"placesVelo":null,"motoAccess":null,"veloAccess":null,"covered":true,"kind":"underground","placesEv":null,"heightMax":null,"relay":false,"prices":null,"pricesDate":null,"free":false,"motoPrices":null,"subscriptions":null,"info":[],"updated":null,"sources":["osm"],"pricesSource":null,"estimate":{"60":5.5,"1440":49.5,"n":15,"radiusM":1000}},"geometry":{"type":"Point","coordinates":[2.301267,48.868869]}},{"type":"Feature","properties":{"id":"osm:node/831929556","name":"Alma Georges V","address":null,"arr":null,"operator":"Vinci Park","source":"osm","url":null,"phone":null,"public":true,"customersOnly":false,"hours":"24 h/24","places":null,"placesPmr":6,"placesMoto":null,"placesVelo":null,"motoAccess":null,"veloAccess":null,"covered":true,"kind":"underground","placesEv":null,"heightMax":1.9,"relay":false,"prices":null,"pricesDate":null,"free":false,"motoPrices":null,"subscriptions":null,"info":[],"updated":null,"sources":["osm"],"pricesSource":null,"estimate":{"60":5.8,"1440":50.75,"n":9,"radiusM":1000}},"geometry":{"type":"Point","coordinates":[2.301133,48.866697]}},{"type":"Feature","properties":{"id":"osm:node/863555641","name":"holiday inn - parking","address":"211 Avenue Jean Jaurès","arr":null,"operator":"Q-Park","source":"osm","url":"https://www.q-park.fr/fr-fr/villes/paris/cit%C3%A9-de-la-musique-la-villette/?utm_campaign=partoo&utm_medium=partoo&utm_source=partoo","phone":null,"public":false,"customersOnly":true,"hours":"24 h/24","places":481,"placesPmr":null,"placesMoto":null,"placesVelo":null,"motoAccess":null,"veloAccess":null,"covered":true,"kind":"underground","placesEv":null,"heightMax":1.9,"relay":false,"prices":null,"pricesDate":null,"free":false,"motoPrices":null,"subscriptions":null,"info":[],"updated":null,"sources":["osm"],"pricesSource":null},"geometry":{"type":"Point","coordinates":[2.39399,48.888812]}},{"type":"Feature","properties":{"id":"osm:node/884203684","name":"Parking","address":null,"arr":null,"operator":null,"source":"osm","url":null,"phone":null,"public":true,"customersOnly":false,"hours":null,"places":null,"placesPmr":null,"placesMoto":null,"placesVelo":null,"motoAccess":null,"veloAccess":null,"covered":true,"kind":"underground","placesEv":null,"heightMax":null,"relay":false,"prices":null,"pricesDate":null,"free":false,"motoPrices":null,"subscriptions":null,"info":[],"updated":null,"sources":["osm"],"pricesSource":null},"geometry":{"type":"Point","coordinates":[2.385023,48.895281]}},{"type":"Feature","properties":{"id":"osm:node/912371013","name":"Parking Zenpark Rue Bichat","address":null,"arr":null,"operator":null,"source":"osm","url":"https://zenpark.com/parkings/paris-rue-bichat","phone":null,"public":false,"customersOnly":true,"hours":null,"places":50,"placesPmr":null,"placesMoto":null,"placesVelo":null,"motoAccess":null,"veloAccess":null,"covered":true,"kind":"underground","placesEv":null,"heightMax":null,"relay":false,"prices":null,"pricesDate":null,"free":false,"motoPrices":null,"subscriptions":null,"info":[],"updated":null,"sources":["osm"],"pricesSource":null},"geometry":{"type":"Point","coordinates":[2.368601,48.870499]}},{"type":"Feature","properties":{"id":"osm:node/937111443","name":"Parking Zenpark Hôpital Necker","address":"6 Rue Dulac","arr":null,"operator":null,"source":"osm","url":"https://zenpark.com/parkings/paris-hopital-necker","phone":null,"public":false,"customersOnly":true,"hours":null,"places":30,"placesPmr":null,"placesMoto":null,"placesVelo":null,"motoAccess":null,"veloAccess":null,"covered":true,"kind":"underground","placesEv":null,"heightMax":null,"relay":false,"prices":null,"pricesDate":null,"free":false,"motoPrices":null,"subscriptions":null,"info":[],"updated":null,"sources":["osm"],"pricesSource":null},"geometry":{"type":"Point","coordinates":[2.315398,48.843275]}},{"type":"Feature","properties":{"id":"osm:node/1015358854","name":"Interparking","address":null,"arr":null,"operator":"Interparking","source":"osm","url":null,"phone":null,"public":true,"customersOnly":false,"hours":null,"places":null,"placesPmr":null,"placesMoto":null,"placesVelo":null,"motoAccess":null,"veloAccess":null,"covered":true,"kind":"underground","placesEv":null,"heightMax":null,"relay":false,"prices":null,"pricesDate":null,"free":false,"motoPrices":null,"subscriptions":null,"info":[],"updated":null,"sources":["osm"],"pricesSource":null,"estimate":{"60":5,"1440":45,"n":8,"radiusM":1000}},"geometry":{"type":"Point","coordinates":[2.287945,48.883696]}},{"type":"Feature","properties":{"id":"osm:node/1022395811","name":"Porte de Saint-Cloud","address":null,"arr":null,"operator":null,"source":"osm","url":null,"phone":null,"public":true,"customersOnly":false,"hours":"24 h/24","places":null,"placesPmr":null,"placesMoto":null,"placesVelo":null,"motoAccess":null,"veloAccess":null,"covered":true,"kind":"multi-storey","placesEv":null,"heightMax":null,"relay":false,"prices":null,"pricesDate":null,"free":false,"motoPrices":null,"subscriptions":null,"info":[],"updated":null,"sources":["osm"],"pricesSource":null,"estimate":{"60":4.7,"1440":42.3,"n":6,"radiusM":1000}},"geometry":{"type":"Point","coordinates":[2.253368,48.839492]}},{"type":"Feature","properties":{"id":"osm:node/1278464642","name":"Gare du Nord","address":null,"arr":null,"operator":null,"source":"osm","url":null,"phone":null,"public":true,"customersOnly":false,"hours":null,"places":null,"placesPmr":null,"placesMoto":null,"placesVelo":null,"motoAccess":null,"veloAccess":null,"covered":true,"kind":"underground","placesEv":null,"heightMax":null,"relay":false,"prices":null,"pricesDate":null,"free":false,"motoPrices":null,"subscriptions":null,"info":[],"updated":null,"sources":["osm"],"pricesSource":null,"estimate":{"60":4.85,"1440":43.65,"n":6,"radiusM":1000}},"geometry":{"type":"Point","coordinates":[2.353695,48.880058]}},{"type":"Feature","properties":{"id":"osm:node/1432145156","name":"Picpus Nation","address":null,"arr":null,"operator":null,"source":"osm","url":null,"phone":null,"public":true,"customersOnly":false,"hours":null,"places":null,"placesPmr":null,"placesMoto":null,"placesVelo":null,"motoAccess":null,"veloAccess":null,"covered":true,"kind":"underground","placesEv":null,"heightMax":null,"relay":false,"prices":null,"pricesDate":null,"free":false,"motoPrices":null,"subscriptions":null,"info":[],"updated":null,"sources":["osm"],"pricesSource":null,"estimate":{"60":4.25,"1440":38.25,"n":2,"radiusM":1000}},"geometry":{"type":"Point","coordinates":[2.399946,48.846654]}},{"type":"Feature","properties":{"id":"osm:node/1484054992","name":"Parking","address":null,"arr":null,"operator":null,"source":"osm","url":null,"phone":null,"public":true,"customersOnly":false,"hours":null,"places":null,"placesPmr":null,"placesMoto":null,"placesVelo":null,"motoAccess":null,"veloAccess":null,"covered":true,"kind":"underground","placesEv":null,"heightMax":null,"relay":false,"prices":null,"pricesDate":null,"free":false,"motoPrices":null,"subscriptions":null,"info":[],"updated":null,"sources":["osm"],"pricesSource":null,"estimate":{"60":5,"1440":45,"n":8,"radiusM":1000}},"geometry":{"type":"Point","coordinates":[2.33583,48.871959]}},{"type":"Feature","properties":{"id":"osm:node/1579618667","name":"Les parking du midi","address":"36-38 Rue Friant","arr":null,"operator":null,"source":"osm","url":null,"phone":null,"public":true,"customersOnly":false,"hours":null,"places":null,"placesPmr":null,"placesMoto":null,"placesVelo":null,"motoAccess":null,"veloAccess":null,"covered":true,"kind":"underground","placesEv":null,"heightMax":null,"relay":false,"prices":null,"pricesDate":null,"free":false,"motoPrices":null,"subscriptions":null,"info":[],"updated":null,"sources":["osm"],"pricesSource":null,"estimate":{"60":4.55,"1440":40.95,"n":2,"radiusM":1000}},"geometry":{"type":"Point","coordinates":[2.323364,48.824677]}},{"type":"Feature","properties":{"id":"osm:node/1712003310","name":"Parking Forum des Halles","address":null,"arr":null,"operator":"Vinci Park","source":"osm","url":null,"phone":null,"public":true,"customersOnly":false,"hours":null,"places":950,"placesPmr":null,"placesMoto":null,"placesVelo":null,"motoAccess":null,"veloAccess":null,"covered":true,"kind":"underground","placesEv":null,"heightMax":null,"relay":false,"prices":null,"pricesDate":null,"free":false,"motoPrices":null,"subscriptions":null,"info":[],"updated":null,"sources":["osm"],"pricesSource":null,"estimate":{"60":5.2,"1440":46.8,"n":12,"radiusM":1000}},"geometry":{"type":"Point","coordinates":[2.347794,48.863223]}},{"type":"Feature","properties":{"id":"osm:node/1789890162","name":"Alhambra","address":null,"arr":null,"operator":"Interparking","source":"osm","url":null,"phone":null,"public":true,"customersOnly":false,"hours":null,"places":235,"placesPmr":null,"placesMoto":null,"placesVelo":null,"motoAccess":null,"veloAccess":null,"covered":true,"kind":"underground","placesEv":null,"heightMax":1.8,"relay":false,"prices":{"60":3.2,"1440":31.9},"pricesDate":null,"free":false,"motoPrices":null,"subscriptions":null,"info":[],"updated":null,"sources":["osm"],"pricesSource":"osm"},"geometry":{"type":"Point","coordinates":[2.36684,48.867238]}},{"type":"Feature","properties":{"id":"osm:node/1801503207","name":"Tour Montparnasse","address":null,"arr":null,"operator":"InterParking Group","source":"osm","url":null,"phone":null,"public":true,"customersOnly":false,"hours":"24 h/24","places":null,"placesPmr":null,"placesMoto":null,"placesVelo":null,"motoAccess":null,"veloAccess":null,"covered":true,"kind":"underground","placesEv":null,"heightMax":null,"relay":false,"prices":null,"pricesDate":null,"free":false,"motoPrices":null,"subscriptions":null,"info":[],"updated":null,"sources":["osm"],"pricesSource":null,"estimate":{"60":5,"1440":45,"n":2,"radiusM":1000}},"geometry":{"type":"Point","coordinates":[2.32355,48.842911]}},{"type":"Feature","properties":{"id":"osm:node/1834645748","name":"Grand Garage Duchemin","address":null,"arr":null,"operator":null,"source":"osm","url":null,"phone":null,"public":true,"customersOnly":false,"hours":null,"places":null,"placesPmr":null,"placesMoto":null,"placesVelo":null,"motoAccess":null,"veloAccess":null,"covered":true,"kind":"underground","placesEv":null,"heightMax":null,"relay":false,"prices":null,"pricesDate":null,"free":false,"motoPrices":null,"subscriptions":null,"info":[],"updated":null,"sources":["osm"],"pricesSource":null},"geometry":{"type":"Point","coordinates":[2.28958,48.833646]}},{"type":"Feature","properties":{"id":"osm:node/1930542360","name":"Parking","address":null,"arr":null,"operator":null,"source":"osm","url":null,"phone":null,"public":true,"customersOnly":false,"hours":null,"places":null,"placesPmr":null,"placesMoto":null,"placesVelo":null,"motoAccess":null,"veloAccess":null,"covered":true,"kind":"underground","placesEv":null,"heightMax":null,"relay":false,"prices":null,"pricesDate":null,"free":false,"motoPrices":null,"subscriptions":null,"info":[],"updated":null,"sources":["osm"],"pricesSource":null,"estimate":{"60":5.1,"1440":45.9,"n":8,"radiusM":1000}},"geometry":{"type":"Point","coordinates":[2.341176,48.847676]}},{"type":"Feature","properties":{"id":"osm:node/2206747037","name":"Parking","address":null,"arr":null,"operator":null,"source":"osm","url":null,"phone":null,"public":true,"customersOnly":false,"hours":"24 h/24","places":null,"placesPmr":null,"placesMoto":null,"placesVelo":null,"motoAccess":null,"veloAccess":null,"covered":true,"kind":"underground","placesEv":null,"heightMax":1.8,"relay":false,"prices":null,"pricesDate":null,"free":false,"motoPrices":null,"subscriptions":null,"info":[],"updated":null,"sources":["osm"],"pricesSource":null},"geometry":{"type":"Point","coordinates":[2.405102,48.87403]}},{"type":"Feature","properties":{"id":"osm:node/2319201890","name":"Parking Zenpark Chevaleret","address":"191 Rue du Chevaleret","arr":null,"operator":null,"source":"osm","url":"https://zenpark.com/","phone":"0 811 69 06 06","public":false,"customersOnly":true,"hours":null,"places":30,"placesPmr":null,"placesMoto":null,"placesVelo":null,"motoAccess":null,"veloAccess":null,"covered":true,"kind":"underground","placesEv":null,"heightMax":null,"relay":false,"prices":null,"pricesDate":null,"free":false,"motoPrices":null,"subscriptions":null,"info":[],"updated":null,"sources":["osm"],"pricesSource":null},"geometry":{"type":"Point","coordinates":[2.368052,48.833975]}},{"type":"Feature","properties":{"id":"osm:node/2329369284","name":"Parking","address":null,"arr":null,"operator":null,"source":"osm","url":null,"phone":null,"public":true,"customersOnly":false,"hours":null,"places":null,"placesPmr":null,"placesMoto":null,"placesVelo":null,"motoAccess":null,"veloAccess":null,"covered":true,"kind":"underground","placesEv":null,"heightMax":null,"relay":false,"prices":null,"pricesDate":null,"free":false,"motoPrices":null,"subscriptions":null,"info":[],"updated":null,"sources":["osm"],"pricesSource":null},"geometry":{"type":"Point","coordinates":[2.365706,48.823889]}},{"type":"Feature","properties":{"id":"osm:node/2923536575","name":"Parking Zenpark Alexandre Dumas","address":"58 Rue des Vignoles","arr":null,"operator":null,"source":"osm","url":"https://zenpark.com/parkings/paris-alexandre-dumas","phone":null,"public":false,"customersOnly":true,"hours":null,"places":100,"placesPmr":null,"placesMoto":null,"placesVelo":null,"motoAccess":null,"veloAccess":null,"covered":true,"kind":"underground","placesEv":null,"heightMax":null,"relay":false,"prices":null,"pricesDate":null,"free":false,"motoPrices":null,"subscriptions":null,"info":[],"updated":null,"sources":["osm"],"pricesSource":null},"geometry":{"type":"Point","coordinates":[2.401251,48.854997]}},{"type":"Feature","properties":{"id":"osm:node/2923543701","name":"Parking Zenpark Bastille","address":null,"arr":null,"operator":null,"source":"osm","url":"https://zenpark.com/parkings/paris-bastille","phone":null,"public":false,"customersOnly":true,"hours":null,"places":null,"placesPmr":null,"placesMoto":null,"placesVelo":null,"motoAccess":null,"veloAccess":null,"covered":true,"kind":"underground","placesEv":null,"heightMax":null,"relay":false,"prices":null,"pricesDate":null,"free":false,"motoPrices":null,"subscriptions":null,"info":[],"updated":null,"sources":["osm"],"pricesSource":null},"geometry":{"type":"Point","coordinates":[2.373062,48.855129]}},{"type":"Feature","properties":{"id":"osm:node/2923662480","name":"Parking Zenpark Château","address":"115 Rue du Château","arr":null,"operator":null,"source":"osm","url":"http://zenpark.com/parkings/paris-château","phone":null,"public":false,"customersOnly":true,"hours":null,"places":50,"placesPmr":null,"placesMoto":null,"placesVelo":null,"motoAccess":null,"veloAccess":null,"covered":true,"kind":"underground","placesEv":null,"heightMax":null,"relay":false,"prices":null,"pricesDate":null,"free":false,"motoPrices":null,"subscriptions":null,"info":[],"updated":null,"sources":["osm"],"pricesSource":null},"geometry":{"type":"Point","coordinates":[2.319908,48.835537]}},{"type":"Feature","properties":{"id":"osm:node/2923667465","name":"Parking Zenpark Cité Universitaire","address":null,"arr":null,"operator":null,"source":"osm","url":"https://zenpark.com/parkings/paris-cite-universitaire","phone":"0 811 69 06 06","public":false,"customersOnly":true,"hours":null,"places":50,"placesPmr":null,"placesMoto":null,"placesVelo":null,"motoAccess":null,"veloAccess":null,"covered":true,"kind":"underground","placesEv":null,"heightMax":null,"relay":false,"prices":null,"pricesDate":null,"free":false,"motoPrices":null,"subscriptions":null,"info":[],"updated":null,"sources":["osm"],"pricesSource":null},"geometry":{"type":"Point","coordinates":[2.342613,48.820859]}},{"type":"Feature","properties":{"id":"osm:node/2923667545","name":"Parking Zenpark Cité Blanche","address":"Cité Blanche","arr":null,"operator":null,"source":"osm","url":"https://zenpark.com/parkings/paris-cite-blanche","phone":"+33 1 85 39 09 09","public":false,"customersOnly":true,"hours":null,"places":50,"placesPmr":null,"placesMoto":null,"placesVelo":null,"motoAccess":null,"veloAccess":null,"covered":true,"kind":"underground","placesEv":null,"heightMax":null,"relay":false,"prices":{"60":0,"1440":0},"pricesDate":null,"free":true,"motoPrices":null,"subscriptions":null,"info":[],"updated":null,"sources":["osm"],"pricesSource":"osm"},"geometry":{"type":"Point","coordinates":[2.308271,48.829395]}},{"type":"Feature","properties":{"id":"osm:node/2923669487","name":"Parking Zenpark Eure","address":"20 Rue de l'Eure","arr":null,"operator":null,"source":"osm","url":"https://zenpark.com/parkings/paris-eure","phone":"0 811 69 06 06","public":false,"customersOnly":true,"hours":null,"places":100,"placesPmr":null,"placesMoto":null,"placesVelo":null,"motoAccess":null,"veloAccess":null,"covered":true,"kind":"underground","placesEv":null,"heightMax":null,"relay":false,"prices":null,"pricesDate":null,"free":false,"motoPrices":null,"subscriptions":null,"info":[],"updated":null,"sources":["osm"],"pricesSource":null},"geometry":{"type":"Point","coordinates":[2.321456,48.832973]}},{"type":"Feature","properties":{"id":"osm:node/2923670562","name":"Parking Zenpark Grands Boulevards","address":null,"arr":null,"operator":null,"source":"osm","url":"https://zenpark.com/parkings/paris-grands-boulevards","phone":null,"public":false,"customersOnly":true,"hours":null,"places":50,"placesPmr":null,"placesMoto":null,"placesVelo":null,"motoAccess":null,"veloAccess":null,"covered":true,"kind":"underground","placesEv":null,"heightMax":null,"relay":false,"prices":null,"pricesDate":null,"free":false,"motoPrices":null,"subscriptions":null,"info":[],"updated":null,"sources":["osm"],"pricesSource":null},"geometry":{"type":"Point","coordinates":[2.346426,48.870381]}},{"type":"Feature","properties":{"id":"osm:node/2923670827","name":"Parking Zenpark Daumesnil","address":null,"arr":null,"operator":null,"source":"osm","url":"https://zenpark.com/parkings/paris-daumesnil","phone":"0 811 69 06 06","public":false,"customersOnly":true,"hours":null,"places":100,"placesPmr":null,"placesMoto":null,"placesVelo":null,"motoAccess":null,"veloAccess":null,"covered":true,"kind":"underground","placesEv":null,"heightMax":null,"relay":false,"prices":null,"pricesDate":null,"free":false,"motoPrices":null,"subscriptions":null,"info":[],"updated":null,"sources":["osm"],"pricesSource":null},"geometry":{"type":"Point","coordinates":[2.396757,48.838331]}},{"type":"Feature","properties":{"id":"osm:node/2955707661","name":"Zenpark Saint-Michel","address":"4 Rue des Grands Augustins","arr":null,"operator":null,"source":"osm","url":"https://zenpark.com/parkings/parking-paris-saint-germain-des-pres-citadines","phone":null,"public":true,"customersOnly":false,"hours":null,"places":50,"placesPmr":null,"placesMoto":null,"placesVelo":null,"motoAccess":null,"veloAccess":null,"covered":true,"kind":"underground","placesEv":null,"heightMax":1.95,"relay":false,"prices":null,"pricesDate":null,"free":false,"motoPrices":null,"subscriptions":null,"info":[],"updated":null,"sources":["osm"],"pricesSource":null,"estimate":{"60":5.2,"1440":46.8,"n":16,"radiusM":1000}},"geometry":{"type":"Point","coordinates":[2.341085,48.854918]}},{"type":"Feature","properties":{"id":"osm:node/2955760189","name":"Parking Zenpark Porte d'Auteuil","address":"20 Rue Erlanger","arr":null,"operator":"ZenPark","source":"osm","url":"https://zenpark.com/parkings/paris-porte-auteuil","phone":"0 811 69 06 06","public":true,"customersOnly":false,"hours":null,"places":50,"placesPmr":null,"placesMoto":null,"placesVelo":null,"motoAccess":null,"veloAccess":null,"covered":true,"kind":"underground","placesEv":null,"heightMax":null,"relay":false,"prices":null,"pricesDate":null,"free":false,"motoPrices":null,"subscriptions":null,"info":[],"updated":null,"sources":["osm"],"pricesSource":null,"estimate":{"60":4.7,"1440":42.3,"n":5,"radiusM":1000}},"geometry":{"type":"Point","coordinates":[2.261233,48.84656]}},{"type":"Feature","properties":{"id":"osm:node/2955772682","name":"Parking Zenpark Gare de Bercy - AccorHotels Arena","address":"9 Rue Corbineau","arr":null,"operator":"Zenpark","source":"osm","url":"https://zenpark.com/parkings/paris-bercy","phone":null,"public":false,"customersOnly":true,"hours":null,"places":50,"placesPmr":null,"placesMoto":null,"placesVelo":null,"motoAccess":null,"veloAccess":null,"covered":true,"kind":"underground","placesEv":null,"heightMax":null,"relay":false,"prices":null,"pricesDate":null,"free":false,"motoPrices":null,"subscriptions":null,"info":[],"updated":null,"sources":["osm"],"pricesSource":null},"geometry":{"type":"Point","coordinates":[2.38185,48.839163]}},{"type":"Feature","properties":{"id":"osm:node/2955780078","name":"Parking Zenpark Neuve Tolbiac","address":null,"arr":null,"operator":null,"source":"osm","url":"https://zenpark.com/parkings/paris-neuve-tolbiac","phone":null,"public":false,"customersOnly":true,"hours":null,"places":50,"placesPmr":null,"placesMoto":null,"placesVelo":null,"motoAccess":null,"veloAccess":null,"covered":true,"kind":"underground","placesEv":null,"heightMax":null,"relay":false,"prices":null,"pricesDate":null,"free":false,"motoPrices":null,"subscriptions":null,"info":[],"updated":null,"sources":["osm"],"pricesSource":null},"geometry":{"type":"Point","coordinates":[2.37915,48.832124]}},{"type":"Feature","properties":{"id":"osm:node/3014609983","name":"Parking Zenpark Quai de Seine","address":"23 Rue de Tanger","arr":null,"operator":null,"source":"osm","url":"https://zenpark.com/parkings/paris-quai-seine","phone":null,"public":false,"customersOnly":true,"hours":null,"places":50,"placesPmr":null,"placesMoto":null,"placesVelo":null,"motoAccess":null,"veloAccess":null,"covered":true,"kind":"underground","placesEv":null,"heightMax":null,"relay":false,"prices":null,"pricesDate":null,"free":false,"motoPrices":null,"subscriptions":null,"info":[],"updated":null,"sources":["osm"],"pricesSource":null},"geometry":{"type":"Point","coordinates":[2.36932,48.886862]}},{"type":"Feature","properties":{"id":"osm:node/3016494336","name":"Parking Zenpark Champs-Elysées - Roosevelt","address":null,"arr":null,"operator":null,"source":"osm","url":"https://zenpark.com/parkings/paris-champs-elysees-roosevelt","phone":"0 811 69 06 06","public":false,"customersOnly":true,"hours":null,"places":200,"placesPmr":null,"placesMoto":null,"placesVelo":null,"motoAccess":null,"veloAccess":null,"covered":true,"kind":"underground","placesEv":null,"heightMax":null,"relay":false,"prices":null,"pricesDate":null,"free":false,"motoPrices":null,"subscriptions":null,"info":[],"updated":null,"sources":["osm"],"pricesSource":null},"geometry":{"type":"Point","coordinates":[2.309902,48.869795]}},{"type":"Feature","properties":{"id":"osm:node/3378053696","name":"Temple","address":null,"arr":null,"operator":"Interparking","source":"osm","url":null,"phone":null,"public":true,"customersOnly":false,"hours":null,"places":null,"placesPmr":null,"placesMoto":null,"placesVelo":null,"motoAccess":null,"veloAccess":null,"covered":true,"kind":"underground","placesEv":null,"heightMax":null,"relay":false,"prices":{"60":5.5},"pricesDate":null,"free":false,"motoPrices":null,"subscriptions":null,"info":[],"updated":null,"sources":["osm"],"pricesSource":"osm"},"geometry":{"type":"Point","coordinates":[2.358504,48.863466]}},{"type":"Feature","properties":{"id":"osm:node/3693588319","name":"Parking Zenpark Bel-Air - Trousseau","address":"19 Rue de Montempoivre","arr":null,"operator":null,"source":"osm","url":"https://zenpark.com/","phone":null,"public":false,"customersOnly":true,"hours":null,"places":30,"placesPmr":null,"placesMoto":null,"placesVelo":null,"motoAccess":null,"veloAccess":null,"covered":true,"kind":"underground","placesEv":null,"heightMax":null,"relay":false,"prices":null,"pricesDate":null,"free":false,"motoPrices":null,"subscriptions":null,"info":[],"updated":null,"sources":["osm"],"pricesSource":null},"geometry":{"type":"Point","coordinates":[2.406902,48.840285]}},{"type":"Feature","properties":{"id":"osm:node/3693598120","name":"Parking Zenpark Buttes-Chaumont - Crimée","address":"81 Rue de Crimée","arr":null,"operator":null,"source":"osm","url":"https://zenpark.com/","phone":"0 811 69 06 06","public":false,"customersOnly":true,"hours":null,"places":30,"placesPmr":null,"placesMoto":null,"placesVelo":null,"motoAccess":null,"veloAccess":null,"covered":true,"kind":"underground","placesEv":null,"heightMax":null,"relay":false,"prices":null,"pricesDate":null,"free":false,"motoPrices":null,"subscriptions":null,"info":[],"updated":null,"sources":["osm"],"pricesSource":null},"geometry":{"type":"Point","coordinates":[2.38508,48.883323]}},{"type":"Feature","properties":{"id":"osm:node/3693610716","name":"Parking Zenpark Marx Dormoy","address":"23 Rue Cugnot","arr":null,"operator":null,"source":"osm","url":"https://zenpark.com/","phone":"0 811 69 06 06","public":false,"customersOnly":true,"hours":null,"places":30,"placesPmr":null,"placesMoto":null,"placesVelo":null,"motoAccess":null,"veloAccess":null,"covered":true,"kind":"underground","placesEv":null,"heightMax":null,"relay":false,"prices":null,"pricesDate":null,"free":false,"motoPrices":null,"subscriptions":null,"info":[],"updated":null,"sources":["osm"],"pricesSource":null},"geometry":{"type":"Point","coordinates":[2.365014,48.892341]}},{"type":"Feature","properties":{"id":"osm:node/3693620603","name":"Parking Zenpark Montmartre-Clichy","address":"16 Avenue Rachel","arr":null,"operator":null,"source":"osm","url":"https://zenpark.com/","phone":"0 811 69 06 06","public":false,"customersOnly":true,"hours":null,"places":30,"placesPmr":null,"placesMoto":null,"placesVelo":null,"motoAccess":null,"veloAccess":null,"covered":true,"kind":"underground","placesEv":null,"heightMax":null,"relay":false,"prices":null,"pricesDate":null,"free":false,"motoPrices":null,"subscriptions":null,"info":[],"updated":null,"sources":["osm"],"pricesSource":null},"geometry":{"type":"Point","coordinates":[2.331168,48.885212]}},{"type":"Feature","properties":{"id":"osm:node/3693629604","name":"Parking Zenpark Porte d’Aubervilliers","address":"106 Rue de l'Ourcq","arr":null,"operator":null,"source":"osm","url":"https://zenpark.com/","phone":"0 811 69 06 06","public":false,"customersOnly":true,"hours":null,"places":30,"placesPmr":null,"placesMoto":null,"placesVelo":null,"motoAccess":null,"veloAccess":null,"covered":false,"kind":"surface","placesEv":null,"heightMax":null,"relay":false,"prices":null,"pricesDate":null,"free":false,"motoPrices":null,"subscriptions":null,"info":[],"updated":null,"sources":["osm"],"pricesSource":null},"geometry":{"type":"Point","coordinates":[2.372178,48.894174]}},{"type":"Feature","properties":{"id":"osm:node/3693700018","name":"Parking Zenpark Campo-Formio","address":"28 Rue de Campo Formio","arr":null,"operator":null,"source":"osm","url":"https://zenpark.com/parkings/paris-campo-formio","phone":"+33 1 85 39 09 09","public":false,"customersOnly":true,"hours":null,"places":20,"placesPmr":null,"placesMoto":null,"placesVelo":null,"motoAccess":null,"veloAccess":null,"covered":false,"kind":"surface","placesEv":null,"heightMax":null,"relay":false,"prices":null,"pricesDate":null,"free":false,"motoPrices":null,"subscriptions":null,"info":[],"updated":null,"sources":["osm"],"pricesSource":null},"geometry":{"type":"Point","coordinates":[2.359846,48.834657]}},{"type":"Feature","properties":{"id":"osm:node/3709855451","name":"Athos","address":null,"arr":null,"operator":"Vinci Park","source":"osm","url":null,"phone":"+33 1 44 06 60 50","public":true,"customersOnly":false,"hours":"24 h/24","places":1000,"placesPmr":null,"placesMoto":null,"placesVelo":null,"motoAccess":null,"veloAccess":null,"covered":true,"kind":"underground","placesEv":null,"heightMax":null,"relay":false,"prices":null,"pricesDate":null,"free":false,"motoPrices":null,"subscriptions":null,"info":[],"updated":null,"sources":["osm"],"pricesSource":null,"estimate":{"60":4.2,"1440":37.8,"n":6,"radiusM":1000}},"geometry":{"type":"Point","coordinates":[2.377878,48.83142]}},{"type":"Feature","properties":{"id":"osm:node/3712185239","name":"Parking Zenpark Reuilly-Diderot","address":"14 Rue Chaligny","arr":null,"operator":null,"source":"osm","url":"https://zenpark.com/parkings/paris-reuilly-diderot","phone":"+33 1 85 39 09 09","public":false,"customersOnly":true,"hours":null,"places":35,"placesPmr":null,"placesMoto":null,"placesVelo":null,"motoAccess":null,"veloAccess":null,"covered":true,"kind":"underground","placesEv":null,"heightMax":null,"relay":false,"prices":null,"pricesDate":null,"free":false,"motoPrices":null,"subscriptions":null,"info":[],"updated":null,"sources":["osm"],"pricesSource":null},"geometry":{"type":"Point","coordinates":[2.383738,48.846144]}},{"type":"Feature","properties":{"id":"osm:node/3749286841","name":"Parking Zenpark - Paris - Guy Môquet","address":"224 Rue Championnet","arr":null,"operator":null,"source":"osm","url":"https://zenpark.com/parkings/paris-guy-moquet","phone":"0 811 69 06 06","public":false,"customersOnly":true,"hours":null,"places":50,"placesPmr":null,"placesMoto":null,"placesVelo":null,"motoAccess":null,"veloAccess":null,"covered":true,"kind":"underground","placesEv":null,"heightMax":null,"relay":false,"prices":null,"pricesDate":null,"free":false,"motoPrices":null,"subscriptions":null,"info":[],"updated":null,"sources":["osm"],"pricesSource":null},"geometry":{"type":"Point","coordinates":[2.329981,48.893725]}},{"type":"Feature","properties":{"id":"osm:node/3779503359","name":"Parking Maine Montparnasse","address":null,"arr":null,"operator":null,"source":"osm","url":null,"phone":null,"public":true,"customersOnly":false,"hours":"24 h/24","places":null,"placesPmr":null,"placesMoto":null,"placesVelo":null,"motoAccess":null,"veloAccess":null,"covered":true,"kind":"underground","placesEv":null,"heightMax":2.1,"relay":false,"prices":null,"pricesDate":null,"free":false,"motoPrices":null,"subscriptions":null,"info":[],"updated":null,"sources":["osm"],"pricesSource":null},"geometry":{"type":"Point","coordinates":[2.321054,48.840452]}},{"type":"Feature","properties":{"id":"osm:node/3802255395","name":"Parking Paris 19","address":"234 Rue de Crimée","arr":null,"operator":"Parking 2000","source":"osm","url":null,"phone":null,"public":true,"customersOnly":false,"hours":null,"places":null,"placesPmr":null,"placesMoto":null,"placesVelo":null,"motoAccess":null,"veloAccess":null,"covered":false,"kind":"surface","placesEv":null,"heightMax":null,"relay":false,"prices":null,"pricesDate":null,"free":false,"motoPrices":null,"subscriptions":null,"info":[],"updated":null,"sources":["osm"],"pricesSource":null},"geometry":{"type":"Point","coordinates":[2.372623,48.895125]}},{"type":"Feature","properties":{"id":"osm:node/3891898890","name":"Parking Zenpark Paris - Danube","address":"18 Rue des Carrières d'Amérique","arr":null,"operator":"Zenpark","source":"osm","url":"https://zenpark.com/parkings/paris-danube","phone":"+33 1 85 39 09 09","public":false,"customersOnly":true,"hours":null,"places":10,"placesPmr":null,"placesMoto":null,"placesVelo":null,"motoAccess":null,"veloAccess":null,"covered":true,"kind":"underground","placesEv":null,"heightMax":null,"relay":false,"prices":null,"pricesDate":null,"free":false,"motoPrices":null,"subscriptions":null,"info":[],"updated":null,"sources":["osm"],"pricesSource":null},"geometry":{"type":"Point","coordinates":[2.393856,48.884812]}},{"type":"Feature","properties":{"id":"osm:node/3891929772","name":"Parking Zenpark Paris - Bastille - Thiéré","address":null,"arr":null,"operator":"Zenpark","source":"osm","url":"https://zenpark.com/parkings/paris-bastille-thiere","phone":"+33 1 85 39 09 09","public":false,"customersOnly":true,"hours":null,"places":10,"placesPmr":null,"placesMoto":null,"placesVelo":null,"motoAccess":null,"veloAccess":null,"covered":true,"kind":"underground","placesEv":null,"heightMax":null,"relay":false,"prices":null,"pricesDate":null,"free":false,"motoPrices":null,"subscriptions":null,"info":[],"updated":null,"sources":["osm"],"pricesSource":null},"geometry":{"type":"Point","coordinates":[2.37359,48.8541]}},{"type":"Feature","properties":{"id":"osm:node/3891965082","name":"Parking Zenpark Paris - Louise Michel","address":"25 Rue Jacques Ibert","arr":null,"operator":"Zenpark","source":"osm","url":"https://zenpark.com/parkings/paris-louise-michel","phone":"+33 1 85 39 09 09","public":false,"customersOnly":true,"hours":null,"places":10,"placesPmr":null,"placesMoto":null,"placesVelo":null,"motoAccess":null,"veloAccess":null,"covered":true,"kind":"underground","placesEv":null,"heightMax":null,"relay":false,"prices":null,"pricesDate":null,"free":false,"motoPrices":null,"subscriptions":null,"info":[],"updated":null,"sources":["osm"],"pricesSource":null},"geometry":{"type":"Point","coordinates":[2.28952,48.888326]}},{"type":"Feature","properties":{"id":"osm:node/3892064066","name":"Parking Zenpark Paris - Porte de Pantin","address":"6 Rue Adolphe Mille","arr":null,"operator":"Zenpark","source":"osm","url":"https://zenpark.com/parkings/paris-porte-pantin","phone":"+33 1 85 39 09 09","public":false,"customersOnly":true,"hours":null,"places":12,"placesPmr":null,"placesMoto":null,"placesVelo":null,"motoAccess":null,"veloAccess":null,"covered":true,"kind":"underground","placesEv":null,"heightMax":null,"relay":false,"prices":null,"pricesDate":null,"free":false,"motoPrices":null,"subscriptions":null,"info":[],"updated":null,"sources":["osm"],"pricesSource":null},"geometry":{"type":"Point","coordinates":[2.388906,48.888532]}},{"type":"Feature","properties":{"id":"osm:node/3932169763","name":"Parking Zenpark Paris - Cour Saint-Emilion","address":"49 Rue Gabriel Lamé","arr":null,"operator":"Zenpark","source":"osm","url":"https://zenpark.com/parkings/paris-cour-saint-emilion","phone":"+33 1 85 39 09 09","public":false,"customersOnly":true,"hours":null,"places":15,"placesPmr":null,"placesMoto":null,"placesVelo":null,"motoAccess":null,"veloAccess":null,"covered":true,"kind":"underground","placesEv":null,"heightMax":null,"relay":false,"prices":null,"pricesDate":null,"free":false,"motoPrices":null,"subscriptions":null,"info":[],"updated":null,"sources":["osm"],"pricesSource":null},"geometry":{"type":"Point","coordinates":[2.385444,48.835128]}},{"type":"Feature","properties":{"id":"osm:node/3992830925","name":"Q-Park Bastille Saint Antoine","address":null,"arr":null,"operator":"Q-Park","source":"osm","url":"https://www.q-park.fr/fr-fr/villes/paris/bastille-saint-antoine/?utm_campaign=partoo&utm_medium=partoo&utm_source=partoo","phone":null,"public":true,"customersOnly":false,"hours":null,"places":null,"placesPmr":null,"placesMoto":null,"placesVelo":null,"motoAccess":null,"veloAccess":null,"covered":true,"kind":"underground","placesEv":null,"heightMax":null,"relay":false,"prices":null,"pricesDate":null,"free":false,"motoPrices":null,"subscriptions":null,"info":[],"updated":null,"sources":["osm"],"pricesSource":null,"estimate":{"60":5.35,"1440":43.6,"n":4,"radiusM":1000}},"geometry":{"type":"Point","coordinates":[2.372408,48.852378]}},{"type":"Feature","properties":{"id":"osm:node/4086220181","name":"Parking Jouffroy","address":null,"arr":null,"operator":null,"source":"osm","url":null,"phone":null,"public":true,"customersOnly":false,"hours":null,"places":209,"placesPmr":null,"placesMoto":null,"placesVelo":null,"motoAccess":null,"veloAccess":null,"covered":true,"kind":"underground","placesEv":null,"heightMax":null,"relay":false,"prices":null,"pricesDate":null,"free":false,"motoPrices":null,"subscriptions":null,"info":[],"updated":null,"sources":["osm"],"pricesSource":null,"estimate":{"60":5.4,"1440":48.6,"n":3,"radiusM":1000}},"geometry":{"type":"Point","coordinates":[2.308438,48.885698]}},{"type":"Feature","properties":{"id":"osm:node/4109648189","name":"Parking M.E.A.","address":null,"arr":null,"operator":null,"source":"osm","url":null,"phone":"+33147974628","public":true,"customersOnly":false,"hours":null,"places":350,"placesPmr":null,"placesMoto":null,"placesVelo":null,"motoAccess":null,"veloAccess":null,"covered":true,"kind":"underground","placesEv":null,"heightMax":1.9,"relay":false,"prices":null,"pricesDate":null,"free":false,"motoPrices":null,"subscriptions":null,"info":[],"updated":null,"sources":["osm"],"pricesSource":null},"geometry":{"type":"Point","coordinates":[2.401708,48.87163]}},{"type":"Feature","properties":{"id":"osm:node/4119512298","name":"Q-Park Edouard VII - Haussmann","address":null,"arr":null,"operator":"Q-Park","source":"osm","url":"https://www.q-park.fr/fr-fr/villes/paris/Edouard-VII-Olympia-Haussmann/?utm_campaign=partoo&utm_medium=partoo&utm_source=partoo","phone":null,"public":true,"customersOnly":false,"hours":null,"places":null,"placesPmr":null,"placesMoto":null,"placesVelo":null,"motoAccess":null,"veloAccess":null,"covered":true,"kind":"underground","placesEv":null,"heightMax":null,"relay":false,"prices":null,"pricesDate":null,"free":false,"motoPrices":null,"subscriptions":null,"info":[],"updated":null,"sources":["osm"],"pricesSource":null,"estimate":{"60":5,"1440":45,"n":9,"radiusM":1000}},"geometry":{"type":"Point","coordinates":[2.328297,48.871548]}},{"type":"Feature","properties":{"id":"osm:node/4452606001","name":"Parking Hôpital Saint-Joseph","address":null,"arr":null,"operator":"Interparking","source":"osm","url":null,"phone":null,"public":false,"customersOnly":true,"hours":"07:00-20:30","places":308,"placesPmr":12,"placesMoto":null,"placesVelo":null,"motoAccess":null,"veloAccess":null,"covered":true,"kind":"multi-storey","placesEv":null,"heightMax":1.9,"relay":false,"prices":null,"pricesDate":null,"free":false,"motoPrices":null,"subscriptions":null,"info":[],"updated":null,"sources":["osm"],"pricesSource":null},"geometry":{"type":"Point","coordinates":[2.311245,48.830202]}},{"type":"Feature","properties":{"id":"osm:node/4955856169","name":"Parking Bateaux Parisiens","address":"1 Port de la Bourdonnais","arr":null,"operator":"Bateaux parisiens","source":"osm","url":null,"phone":null,"public":false,"customersOnly":true,"hours":null,"places":null,"placesPmr":null,"placesMoto":null,"placesVelo":null,"motoAccess":null,"veloAccess":null,"covered":false,"kind":"surface","placesEv":null,"heightMax":null,"relay":false,"prices":null,"pricesDate":null,"free":false,"motoPrices":null,"subscriptions":null,"info":[],"updated":null,"sources":["osm"],"pricesSource":null},"geometry":{"type":"Point","coordinates":[2.295987,48.861532]}},{"type":"Feature","properties":{"id":"osm:node/5113571532","name":"Parking","address":null,"arr":null,"operator":null,"source":"osm","url":null,"phone":null,"public":true,"customersOnly":false,"hours":null,"places":null,"placesPmr":null,"placesMoto":null,"placesVelo":null,"motoAccess":null,"veloAccess":null,"covered":true,"kind":"underground","placesEv":null,"heightMax":null,"relay":false,"prices":null,"pricesDate":null,"free":false,"motoPrices":null,"subscriptions":null,"info":[],"updated":null,"sources":["osm"],"pricesSource":null},"geometry":{"type":"Point","coordinates":[2.311582,48.894318]}},{"type":"Feature","properties":{"id":"osm:node/5184065711","name":"Parking Opéra - Galerie Lafayette","address":null,"arr":null,"operator":null,"source":"osm","url":null,"phone":null,"public":false,"customersOnly":true,"hours":null,"places":null,"placesPmr":null,"placesMoto":null,"placesVelo":null,"motoAccess":null,"veloAccess":null,"covered":true,"kind":"underground","placesEv":null,"heightMax":null,"relay":false,"prices":{"60":0,"1440":0},"pricesDate":null,"free":true,"motoPrices":null,"subscriptions":null,"info":[],"updated":null,"sources":["osm"],"pricesSource":"osm"},"geometry":{"type":"Point","coordinates":[2.338323,48.871315]}},{"type":"Feature","properties":{"id":"osm:node/5266935880","name":"Parking Indigo Rennes-Montparnasse","address":null,"arr":null,"operator":"Indigo","source":"osm","url":"https://fr.parkindigo.com/parking/paris-75006/rennes-montparnasse-75061200","phone":"+33 1 42 22 39 68","public":true,"customersOnly":false,"hours":"24 h/24","places":null,"placesPmr":null,"placesMoto":null,"placesVelo":null,"motoAccess":null,"veloAccess":null,"covered":true,"kind":"underground","placesEv":null,"heightMax":null,"relay":false,"prices":null,"pricesDate":null,"free":false,"motoPrices":null,"subscriptions":null,"info":[],"updated":null,"sources":["osm"],"pricesSource":null,"estimate":{"60":5.2,"1440":46.8,"n":3,"radiusM":1000}},"geometry":{"type":"Point","coordinates":[2.327945,48.845439]}},{"type":"Feature","properties":{"id":"osm:node/5906332611","name":"Parking Paris Porte de Versailles","address":null,"arr":null,"operator":"GVIDAL","source":"osm","url":null,"phone":null,"public":true,"customersOnly":false,"hours":null,"places":null,"placesPmr":null,"placesMoto":null,"placesVelo":null,"motoAccess":null,"veloAccess":null,"covered":true,"kind":"underground","placesEv":null,"heightMax":null,"relay":false,"prices":null,"pricesDate":null,"free":false,"motoPrices":null,"subscriptions":null,"info":[],"updated":null,"sources":["osm"],"pricesSource":null,"estimate":{"60":4.7,"1440":47.3,"n":2,"radiusM":1000}},"geometry":{"type":"Point","coordinates":[2.28755,48.83399]}},{"type":"Feature","properties":{"id":"osm:node/6424984475","name":"Parking Motel one","address":null,"arr":null,"operator":"Motel one","source":"osm","url":null,"phone":null,"public":false,"customersOnly":true,"hours":null,"places":null,"placesPmr":null,"placesMoto":null,"placesVelo":null,"motoAccess":null,"veloAccess":null,"covered":true,"kind":"underground","placesEv":null,"heightMax":null,"relay":false,"prices":null,"pricesDate":null,"free":false,"motoPrices":null,"subscriptions":null,"info":[],"updated":null,"sources":["osm"],"pricesSource":null},"geometry":{"type":"Point","coordinates":[2.410463,48.835227]}},{"type":"Feature","properties":{"id":"osm:node/6860333676","name":"Parking Paris gare Saint-Lazare EFFIA","address":null,"arr":null,"operator":"Effia","source":"osm","url":null,"phone":null,"public":true,"customersOnly":false,"hours":"24 h/24","places":300,"placesPmr":null,"placesMoto":null,"placesVelo":null,"motoAccess":null,"veloAccess":null,"covered":true,"kind":"underground","placesEv":null,"heightMax":1.85,"relay":false,"prices":null,"pricesDate":null,"free":false,"motoPrices":null,"subscriptions":null,"info":[],"updated":null,"sources":["osm"],"pricesSource":null,"estimate":{"60":5,"1440":45,"n":6,"radiusM":1000}},"geometry":{"type":"Point","coordinates":[2.327928,48.877441]}},{"type":"Feature","properties":{"id":"osm:node/7077063570","name":"Parking Cambronne - Rue du Commerce","address":null,"arr":null,"operator":"Interparking","source":"osm","url":null,"phone":null,"public":true,"customersOnly":false,"hours":"24 h/24","places":null,"placesPmr":null,"placesMoto":null,"placesVelo":null,"motoAccess":null,"veloAccess":null,"covered":false,"kind":"surface","placesEv":null,"heightMax":null,"relay":false,"prices":null,"pricesDate":null,"free":false,"motoPrices":null,"subscriptions":null,"info":[],"updated":null,"sources":["osm"],"pricesSource":null},"geometry":{"type":"Point","coordinates":[2.300797,48.845366]}},{"type":"Feature","properties":{"id":"osm:node/7146193453","name":"Parking Castorama","address":null,"arr":null,"operator":"Castorama","source":"osm","url":null,"phone":null,"public":false,"customersOnly":true,"hours":null,"places":20,"placesPmr":null,"placesMoto":null,"placesVelo":null,"motoAccess":null,"veloAccess":null,"covered":true,"kind":"underground","placesEv":null,"heightMax":null,"relay":false,"prices":null,"pricesDate":null,"free":false,"motoPrices":null,"subscriptions":null,"info":[],"updated":null,"sources":["osm"],"pricesSource":null},"geometry":{"type":"Point","coordinates":[2.400751,48.848758]}},{"type":"Feature","properties":{"id":"osm:node/7834937722","name":"Zenpark Terre Neuve","address":"133 Rue de Terre-Neuve","arr":null,"operator":"Zenpark","source":"osm","url":null,"phone":null,"public":true,"customersOnly":false,"hours":null,"places":null,"placesPmr":null,"placesMoto":null,"placesVelo":null,"motoAccess":null,"veloAccess":null,"covered":true,"kind":"underground","placesEv":null,"heightMax":null,"relay":false,"prices":null,"pricesDate":null,"free":false,"motoPrices":null,"subscriptions":null,"info":[],"updated":null,"sources":["osm"],"pricesSource":null},"geometry":{"type":"Point","coordinates":[2.398097,48.854484]}},{"type":"Feature","properties":{"id":"osm:node/8301096322","name":"Q-Park Cardinet","address":null,"arr":null,"operator":"Q-Park","source":"osm","url":"https://www.q-park.fr/fr-fr/villes/paris/Cardinet-Batignolles/?utm_campaign=partoo&utm_medium=partoo&utm_source=partoo","phone":null,"public":false,"customersOnly":true,"hours":null,"places":199,"placesPmr":null,"placesMoto":null,"placesVelo":null,"motoAccess":null,"veloAccess":null,"covered":true,"kind":"underground","placesEv":null,"heightMax":1.9,"relay":false,"prices":null,"pricesDate":null,"free":false,"motoPrices":null,"subscriptions":null,"info":[],"updated":null,"sources":["osm"],"pricesSource":null},"geometry":{"type":"Point","coordinates":[2.315237,48.888705]}},{"type":"Feature","properties":{"id":"osm:node/9033444315","name":"Riquet","address":null,"arr":null,"operator":"Interparking","source":"osm","url":"https://www.interparking.fr/fr-FR/find-parking/Riquet-BassindelaVilette/","phone":null,"public":true,"customersOnly":false,"hours":null,"places":null,"placesPmr":null,"placesMoto":null,"placesVelo":null,"motoAccess":null,"veloAccess":null,"covered":true,"kind":"underground","placesEv":null,"heightMax":null,"relay":false,"prices":null,"pricesDate":null,"free":false,"motoPrices":null,"subscriptions":null,"info":[],"updated":null,"sources":["osm"],"pricesSource":null},"geometry":{"type":"Point","coordinates":[2.376001,48.887895]}},{"type":"Feature","properties":{"id":"osm:node/9819938605","name":"Parking Paris 13","address":null,"arr":null,"operator":null,"source":"osm","url":null,"phone":null,"public":true,"customersOnly":false,"hours":null,"places":null,"placesPmr":null,"placesMoto":null,"placesVelo":null,"motoAccess":null,"veloAccess":null,"covered":true,"kind":"underground","placesEv":null,"heightMax":null,"relay":false,"prices":null,"pricesDate":null,"free":false,"motoPrices":null,"subscriptions":null,"info":[],"updated":null,"sources":["osm"],"pricesSource":null},"geometry":{"type":"Point","coordinates":[2.355516,48.835151]}},{"type":"Feature","properties":{"id":"osm:node/9896315787","name":"Parking Ledru Rollin","address":null,"arr":null,"operator":null,"source":"osm","url":"https://parkingledrurollin.fr/","phone":null,"public":true,"customersOnly":false,"hours":"24 h/24","places":null,"placesPmr":null,"placesMoto":null,"placesVelo":null,"motoAccess":null,"veloAccess":null,"covered":true,"kind":"underground","placesEv":null,"heightMax":null,"relay":false,"prices":null,"pricesDate":null,"free":false,"motoPrices":null,"subscriptions":null,"info":[],"updated":null,"sources":["osm"],"pricesSource":null,"estimate":{"60":5.1,"1440":45.9,"n":2,"radiusM":1000}},"geometry":{"type":"Point","coordinates":[2.377136,48.853988]}},{"type":"Feature","properties":{"id":"osm:node/10222557617","name":"Parking Raspail","address":null,"arr":null,"operator":null,"source":"osm","url":null,"phone":null,"public":true,"customersOnly":false,"hours":null,"places":null,"placesPmr":null,"placesMoto":null,"placesVelo":null,"motoAccess":null,"veloAccess":null,"covered":false,"kind":"surface","placesEv":null,"heightMax":null,"relay":false,"prices":null,"pricesDate":null,"free":false,"motoPrices":null,"subscriptions":null,"info":[],"updated":null,"sources":["osm"],"pricesSource":null,"estimate":{"60":5.3,"1440":47.7,"n":4,"radiusM":1000}},"geometry":{"type":"Point","coordinates":[2.326131,48.852949]}},{"type":"Feature","properties":{"id":"osm:node/10770520537","name":"Parking Lodge In","address":null,"arr":null,"operator":"Lodge In","source":"osm","url":null,"phone":null,"public":false,"customersOnly":true,"hours":null,"places":20,"placesPmr":null,"placesMoto":null,"placesVelo":null,"motoAccess":null,"veloAccess":null,"covered":true,"kind":"underground","placesEv":null,"heightMax":2.1,"relay":false,"prices":null,"pricesDate":null,"free":false,"motoPrices":null,"subscriptions":null,"info":[],"updated":null,"sources":["osm"],"pricesSource":null},"geometry":{"type":"Point","coordinates":[2.376854,48.821049]}},{"type":"Feature","properties":{"id":"osm:node/11136693111","name":"Location Parking","address":null,"arr":null,"operator":"Onepark","source":"osm","url":"https://www.onepark.fr/parkings/7244-parking-immeuble-3-rue-robineau-couvert?offer_id=565087618","phone":null,"public":false,"customersOnly":true,"hours":null,"places":null,"placesPmr":null,"placesMoto":null,"placesVelo":null,"motoAccess":null,"veloAccess":null,"covered":true,"kind":"underground","placesEv":null,"heightMax":null,"relay":false,"prices":null,"pricesDate":null,"free":false,"motoPrices":null,"subscriptions":null,"info":[],"updated":null,"sources":["osm"],"pricesSource":null},"geometry":{"type":"Point","coordinates":[2.392429,48.864636]}},{"type":"Feature","properties":{"id":"osm:node/12676357294","name":"Parking P6 (Paris Expo)","address":"Pl. des Insurgés de Varsovie","arr":null,"operator":null,"source":"osm","url":null,"phone":null,"public":true,"customersOnly":false,"hours":null,"places":null,"placesPmr":null,"placesMoto":null,"placesVelo":null,"motoAccess":null,"veloAccess":null,"covered":true,"kind":"underground","placesEv":null,"heightMax":null,"relay":false,"prices":null,"pricesDate":null,"free":false,"motoPrices":null,"subscriptions":null,"info":[],"updated":null,"sources":["osm"],"pricesSource":null},"geometry":{"type":"Point","coordinates":[2.29166,48.827973]}},{"type":"Feature","properties":{"id":"osm:node/12812206720","name":"Indigo","address":null,"arr":null,"operator":"Indigo","source":"osm","url":null,"phone":null,"public":true,"customersOnly":false,"hours":null,"places":null,"placesPmr":null,"placesMoto":null,"placesVelo":null,"motoAccess":null,"veloAccess":null,"covered":true,"kind":"underground","placesEv":null,"heightMax":null,"relay":false,"prices":null,"pricesDate":null,"free":false,"motoPrices":null,"subscriptions":null,"info":[],"updated":null,"sources":["osm"],"pricesSource":null,"estimate":{"60":5.25,"1440":47.25,"n":6,"radiusM":1000}},"geometry":{"type":"Point","coordinates":[2.351153,48.866805]}},{"type":"Feature","properties":{"id":"osm:node/13004593784","name":"Parking Paris Parc des Princes - Porte de Saint-Cloud","address":null,"arr":null,"operator":"Zenpark","source":"osm","url":null,"phone":null,"public":false,"customersOnly":true,"hours":null,"places":null,"placesPmr":null,"placesMoto":null,"placesVelo":null,"motoAccess":null,"veloAccess":null,"covered":true,"kind":"multi-storey","placesEv":null,"heightMax":null,"relay":false,"prices":null,"pricesDate":null,"free":false,"motoPrices":null,"subscriptions":null,"info":[],"updated":null,"sources":["osm"],"pricesSource":null},"geometry":{"type":"Point","coordinates":[2.257589,48.838729]}},{"type":"Feature","properties":{"id":"osm:node/14020831079","name":"Parking Maine Montparnasse","address":null,"arr":null,"operator":null,"source":"osm","url":null,"phone":null,"public":false,"customersOnly":true,"hours":null,"places":null,"placesPmr":null,"placesMoto":null,"placesVelo":null,"motoAccess":null,"veloAccess":null,"covered":true,"kind":"underground","placesEv":null,"heightMax":21.1,"relay":false,"prices":null,"pricesDate":null,"free":false,"motoPrices":null,"subscriptions":null,"info":[],"updated":null,"sources":["osm"],"pricesSource":null},"geometry":{"type":"Point","coordinates":[2.320156,48.839221]}},{"type":"Feature","properties":{"id":"osm:node/14020831091","name":"Parking Gare Montparnasse Catalogne","address":"40 Rue du Commandant René Mouchotte","arr":null,"operator":"Effia","source":"osm","url":"https://zenpark.com/parkings/paris-gare-montparnasse","phone":"0 811 69 06 06","public":false,"customersOnly":true,"hours":null,"places":100,"placesPmr":null,"placesMoto":null,"placesVelo":null,"motoAccess":null,"veloAccess":null,"covered":true,"kind":"underground","placesEv":null,"heightMax":1.9,"relay":false,"prices":null,"pricesDate":null,"free":false,"motoPrices":null,"subscriptions":null,"info":[],"updated":null,"sources":["osm"],"pricesSource":null},"geometry":{"type":"Point","coordinates":[2.318907,48.838199]}},{"type":"Feature","properties":{"id":"osm:way/25061740","name":"Paris Redele","address":"11 Rue Forest","arr":null,"operator":null,"source":"osm","url":"https://www.redele-automobiles.fr","phone":"+33 1 43 87 57 18","public":false,"customersOnly":true,"hours":null,"places":500,"placesPmr":null,"placesMoto":null,"placesVelo":null,"motoAccess":null,"veloAccess":null,"covered":true,"kind":"multi-storey","placesEv":null,"heightMax":null,"relay":false,"prices":null,"pricesDate":null,"free":false,"motoPrices":null,"subscriptions":null,"info":[],"updated":null,"sources":["osm"],"pricesSource":null},"geometry":{"type":"Point","coordinates":[2.328772,48.885276]}},{"type":"Feature","properties":{"id":"osm:way/25061802","name":"Parking Clichy-Montmartre","address":null,"arr":null,"operator":null,"source":"osm","url":null,"phone":null,"public":true,"customersOnly":false,"hours":null,"places":null,"placesPmr":null,"placesMoto":null,"placesVelo":null,"motoAccess":null,"veloAccess":null,"covered":true,"kind":"underground","placesEv":null,"heightMax":null,"relay":false,"prices":null,"pricesDate":null,"free":false,"motoPrices":null,"subscriptions":null,"info":[],"updated":null,"sources":["osm"],"pricesSource":null},"geometry":{"type":"Point","coordinates":[2.330021,48.88531]}},{"type":"Feature","properties":{"id":"osm:way/67843980","name":"Parking du Pont de l'Europe","address":null,"arr":null,"operator":null,"source":"osm","url":null,"phone":null,"public":true,"customersOnly":false,"hours":null,"places":null,"placesPmr":null,"placesMoto":null,"placesVelo":null,"motoAccess":null,"veloAccess":null,"covered":true,"kind":"multi-storey","placesEv":null,"heightMax":null,"relay":false,"prices":null,"pricesDate":null,"free":false,"motoPrices":null,"subscriptions":null,"info":[],"updated":null,"sources":["osm"],"pricesSource":null,"estimate":{"60":5.15,"1440":46.35,"n":4,"radiusM":1000}},"geometry":{"type":"Point","coordinates":[2.322162,48.881262]}},{"type":"Feature","properties":{"id":"osm:way/75749120","name":"Parking","address":null,"arr":null,"operator":null,"source":"osm","url":null,"phone":null,"public":true,"customersOnly":false,"hours":null,"places":null,"placesPmr":null,"placesMoto":null,"placesVelo":null,"motoAccess":null,"veloAccess":null,"covered":true,"kind":"multi-storey","placesEv":null,"heightMax":null,"relay":false,"prices":null,"pricesDate":null,"free":false,"motoPrices":null,"subscriptions":null,"info":[],"updated":null,"sources":["osm"],"pricesSource":null,"estimate":{"60":5.05,"1440":45.45,"n":2,"radiusM":1000}},"geometry":{"type":"Point","coordinates":[2.321959,48.887288]}},{"type":"Feature","properties":{"id":"osm:way/243245757","name":"Dépose minute","address":null,"arr":null,"operator":null,"source":"osm","url":null,"phone":null,"public":false,"customersOnly":true,"hours":null,"places":null,"placesPmr":null,"placesMoto":null,"placesVelo":null,"motoAccess":null,"veloAccess":null,"covered":true,"kind":"underground","placesEv":null,"heightMax":null,"relay":false,"prices":null,"pricesDate":null,"free":false,"motoPrices":null,"subscriptions":null,"info":[],"updated":null,"sources":["osm"],"pricesSource":null},"geometry":{"type":"Point","coordinates":[2.358969,48.87624]}},{"type":"Feature","properties":{"id":"osm:way/369434375","name":"Parking Vinci","address":null,"arr":null,"operator":"Vinci","source":"osm","url":null,"phone":null,"public":true,"customersOnly":false,"hours":null,"places":null,"placesPmr":null,"placesMoto":null,"placesVelo":null,"motoAccess":null,"veloAccess":null,"covered":false,"kind":"surface","placesEv":null,"heightMax":null,"relay":false,"prices":null,"pricesDate":null,"free":false,"motoPrices":null,"subscriptions":null,"info":[],"updated":null,"sources":["osm"],"pricesSource":null,"estimate":{"60":5.4,"1440":48.6,"n":3,"radiusM":1000}},"geometry":{"type":"Point","coordinates":[2.303924,48.853793]}},{"type":"Feature","properties":{"id":"osm:way/409819224","name":"Parking Pasteur","address":null,"arr":null,"operator":null,"source":"osm","url":null,"phone":null,"public":true,"customersOnly":false,"hours":null,"places":null,"placesPmr":null,"placesMoto":null,"placesVelo":null,"motoAccess":null,"veloAccess":null,"covered":true,"kind":"underground","placesEv":null,"heightMax":null,"relay":false,"prices":null,"pricesDate":null,"free":false,"motoPrices":null,"subscriptions":null,"info":[],"updated":null,"sources":["osm"],"pricesSource":null},"geometry":{"type":"Point","coordinates":[2.319121,48.840028]}},{"type":"Feature","properties":{"id":"osm:way/479525635","name":"Parking SNCF","address":null,"arr":null,"operator":"SNCF","source":"osm","url":null,"phone":null,"public":false,"customersOnly":true,"hours":null,"places":null,"placesPmr":null,"placesMoto":null,"placesVelo":null,"motoAccess":null,"veloAccess":null,"covered":true,"kind":"rooftop","placesEv":null,"heightMax":null,"relay":false,"prices":null,"pricesDate":null,"free":false,"motoPrices":null,"subscriptions":null,"info":[],"updated":null,"sources":["osm"],"pricesSource":null},"geometry":{"type":"Point","coordinates":[2.384489,48.838125]}},{"type":"Feature","properties":{"id":"osm:way/505704034","name":"Parking handicapé","address":"1 Allée de Parking - Bateaux parisiens","arr":null,"operator":"Bateaux Parisiens","source":"osm","url":null,"phone":null,"public":false,"customersOnly":true,"hours":null,"places":1,"placesPmr":null,"placesMoto":null,"placesVelo":null,"motoAccess":null,"veloAccess":null,"covered":false,"kind":"surface","placesEv":null,"heightMax":null,"relay":false,"prices":null,"pricesDate":null,"free":false,"motoPrices":null,"subscriptions":null,"info":[],"updated":null,"sources":["osm"],"pricesSource":null},"geometry":{"type":"Point","coordinates":[2.293802,48.860283]}},{"type":"Feature","properties":{"id":"osm:way/652823281","name":"Parking SNCF","address":null,"arr":null,"operator":"SNCF","source":"osm","url":null,"phone":null,"public":false,"customersOnly":true,"hours":null,"places":null,"placesPmr":null,"placesMoto":null,"placesVelo":null,"motoAccess":null,"veloAccess":null,"covered":true,"kind":"rooftop","placesEv":null,"heightMax":null,"relay":false,"prices":null,"pricesDate":null,"free":false,"motoPrices":null,"subscriptions":null,"info":[],"updated":null,"sources":["osm"],"pricesSource":null},"geometry":{"type":"Point","coordinates":[2.382953,48.838478]}},{"type":"Feature","properties":{"id":"osm:way/688964943","name":"Parking Vinci","address":null,"arr":null,"operator":"Vinci","source":"osm","url":null,"phone":null,"public":true,"customersOnly":false,"hours":null,"places":null,"placesPmr":null,"placesMoto":null,"placesVelo":null,"motoAccess":null,"veloAccess":null,"covered":false,"kind":"surface","placesEv":null,"heightMax":null,"relay":false,"prices":null,"pricesDate":null,"free":false,"motoPrices":null,"subscriptions":null,"info":[],"updated":null,"sources":["osm"],"pricesSource":null},"geometry":{"type":"Point","coordinates":[2.300932,48.851554]}},{"type":"Feature","properties":{"id":"osm:relation/5558286","name":"Parking Joffre","address":null,"arr":null,"operator":"Vinci","source":"osm","url":null,"phone":null,"public":true,"customersOnly":false,"hours":null,"places":null,"placesPmr":null,"placesMoto":null,"placesVelo":null,"motoAccess":null,"veloAccess":null,"covered":true,"kind":"underground","placesEv":null,"heightMax":null,"relay":false,"prices":null,"pricesDate":null,"free":false,"motoPrices":null,"subscriptions":null,"info":[],"updated":null,"sources":["osm"],"pricesSource":null},"geometry":{"type":"Point","coordinates":[2.303138,48.853115]}},{"type":"Feature","properties":{"id":"osm:relation/6037520","name":"Parking","address":null,"arr":null,"operator":null,"source":"osm","url":null,"phone":null,"public":true,"customersOnly":false,"hours":null,"places":null,"placesPmr":null,"placesMoto":null,"placesVelo":null,"motoAccess":null,"veloAccess":null,"covered":true,"kind":"underground","placesEv":null,"heightMax":null,"relay":false,"prices":null,"pricesDate":null,"free":false,"motoPrices":null,"subscriptions":null,"info":[],"updated":null,"sources":["osm"],"pricesSource":null,"estimate":{"60":5,"1440":45,"n":5,"radiusM":1000}},"geometry":{"type":"Point","coordinates":[2.359197,48.877481]}},{"type":"Feature","properties":{"id":"osm:relation/6056803","name":"Parking Gare du Nord","address":null,"arr":null,"operator":"SNCF","source":"osm","url":null,"phone":null,"public":true,"customersOnly":false,"hours":null,"places":null,"placesPmr":null,"placesMoto":null,"placesVelo":null,"motoAccess":null,"veloAccess":null,"covered":true,"kind":"underground","placesEv":null,"heightMax":null,"relay":false,"prices":null,"pricesDate":null,"free":false,"motoPrices":null,"subscriptions":null,"info":[],"updated":null,"sources":["osm"],"pricesSource":null,"estimate":{"60":4.85,"1440":43.65,"n":6,"radiusM":1000}},"geometry":{"type":"Point","coordinates":[2.354406,48.881167]}},{"type":"Feature","properties":{"id":"osm:relation/19370535","name":"Saint-Placide","address":null,"arr":null,"operator":null,"source":"osm","url":"https://www.q-park-resa.fr/fr/parking/paris/saint-placide-141.html","phone":null,"public":true,"customersOnly":false,"hours":null,"places":207,"placesPmr":5,"placesMoto":null,"placesVelo":null,"motoAccess":null,"veloAccess":null,"covered":true,"kind":"underground","placesEv":null,"heightMax":1.9,"relay":false,"prices":null,"pricesDate":null,"free":false,"motoPrices":null,"subscriptions":null,"info":[],"updated":null,"sources":["osm"],"pricesSource":null,"estimate":{"60":5.2,"1440":46.8,"n":5,"radiusM":1000}},"geometry":{"type":"Point","coordinates":[2.326123,48.847934]}}]}